{
  "durations": [
    8.5,
    8.475,
    8.45,
    8.425,
    8.4,
    8.375,
    8.35,
    8.325,
    8.3,
    8.275,
    8.25,
    8.225,
    8.2,
    8.175,
    8.15,
    8.125,
    8.1,
    8.075,
    8.05,
    8.025,
    8.0,
    7.975,
    7.95,
    7.925,
    7.9,
    7.875,
    7.85,
    7.825,
    7.8,
    7.775,
    7.75,
    7.725,
    7.7,
    7.675,
    7.65,
    7.625,
    7.6,
    7.575,
    7.55,
    7.525,
    7.5
  ],
  "fidelities": [
    0.9999999332072183,
    0.9999998998913743,
    0.9999999840541962,
    0.9999999843465058,
    0.9999999972587155,
    0.9999999980255513,
    0.9999999867083791,
    0.9999999832339601,
    0.9999999887647253,
    0.9999999873410301,
    0.9999999747368953,
    0.9999999916100577,
    0.999999995797757,
    0.9999999634350587,
    0.9999999908053567,
    0.9999999731565264,
    0.9999999918384324,
    0.9999999997829334,
    0.9999999993387834,
    0.9999999972744543,
    0.9999999970129722,
    0.9999999967002566,
    0.9999999938963186,
    0.9999999920364658,
    0.9999999953288039,
    0.9999999960177804,
    0.9999999799980372,
    0.9999999917419047,
    0.999999963221811,
    0.9999999923391709,
    0.9999999972345869,
    0.9999999631217683,
    0.9999996482384015,
    0.9999732858115268,
    0.9999498015169292,
    0.9998393541650483,
    0.9996660266231757,
    0.9994194946205834,
    0.9991065278535564,
    0.9987279259229599,
    0.9982844840890902
  ],
  "best_duration": 7.65,
  "best_fidelity": 0.9999999997829334,
  "target_reached": true
}