{
  "durations": [
    8.5,
    8.3,
    8.1,
    7.9,
    7.7,
    7.5
  ],
  "fidelities": [
    0.9708168695369286,
    0.9978882424172124,
    0.9945299843844767,
    0.9871998374504898,
    0.9768895046183541,
    0.9645274735283424
  ],
  "best_duration": null,
  "best_fidelity": 0.9978882424172124,
  "target_reached": false
}