{
  "ctrl_x": [
    0.9930271202422639,
    0.9933041944380042,
    0.9903879405254992,
    0.9771989824171782,
    0.9689636812389153,
    0.9959227616528599,
    0.9918596102644798,
    0.989559078286447,
    0.9858740157355,
    0.968296497881967,
    0.9512930716541259,
    0.9146015431647244,
    0.8964993893087366,
    0.8805614801273044,
    0.8935352522418533,
    0.8932540903433964,
    0.8913983427045622,
    0.9077003444917155,
    0.9242151858690889,
    0.9612436780012973,
    1.0,
    1.0,
    1.0,
    1.0,
    1.0,
    1.0,
    1.0,
    1.0,
    1.0,
    1.0,
    1.0,
    1.0,
    0.9976629522381376,
    0.9798764655461627,
    1.0,
    1.0,
    1.0,
    0.99783685712061,
    0.9958624698533294,
    0.9789139161291789,
    0.9516538201788757,
    0.9859144519769222,
    1.0,
    1.0,
    1.0,
    1.0,
    1.0,
    0.9961050459332935,
    0.9783852891708025,
    0.9361028260385724,
    0.880412115322546,
    0.8190330094526956,
    0.7926094976290372,
    0.6936898108268964,
    0.6823033301686117,
    0.5563384811820086,
    0.5466295048163167,
    0.6171354619300443,
    0.6299261280090324,
    0.63485151683139,
    0.6033522382234935,
    0.586101371935755,
    0.5898089210975427,
    0.554848946133033,
    0.5761223426938971,
    0.6442724443871347,
    0.6428735061470215,
    0.6932116447795131,
    0.7083727320778123,
    0.6446389674995014,
    0.6354700551663605,
    0.7108459238764737,
    0.6544563754222259,
    0.6474082632517839,
    0.6430716995458622,
    0.6707963317606799,
    0.6525091387822395,
    0.6744333885822404,
    0.6561951892988325,
    0.7228228184219622,
    0.6694734970949229,
    0.6785009464808799,
    0.6397933719801064,
    0.6402705219658609,
    0.5469762724598325,
    0.4931390641806468,
    0.45524425455280426,
    0.4631375723947087,
    0.5252033256428461,
    0.5900190873365614,
    0.6208078202904378,
    0.66984458328386,
    0.6386267786299937,
    0.6544393659382757,
    0.7311788523482545,
    0.7399661175028135,
    0.7111794881407649,
    0.6592335494542253,
    0.6496538845304459,
    0.6222288721857203
  ],
  "ctrl_y": [
    1.0,
    1.0,
    1.0,
    1.0,
    1.0,
    1.0,
    1.0,
    1.0,
    1.0,
    0.9953669341790525,
    0.9950883952926066,
    1.0,
    1.0,
    1.0,
    1.0,
    1.0,
    1.0,
    1.0,
    1.0,
    1.0,
    0.9959340487939525,
    0.9912025296260187,
    1.0,
    0.9970073404018692,
    1.0,
    1.0,
    1.0,
    1.0,
    1.0,
    1.0,
    1.0,
    0.9963732585508516,
    0.9749381847052303,
    0.9574206035716568,
    0.8925857381627071,
    0.8432653634102846,
    0.8142258284696255,
    0.7760979366432937,
    0.7236919550848103,
    0.6790731350422533,
    0.6295764094273736,
    0.46001843882777965,
    0.2739715263048471,
    0.13062905476505324,
    -0.07055179706810295,
    -0.159964859264407,
    -0.28484978107476006,
    -0.4020347649327738,
    -0.5129021495526189,
    -0.6230210208209276,
    -0.7272698558435186,
    -0.8141862467928183,
    -0.8514310658444865,
    -0.9320610489838164,
    -0.9331391544803673,
    -0.9951743697109984,
    -1.0,
    -0.9782638248766131,
    -0.988704357491358,
    -0.9909902818701893,
    -1.0,
    -0.9962023070045705,
    -0.9837549931439604,
    -1.0,
    -1.0,
    -0.9729709902938322,
    -0.9856853724299987,
    -0.9678150903125744,
    -0.9498456220872928,
    -1.0,
    -0.9935019149869599,
    -0.9595163533722795,
    -0.9992114242780252,
    -1.0,
    -1.0,
    -0.9980140464566039,
    -1.0,
    -0.999395941459156,
    -1.0,
    -0.9392681805317677,
    -0.9923689099496522,
    -0.9839663501883226,
    -0.9858287174552026,
    -0.957670316390764,
    -1.0,
    -1.0,
    -1.0,
    -1.0,
    -0.9964363020928227,
    -0.9859541355001687,
    -0.9892134142714342,
    -0.9756289218488277,
    -1.0,
    -1.0,
    -0.9415052416920208,
    -0.9350562126187439,
    -0.9442243933946468,
    -1.0,
    -1.0,
    -1.0
  ],
  "amplitudes": [
    1.4092916169255545,
    1.4094868650285934,
    1.4074332214134848,
    1.3981837687647387,
    1.3924405249632998,
    1.4113334642026523,
    1.408469199689509,
    1.4068500877560206,
    1.4042605082043862,
    1.3886516631133556,
    1.3766478934800856,
    1.3551737832319866,
    1.343023140169572,
    1.3324370605338134,
    1.3410463254484954,
    1.3408590044874997,
    1.3396234565639855,
    1.3505257921973868,
    1.3616804727214953,
    1.3870794528423604,
    1.4113414291188064,
    1.408006553513519,
    1.4142135623730951,
    1.4120990180632549,
    1.4142135623730951,
    1.4142135623730951,
    1.4142135623730951,
    1.4142135623730951,
    1.4142135623730951,
    1.4142135623730951,
    1.4142135623730951,
    1.4116513983116519,
    1.3949321955797156,
    1.3699679192867094,
    1.3404138539911712,
    1.308088862855838,
    1.2895594983353997,
    1.2641227791200957,
    1.2310451270026004,
    1.1913911103946846,
    1.1410571627961992,
    1.0879541675449855,
    1.0368511933859206,
    1.0084958849439154,
    1.0024856887105864,
    1.0127135607858135,
    1.0397785330436182,
    1.0741774596165754,
    1.10467478883223,
    1.1244748522319885,
    1.1419487449204417,
    1.1548654965145142,
    1.1632560662282543,
    1.1618706264803613,
    1.1559785966805407,
    1.140124787807715,
    1.1396507427873381,
    1.1566573777198803,
    1.1723238602326793,
    1.1769019445919333,
    1.1679186287448708,
    1.1558260486189964,
    1.147017196881512,
    1.1436159114951738,
    1.1540870650653288,
    1.166944527623286,
    1.1768015968412984,
    1.1904656372590745,
    1.1849044827958835,
    1.1897728347961316,
    1.179350773135751,
    1.1941413483673675,
    1.1944608062797695,
    1.191275559778967,
    1.188924392363452,
    1.2024972996345016,
    1.1940553488822618,
    1.2056751815640712,
    1.1960736291963512,
    1.185199367950779,
    1.197075944435927,
    1.1952210308885878,
    1.17524202570749,
    1.151989052115697,
    1.139817109291685,
    1.1149825723395699,
    1.0987480745390812,
    1.1020419279517744,
    1.1263764190512533,
    1.1490117844179641,
    1.1678807853151418,
    1.1834456298886882,
    1.186526090055892,
    1.1951112432278814,
    1.1920799613511088,
    1.1924260881954476,
    1.182089662180348,
    1.1977432415697518,
    1.1924974505991608,
    1.1777812909795746
  ],