{
  "ctrl_x": [
    1.0,
    1.0,
    1.0,
    1.0,
    1.0,
    1.0,
    1.0,
    1.0,
    1.0,
    1.0,
    1.0,
    1.0,
    1.0,
    1.0,
    1.0,
    1.0,
    1.0,
    1.0,
    1.0,
    1.0,
    1.0,
    1.0,
    1.0,
    1.0,
    1.0,
    1.0,
    1.0,
    1.0,
    1.0,
    1.0,
    1.0,
    1.0,
    1.0,
    1.0,
    1.0,
    0.984161074682674,
    0.9641338830345162,
    0.9620878722459102,
    0.9575148995032355,
    0.9818852034076141,
    0.9903572707648961,
    1.0,
    1.0,
    1.0,
    1.0,
    1.0,
    1.0,
    1.0,
    1.0,
    1.0,
    1.0,
    1.0,
    1.0,
    1.0,
    1.0,
    1.0,
    1.0,
    1.0,
    0.9867122461200905,
    0.98927961109862,
    0.9639630642993295,
    0.9433227265798645,
    0.9369407136495433,
    0.961913045830248,
    0.9826660074212266,
    1.0,
    1.0,
    1.0,
    1.0,
    1.0,
    1.0,
    1.0,
    1.0,
    1.0,
    1.0,
    1.0,
    1.0,
    1.0,
    1.0,
    1.0,
    1.0,
    1.0,
    1.0,
    1.0,
    1.0,
    1.0,
    1.0,
    1.0,
    1.0,
    1.0,
    1.0,
    1.0,
    1.0,
    1.0,
    1.0,
    1.0,
    1.0,
    1.0,
    1.0,
    1.0
  ],
  "ctrl_y": [
    -0.3555027945920088,
    -0.3205106707575042,
    -0.27756547053794894,
    -0.22588594272314247,
    -0.14912538721120008,
    -0.04456993939401185,
    0.06044989112844441,
    0.16830400695975897,
    0.27476398180087924,
    0.35874777630690446,
    0.4309454964779724,
    0.4942354588619572,
    0.5528795670274176,
    0.6060929603018708,
    0.6559922529234852,
    0.7032125638118497,
    0.747117480373768,
    0.7877065536756009,
    0.8256234430843938,
    0.8609291676730485,
    0.8931937557004244,
    0.9221167358569543,
    0.9477289793071575,
    0.9699448659695841,
    0.9883523408107594,
    1.0,
    1.0,
    1.0,
    1.0,
    1.0,
    1.0,
    1.0,
    1.0,
    1.0,
    1.0,
    1.0,
    1.0,
    0.9787729928948781,
    0.9553978001547686,
    0.8973329809690358,
    0.8495677777658004,
    0.7938256311733226,
    0.743395261846778,
    0.6854436476061727,
    0.6189145007912394,
    0.5425603700507613,
    0.4511661484747273,
    0.3345799406000123,
    0.21049163817101843,
    0.08137838749874551,
    -0.04770332357789988,
    -0.17857902928693395,
    -0.30415250022989876,
    -0.4221575383811253,
    -0.5193256269127337,
    -0.6007049801740489,
    -0.6701398589225646,
    -0.7321396294880863,
    -0.8021895004463896,
    -0.8447935279540246,
    -0.9119045010457524,
    -0.9658824533703717,
    -1.0,
    -1.0,
    -1.0,
    -1.0,
    -1.0,
    -1.0,
    -1.0,
    -1.0,
    -1.0,
    -1.0,
    -1.0,
    -1.0,
    -1.0,
    -1.0,
    -0.985046160593189,
    -0.9665152650742301,
    -0.9440674332297821,
    -0.917915155969822,
    -0.8883573894330737,
    -0.8553944327488989,
    -0.819113197141132,
    -0.780171674980806,
    -0.7386136063974503,
    -0.6946139313299373,
    -0.6476147834533179,
    -0.5968015909370813,
    -0.5432599914757965,
    -0.48465186530404486,
    -0.4207325756902551,
    -0.34924631453995764,
    -0.2594135008669722,
    -0.1512082910346532,
    -0.04251262486630562,
    0.06273349725491775,
    0.16713246718247055,
    0.24441083999896748,
    0.3006411098710905,
    0.3395571996139559
  ],
  "amplitudes": [
    1.0613115645100302,
    1.050108132560369,
    1.0378066247788906,
    1.0251948395890036,
    1.011058050317038,
    1.0009927469755142,
    1.0018254285739812,
    1.014064218261699,
    1.037060868847665,
    1.0624029212145214,
    1.0889049641427144,
    1.1154679236968177,
    1.142661724062036,
    1.169336853317933,
    1.1959623053824187,
    1.2225006788966766,
    1.2482726182529391,
    1.272981388199958,
    1.2967860539697862,
    1.3195450093688386,
    1.3408188114813386,
    1.3602570619362666,
    1.3777482419580824,
    1.3931234844839686,
    1.4060015467936398,
    1.4142135623730951,
    1.4142135623730951,
    1.4142135623730951,
    1.4142135623730951,
    1.4142135623730951,
    1.4142135623730951,
    1.4142135623730951,
    1.4142135623730951,
    1.4142135623730951,
    1.4142135623730951,
    1.4030584524247576,
    1.3890839227401683,
    1.3724465911440997,
    1.3526343701500647,
    1.3301522587304009,
    1.304826782670717,
    1.2767768531375105,
    1.2460483599508647,
    1.2123666912463635,
    1.1760336556789814,
    1.1377045992478096,
    1.097064671534691,
    1.0544874283991763,
    1.0219132691867343,
    1.003305756961404,
    1.0011371569771934,
    1.0158200971141806,
    1.0452314305435417,
    1.0854570407031368,
    1.1268092592663161,
    1.166553244908223,
    1.2037804743875666,
    1.2393661432631409,
    1.271656027103942,
    1.3009036297160694,
    1.326949361641527,
    1.3501061736807363,
    1.370349554272236,
    1.3875434075150315,
    1.402010157645505,
    1.4142135623730951,
    1.4142135623730951,
    1.4142135623730951,
    1.4142135623730951,
    1.4142135623730951,
    1.4142135623730951,
    1.4142135623730951,
    1.4142135623730951,
    1.4142135623730951,
    1.4142135623730951,
    1.4142135623730951,
    1.4036794286799898,
    1.3907378464762903,
    1.3752320962241498,
    1.3574123299716645,
    1.337601903168632,
    1.315940589683976,
    1.2926509311220746,
    1.2683327017949022,
    1.2432015361780437,
    1.2175748492793497,
    1.191387807452841,
    1.164548040634233,
    1.1380384081120825,
    1.1112548899972003,
    1.0849036363875624,
    1.0592322635851605,
    1.0330998811499585,
    1.0113673651436557,
    1.0009032537028857,
    1.0019658136273077,
    1.0138704362917874,
    1.0294351163181683,
    1.0442150530156713,
    1.056077218677532
  ],
  "phases": [
    5.9416166568344835,
    5.9730191958802745,
    6.012435566615144,
    6.0610277719551435,
    6.135150836154006,
    6.238644845083519,
    0.06037642036440943,
    0.16674134104485436,
    0.2681467734273032,
    0.34444658348874746,
    0.4068957391088651,
    0.4590253508544525,
    0.5050513224246832,
    0.5448875778178629,
    0.5805761732183059,
    0.6128787949763457,
    0.6416537422974454,
    0.6671998580651294,
    0.6901708902910094,
    0.7108048893952693,
    0.7290419942598158,
    0.7449007883525146,
    0.7585676968399419,
    0.770142506812531,
    0.7795402851325749,
    0.7853981633974483,
    0.7853981633974483,
    0.7853981633974483,
    0.7853981633974483,
    0.7853981633974483,
    0.7853981633974483,
    0.7853981633974483,
    0.7853981633974483,
    0.7853981633974483,
    0.7853981633974483,
    0.7933806750476465,
    0.8036566597209724,
    0.7939947145117655,
    0.7842914226222675,
    0.7404351907136231,
    0.7090278395949747,
    0.6709647275455123,
    0.6392606583200549,
    0.6008896492604129,
    0.5542112525154835,
    0.49711346544832863,
    0.42382327285101823,
    0.32287208103527293,
    0.20746302031379035,
    0.08119945672188408,
    6.23551811895022,
    6.106469085283693,
    5.987923246851368,
    5.883724711677376,
    5.804196996945009,
    5.7422476003533145,
    5.6927820388296615,
    5.651213166656589,
    5.600572259742007,
    5.576403579421058,
    5.525531748967617,
    5.485971401215638,
    5.465242512349059,
    5.478376410617051,
    5.489044596682936,
    5.497787143782138,
    5.497787143782138,
    5.497787143782138,
    5.497787143782138,
    5.497787143782138,
    5.497787143782138,
    5.497787143782138,
    5.497787143782138,
    5.497787143782138,
    5.497787143782138,
    5.497787143782138,
    5.505320246456315,
    5.514812945698175,
    5.5265501076975125,
    5.540560036543954,
    5.556839951461062,
    5.5755678214670565,
    5.596898145662535,
    5.620652285735993,
    5.647011406506461,
    5.676083308119027,
    5.708488692424158,
    5.7451208971110255,
    5.785531489824105,
    5.831891423961841,
    5.884934751866171,
    5.947182080225854,
    6.029366689295197,
    6.133113866822548,
    6.240698265928394,
    0.06265139531600614,
    0.16560185446544795,
    0.2397113989312499,
    0.2920448648373831,
    0.32734153642602215
  ],