{
  "ctrl_x": [
    -0.0,
    0.031865812935466135,
    0.05829873314884286,
    -0.01615261046278265,
    0.41756296758861233,
    0.6986626146513965,
    0.7347839523560892,
    0.4628248641146014,
    -0.267060615438327,
    -0.6615083854951447,
    -0.825298012896269,
    -0.9974522365045433,
    0.5540655762437162,
    0.4091023142055091,
    -0.6536029762369655,
    -0.46918258891659403,
    0.06737139872555292,
    -0.1072646697666713,
    0.02360009637468839,
    0.0
  ],
  "ctrl_y": [
    0.0,
    0.13276247641674224,
    0.43662176046739043,
    0.8861304781177377,
    0.9086479891017156,
    0.7154512917651867,
    0.6783012187516431,
    0.886449742036908,
    0.9636797329412412,
    0.7499377680311927,
    0.5646974321789233,
    -0.07133747887390295,
    -0.8324730249213597,
    0.9124885185643142,
    0.7568375978069408,
    0.8831011823440859,
    0.8837133164707291,
    0.4272371643715579,
    -0.1344780302854318,
    -0.0
  ],
  "amplitudes": [
    0.0,
    0.13653316512241323,
    0.4404966560604101,
    0.8862776828251588,
    1.0,
    1.0,
    0.9999999999999999,
    1.0,
    0.9999999999999999,
    1.0,
    1.0,
    0.9999999999999999,
    1.0,
    1.0,
    1.0,
    1.0,
    0.8862776828251587,
    0.44049665606040944,
    0.13653316512241298,
    0.0
  ],
  "optimized_phase_rad_bounded": [
    2.1830385200059474,
    1.3352312720764754,
    1.4380591523716149,
    1.5890225612075266,
    1.1400347071931334,
    0.7972698296882337,
    0.7454482136171965,
    1.0896170529526632,
    1.8411378958512348,
    2.2936246554834643,
    2.541526062454193,
    -3.0701945292324044,
    -0.9835562478012605,
    1.149326259449623,
    2.283131602700138,
    2.059161262669548,
    1.4947067974484156,
    1.8167779084980502,
    -1.3970713153765306,
    -0.7436562401798117
  ],
  "theta0": 0.0,
  "theta1": 2.194377648392092,
  "fidelity": 0.9996972210978747,
  "process_fidelity": 0.9996961750980327,
  "leakage": 0.00029859490275696565,
  "objective": 0.0003027789021252669,
  "num_iter": 337,
  "num_fid_func_calls": 362,
  "wall_time": 416.2440127569971,
  "success": true,
  "termination_reason": "CONVERGENCE: RELATIVE REDUCTION OF F <= FACTR*EPSMCH",
  "pulse_validation": {
    "amplitude_starts_at_zero": true,
    "amplitude_ends_at_zero": true,
    "amplitude_within_bound": true,
    "phase_within_minus_pi_pi": true,
    "min_phase": -3.0701945292324044,
    "max_phase": 3.1231575116441945,
    "max_amplitude": 1.0
  },
  "fidelity_definition": "Ma2023 Methods Eq. 10 using a diagonal perfect-blockade channel",
  "phase_parameterization": "chebyshev_phase_rate",
  "phase_rate_chebyshev_coefficients": [
    -0.7434855124704894,
    -4.23031285529288,
    -3.2145279085435265,
    -5.685395602832773,
    -2.817510070157403,
    -5.6994711606683275,
    -3.5879293720470806,
    -6.237422085069765,
    -2.7907850082634718,
    -4.345751817026304,
    -0.5123593542888248,
    -2.3579701323476336,
    -0.6154144097954982,
    -1.1339123441422685
  ],
  "phase_origin": 1.6654519187314563,
  "reproduction_mode": "method_first_six_level",
  "dataverse_pulse_used_as_initial_condition": false,
  "dataverse_used_only_for_calibration_and_comparison": true,
  "source": {
    "doi": "10.7910/DVN/TJ6OIF",
    "article": "https://www.nature.com/articles/s41586-023-06438-1",
    "raw_files": [
      "Fig3.csv",
      "FigS2.csv",
      "FigS3v2.csv"
    ]
  },
  "model": {
    "name": "Ma2023PerfectBlockadeSixLevelModel",
    "phase_parameterization": "chebyshev",
    "basis": [
      "00",
      "0 r_-3/2",
      "0 r_1/2",
      "r_-3/2 0",
      "r_1/2 0",
      "01",
      "0 r_-1/2",
      "0 r_3/2",
      "r_-3/2 1",
      "r_1/2 1",
      "11",
      "1 r_-1/2",
      "1 r_3/2",
      "r_-1/2 1",
      "r_3/2 1",
      "loss"
    ],
    "delta_r_over_omega": 5.8,
    "delta_m_over_omega": 0.0,
    "include_loss_state": true,
    "noise": {
      "rydberg_decay_rate": 0.0,
      "rydberg_dephasing_rate": 0.0,
      "common_detuning": 0.0,
      "rabi_amplitude_scale": 1.0
    }
  },
  "calibration": {
    "uv_rabi_hz": 1590000.0,
    "uv_rabi_hz_max": 1590000.0,
    "blockade_shift_over_omega": 16.0,
    "nearby_rydberg_detuning_over_omega": 5.8,
    "rydberg_lifetime_s": 6.5e-05,
    "metastable_lifetime_s": 1.0,
    "rydberg_t2_s": null,
    "uv_pulse_area_fractional_rms": 0.0,
    "quasistatic_detuning_rms_hz": 0.0,
    "differential_detuning_rms_hz": 0.0,
    "blockade_shift_jitter_fractional_rms": 0.0,
    "off_resonant_leakage_per_gate": 0.0,
    "leakage_reference_t_omega": 7.612,
    "target_two_qubit_fidelity": 0.98,
    "target_dimensionless_duration": 12.387599999999999,
    "profile_name": "ma2023_dataverse_fig3",
    "effective_rabi_hz": 1590000.0,
    "target_gate_time_ns": 1239.967152858593
  },
  "fixed_amplitude_envelope": [
    0.0,
    0.13653316512241326,
    0.4404966560604101,
    0.8862776828251588,
    1.0,
    1.0,
    1.0,
    1.0,
    1.0,
    1.0,
    1.0,
    1.0,
    1.0,
    1.0,
    1.0,
    1.0,
    0.8862776828251586,
    0.44049665606040944,
    0.13653316512241298,
    0.0
  ],
  "transition_population_summary": {
    "00": {
      "final_computational_population": 0.9993833247682673,
      "final_rydberg_population": 0.0006166752317264539
    },
    "01": {
      "final_computational_population": 0.9998627075308705,
      "final_rydberg_population": 0.00013729246913250496
    },
    "11": {
      "final_computational_population": 0.9996968805589638,
      "final_rydberg_population": 0.00030311944103382174
    }
  },
  "initial_direct_result": null,
  "initial_chebyshev_result": "artifacts/ma2023_time_optimal_2q/from_method/ma2023_six_level_cheb13_N100_from_direct_ideal.json",
  "num_tslots": 20
}