{
  "ctrl_x": [
    -0.0,
    -0.015764834902064744,
    0.015217396732072825,
    0.06425483210025071,
    0.08778560096359495,
    0.029011124713336327,
    -0.0787687144860646,
    -0.22311837191273157,
    -0.29878274752055517,
    -0.3554611335501409,
    -0.4329518429909202,
    -0.5182404707798361,
    -0.2587890135827044,
    -0.4118875820154478,
    -0.7539849319485417,
    -0.5129011659673952,
    -0.2967495194482112,
    -0.5088223050809728,
    -0.9336392215885881,
    -0.9917627836265479,
    -1.0,
    -0.8512552509461276,
    -0.8465467726521063,
    -0.9999257836691158,
    -0.8480853982131974,
    -0.999989999501171,
    -0.5685230347911321,
    -0.8142058609869229,
    -0.9984653312928514,
    -0.9257668992651314,
    -0.6277356946493461,
    0.5919699133471894,
    -1.0,
    -1.0,
    -0.9999180383124748,
    -0.9996853370557025,
    -0.9820110412130211,
    -0.976907872219836,
    -0.9999993930670684,
    -0.9999947312093368,
    -0.9800970693772142,
    -0.9999999994968876,
    -0.9999961493875943,
    -0.9935606930837468,
    -1.0,
    -0.9686596565591178,
    -0.9927011713570749,
    -0.9999847055467036,
    -0.2918112766658528,
    0.06061954268445657,
    -0.53162314967216,
    -0.6393878764337647,
    -0.3338625926601301,
    0.015743607776750185,
    0.25486136738075105,
    0.08495895549940717,
    0.29658806906244,
    0.6425397256939991,
    0.09908240228041759,
    -0.9183080456649271,
    0.2819960109608098,
    0.8230916005424237,
    -0.7654785251083885,
    -0.7655779459200768,
    -0.3956775158410409,
    -0.5612063339951086,
    -1.0,
    -0.7801081794576068,
    -0.08709922789179564,
    0.016946840581309488,
    -0.03585113696732515,
    -0.172621964772237,
    -0.28335971493848927,
    -0.2915878249483831,
    -0.3411371726186456,
    -0.7338024462700622,
    -0.601691007765647,
    -0.7941775882763762,
    -0.9734996927622629,
    -0.9843028761302037,
    -0.9896069427132664,
    -0.8532660347475112,
    -0.7423787271612471,
    -0.8750617037435832,
    -0.7727086151296735,
    -0.7528829714718202,
    -0.6775422058336481,
    -0.2997011325475853,
    0.4274819092083257,
    0.44048438768189685,
    0.29467934885290453,
    0.10547704434497313,
    -0.034651510857401355,
    0.020899916045836665,
    0.12552284312458253,
    0.03862702578421705,
    -0.04621459441107739,
    -0.03766160519214953,
    -0.01655674500971308,
    -0.0
  ],
  "ctrl_y": [
    0.0,
    -0.005059227789623651,
    0.034528992144014684,
    -0.0027150887879851676,
    -0.04134334069985805,
    -0.13341536576126234,
    -0.16546825556502467,
    -0.08109266081835009,
    -3.659033353914997e-17,
    -0.09062650964978282,
    -0.08117884977732064,
    -6.346615337291438e-17,
    -0.5391695107818364,
    -0.5379736232236,
    -9.233652335161164e-17,
    -0.6455645790392803,
    -0.8351214604961296,
    -0.7863745701983685,
    -0.2751254099491204,
    0.07609304527940129,
    -1.2246467991473532e-16,
    -0.524751843957356,
    -0.5323143448304798,
    -0.012183068320610477,
    0.5298595637879554,
    0.004472236313979968,
    -0.822667344016937,
    -0.5805762791697088,
    0.055380341333873984,
    0.3780947609066065,
    0.7784265525167439,
    0.8059600620947176,
    -1.2246467991473532e-16,
    -1.2246467991473532e-16,
    -0.012802994076861425,
    -0.025084395065986236,
    0.1888235020746048,
    0.21366096787881658,
    -0.0011017556420545667,
    0.003246159818330818,
    -0.19851885199697314,
    -3.1721046298692436e-05,
    -0.0027751054005554156,
    -0.11330114367889094,
    -1.2246467991473532e-16,
    -0.2483917666807254,
    0.12060010110398518,
    0.005530702728626531,
    -0.9564759164822945,
    -0.9981609444597236,
    -0.8469810073033823,
    -0.7688843498664287,
    -0.9426217529965326,
    -0.9998760617267382,
    -0.9669776023346217,
    -0.9963844518459979,
    -0.9550055064185825,
    -0.7662523741595065,
    -0.9950792317993283,
    0.39586655992526343,
    -0.959415577214687,
    0.567908634479624,
    0.6434614421998308,
    -0.6433431500535278,
    -0.9183895161955318,
    -0.8276759333723378,
    -1.2246467991473532e-16,
    -0.6256446502155504,
    -0.9961996408856274,
    -0.9998563919855249,
    -0.9993571413554566,
    -0.9849881508313552,
    -0.9590136974777671,
    -0.9565440608471055,
    -0.940013526209999,
    -0.6793629146840976,
    -0.7987289472492907,
    -0.6076857397368468,
    -0.22868832106554934,
    -0.1764875294229281,
    -0.10030787337130284,
    -0.468308937811863,
    -0.5711032553409492,
    -0.14055299966670867,
    -0.2876501831483151,
    -0.04074934199724867,
    0.0018864826886346147,
    -0.5175468539731722,
    -0.2929716758557231,
    0.003287584053229821,
    -0.21847165279660752,
    -0.2795455657530278,
    -0.23485548816003263,
    -0.18206440478796634,
    -0.053715184373373685,
    0.08901424849893123,
    -0.04472433810329299,
    0.0023289388427745073,
    -2.0276164780444036e-18,
    0.0
  ],
  "amplitudes": [
    0.0,
    0.01655674500971308,
    0.037733545576618274,
    0.06431216957433523,
    0.0970339299253826,
    0.13653316512241326,
    0.18326007197837582,
    0.23739803605672052,
    0.29878274752055517,
    0.3668320892670832,
    0.4404966560604101,
    0.5182404707798361,
    0.5980597920842313,
    0.677544832098113,
    0.7539849319485417,
    0.8245127238320078,
    0.8862776828251588,
    0.9366349890979855,
    0.9733325163006815,
    0.9946776214063389,
    1.0,
    1.0,
    1.0,
    1.0,
    1.0,
    1.0,
    1.0,
    1.0,
    0.9999999999999999,
    1.0,
    1.0,
    1.0,
    1.0,
    1.0,
    1.0,
    1.0,
    1.0,
    1.0,
    1.0,
    0.9999999999999999,
    0.9999999999999999,
    0.9999999999999999,
    1.0,
    1.0,
    1.0,
    0.9999999999999999,
    1.0,
    1.0,
    1.0,
    1.0,
    1.0,
    1.0,
    1.0,
    1.0,
    1.0,
    1.0,
    0.9999999999999999,
    1.0,
    0.9999999999999999,
    1.0,
    1.0,
    1.0,
    1.0,
    1.0,
    1.0,
    1.0,
    1.0,
    1.0,
    1.0,
    1.0,
    1.0,
    0.9999999999999999,
    1.0,
    1.0,
    1.0,
    1.0,
    1.0,
    1.0,
    1.0,
    1.0,
    0.9946776214063386,
    0.9733325163006814,
    0.9366349890979851,
    0.8862776828251585,
    0.824512723832008,
    0.7539849319485412,
    0.677544832098113,
    0.5980597920842308,
    0.518240470779836,
    0.44049665606040944,
    0.3668320892670831,
    0.29878274752055517,
    0.2373980360567202,
    0.18326007197837582,
    0.13653316512241298,
    0.09703392992538254,
    0.06431216957433523,
    0.037733545576618274,
    0.01655674500971308,
    0.0
  ],