{
  "ctrl_x": [
    0.0,
    0.05523846370830983,
    0.1751976031307553,
    0.38901432685203596,
    0.6583047353149267,
    0.7548209544831951,
    0.5069761921266226,
    0.16583391536249523,
    -0.01718704876350149,
    -0.08144200426743682,
    -0.05412889046112629,
    0.09028088260710529,
    0.3074773938265817,
    0.5618613825718364,
    0.8175008301721015,
    0.9774554413983453,
    0.9755413004738127,
    0.8124551832095159,
    0.5572305799309857,
    0.301557431805285,
    0.09005821877887865,
    -0.05413082148924919,
    -0.08099451590502613,
    -0.013252143756876509,
    0.1689799732971982,
    0.5114123582724924,
    0.7603330018277789,
    0.6587671907684172,
    0.3875990682985816,
    0.17435012479895945,
    0.05549685417792453,
    0.0
  ],
  "ctrl_y": [
    -0.0,
    -0.04323123700049046,
    -0.10320934715992024,
    -0.1263175843248736,
    0.04383153450668433,
    0.46097403698943434,
    0.8580181792247312,
    0.9861536961932176,
    0.9998522917685397,
    0.996678082402188,
    0.9985339569676374,
    0.9959163429905556,
    0.9515553858213474,
    0.827231398566607,
    0.5759274196180669,
    0.21114180088453838,
    -0.21981622112542643,
    -0.5830236489851779,
    -0.8303578028716159,
    -0.9534480139593353,
    -0.9959365026096672,
    -0.9985338522878927,
    -0.996714547096264,
    -0.9999121864873171,
    -0.9856194847021229,
    -0.8553814675742638,
    -0.4518245925542549,
    -0.0362231462238546,
    0.13059571531978423,
    0.1046346188721786,
    0.04289903147858956,
    0.0
  ],
  "amplitudes": [
    0.0,
    0.07014433494906654,
    0.2033380669819072,
    0.4090088979543284,
    0.6597623268687492,
    0.884449962465519,
    0.9966042621137705,
    1.0,
    1.0,
    0.9999999999999999,
    1.0,
    1.0,
    1.0,
    1.0,
    1.0,
    1.0,
    1.0,
    1.0,
    0.9999999999999999,
    1.0,
    0.9999999999999999,
    1.0,
    1.0,
    1.0,
    1.0,
    0.9966042621137707,
    0.8844499624655199,
    0.6597623268687496,
    0.40900889795432893,
    0.2033380669819078,
    0.07014433494906654,
    0.0
  ],
  "optimized_phase_rad_bounded": [
    -0.704634640562154,
    -0.6640589050231576,
    -0.5323681017933599,
    -0.3139713076920114,
    0.06648430776097403,
    0.5482547308265109,
    1.0371179816407432,
    1.4041927513697399,
    1.5879842218312579,
    1.652328632272062,
    1.6249516845384466,
    1.480392351043207,
    1.2582554684380014,
    0.9741621064275048,
    0.6137381524080996,
    0.21274294867723498,
    -0.22162607993217076,
    -0.6224453622654362,
    -0.9797494866897285,
    -1.2644706205637677,
    -1.4806159256187998,
    -1.6249536184017976,
    -1.6518796606562631,
    -1.5840488584711636,
    -1.4010016589099439,
    -1.0319397895690212,
    -0.5361776304261414,
    -0.05493094685298816,
    0.32498859827184123,
    0.5405230042555842,
    0.6580589308210048,
    0.6846967228457626
  ],
  "theta0": 0.0,
  "theta1": 0.0,
  "fidelity": 0.6732537039049612,
  "process_fidelity": 0.5980381275691082,
  "leakage": 0.02588399075162684,
  "objective": 0.32984312294833473,
  "num_iter": 20,
  "num_fid_func_calls": 26,
  "wall_time": 6.343554031000167,
  "success": false,
  "termination_reason": "STOP: TOTAL NO. OF ITERATIONS REACHED LIMIT",
  "pulse_validation": {
    "amplitude_starts_at_zero": true,
    "amplitude_ends_at_zero": true,
    "amplitude_within_bound": true,
    "phase_within_minus_pi_pi": true,
    "min_phase": -1.6518796606562631,
    "max_phase": 1.652328632272062,
    "max_amplitude": 1.0
  },
  "fidelity_definition": "Ma2023 Methods Eq. 10 using a diagonal perfect-blockade channel",
  "reproduction_mode": "method_first_six_level",
  "dataverse_pulse_used_as_initial_condition": false,
  "dataverse_used_only_for_calibration_and_comparison": true,
  "source": {
    "doi": "10.7910/DVN/TJ6OIF",
    "article": "https://www.nature.com/articles/s41586-023-06438-1",
    "raw_files": [
      "Fig3.csv",
      "FigS2.csv",
      "FigS3v2.csv"
    ]
  },
  "model": {
    "name": "Ma2023PerfectBlockadeSixLevelModel",
    "basis": [
      "00",
      "0 r_-3/2",
      "0 r_1/2",
      "r_-3/2 0",
      "r_1/2 0",
      "01",
      "0 r_-1/2",
      "0 r_3/2",
      "r_-3/2 1",
      "r_1/2 1",
      "11",
      "1 r_-1/2",
      "1 r_3/2",
      "r_-1/2 1",
      "r_3/2 1",
      "loss"
    ],
    "delta_r_over_omega": 5.8,
    "delta_m_over_omega": 0.0,
    "include_loss_state": true,
    "noise": {
      "rydberg_decay_rate": 0.001539960745930289,
      "rydberg_dephasing_rate": 0.0,
      "common_detuning": 0.0,
      "rabi_amplitude_scale": 1.0
    }
  },
  "calibration": {
    "uv_rabi_hz": 1590000.0,
    "uv_rabi_hz_max": 1590000.0,
    "blockade_shift_over_omega": 16.0,
    "nearby_rydberg_detuning_over_omega": 5.8,
    "rydberg_lifetime_s": 6.5e-05,
    "metastable_lifetime_s": 1.0,
    "rydberg_t2_s": null,
    "uv_pulse_area_fractional_rms": 0.0,
    "quasistatic_detuning_rms_hz": 0.0,
    "differential_detuning_rms_hz": 0.0,
    "blockade_shift_jitter_fractional_rms": 0.0,
    "off_resonant_leakage_per_gate": 0.0,
    "leakage_reference_t_omega": 7.612,
    "target_two_qubit_fidelity": 0.98,
    "target_dimensionless_duration": 12.387599999999999,
    "profile_name": "ma2023_dataverse_fig3",
    "effective_rabi_hz": 1590000.0,
    "target_gate_time_ns": 1239.967152858593
  },
  "fixed_amplitude_envelope": [
    0.0,
    0.07014433494906654,
    0.2033380669819072,
    0.4090088979543284,
    0.6597623268687492,
    0.8844499624655191,
    0.9966042621137706,
    1.0,
    1.0,
    1.0,
    1.0,
    1.0,
    1.0,
    1.0,
    1.0,
    1.0,
    1.0,
    1.0,
    1.0,
    1.0,
    1.0,
    1.0,
    1.0,
    1.0,
    1.0,
    0.9966042621137707,
    0.88444996246552,
    0.6597623268687497,
    0.40900889795432893,
    0.20333806698190776,
    0.07014433494906654,
    0.0
  ],
  "transition_population_summary": {
    "00": {
      "final_computational_population": 0.9928137828761506,
      "final_rydberg_population": 0.006970436183281208
    },
    "01": {
      "final_computational_population": 0.9870223216674696,
      "final_rydberg_population": 0.005349931897818418
    },
    "11": {
      "final_computational_population": 0.9296056107824027,
      "final_rydberg_population": 0.06289116662371969
    }
  }
}