{
  "pulse": "artifacts/ma2023_time_optimal_2q/from_method/ma2023_six_level_cheb13_N100_refined_ideal.json",
  "noise_model": {
    "rydberg_lifetime_s": 6.5e-05,
    "rydberg_decay_bright_fraction": 0.5,
    "doppler_t2_star_s": 5.7e-06,
    "doppler_detuning_rms_dimensionless": 0.024834941966156522,
    "phase_noise_rms_rad": 0.002,
    "intensity_noise_rms_fractional": 0.002
  },
  "summary": {
    "gate_fidelity": 0.5246574050512904,
    "gate_error": 0.47534259494870956,
    "process_fidelity": 0.407536265424195,
    "leakage": 0.006858036440327675,
    "active_population": 0.9931419635596723,
    "bright_erasure": 0.003269781751979361,
    "dark_leakage": 0.0032697817519793627,
    "trace_count": 1,
    "process_fidelity_std": 0.0,
    "leakage_std": 0.0
  }
}