{
  "pulse": "artifacts/ma2023_time_optimal_2q/from_method/ma2023_six_level_cheb13_20slot_smoke_pulse.json",
  "noise_model": {
    "rydberg_lifetime_s": 6.5e-05,
    "rydberg_decay_bright_fraction": 0.5,
    "doppler_t2_star_s": 5.7e-06,
    "doppler_detuning_rms_dimensionless": 0.024834941966156522,
    "phase_noise_rms_rad": 0.002,
    "intensity_noise_rms_fractional": 0.002,
    "simulation_method": "nojump"
  },
  "summary": {
    "gate_fidelity": 0.9661482581477113,
    "gate_error": 0.033851741852288675,
    "process_fidelity": 0.9642158321804676,
    "leakage": 0.02612203798331375,
    "active_population": 0.9738779620166862,
    "bright_erasure": 0.0030700601650857804,
    "dark_leakage": 0.0030700601650857804,
    "trace_count": 4,
    "process_fidelity_std": 0.0046280559703469944,
    "leakage_std": 0.001607727508557909
  }
}