{
  "ctrl_x": [
    0.30198078223412217,
    0.36075865078835573,
    0.41727865036314665,
    0.46837362919012576,
    0.5130127245172379,
    0.5512219971268039,
    0.5845052861667211,
    0.6218932744778977,
    0.6593425519459842,
    0.6906666145951992,
    0.7161485608393825,
    0.7346740478878463,
    0.7458480825220107,
    0.7495433039105441,
    0.7455840114228199,
    0.7334183873757308,
    0.7132031835933492,
    0.6850855676575215,
    0.6488748286619694,
    0.6046561368430078,
    0.5629305131733087,
    0.5676112989999523,
    0.5808535104346514,
    0.5994663172472927,
    0.6168097023308096,
    0.6364735231655313,
    0.6642879641809795,
    0.6961874806452343,
    0.7230419795527246,
    0.7453116511497521,
    0.7686565276122272,
    0.7936085769249973,
    0.8148470514824263,
    0.8309205785475916,
    0.8431685726148322,
    0.852102999301059,
    0.8567295467240893,
    0.8639104028716408,
    0.8802165917179513,
    0.9018006143105668,
    0.9225208705131849,
    0.9240034221448145,
    0.9417034122056277,
    0.9537894916857078,
    0.9737654248665399,
    0.996011258266568,
    1.0,
    0.9996296301565218,
    1.0,
    1.0,
    1.0,
    1.0,
    0.9995405582848393,
    1.0,
    0.9998898492435733,
    0.9863317251933506,
    0.9659901265724278,
    0.9473746033999065,
    0.9291574834687547,
    0.9167266467130447,
    0.8898134662470172,
    0.8651678219088101,
    0.8533829542212025,
    0.8492502564965457,
    0.8460173133232027,
    0.8391135210543086,
    0.8267614695120867,
    0.8083779614692609,
    0.7850592648821638,
    0.762090093045712,
    0.7410042531996593,
    0.7175550479555738,
    0.6882794919321146,
    0.6572906633834322,
    0.6310414584797953,
    0.6099892912723592,
    0.5905995588858655,
    0.5740767298993842,
    0.562414910939783,
    0.5591261824542172,
    0.6116116978077318,
    0.653490024002642,
    0.6889465931526845,
    0.7171921848748092,
    0.7361397915773646,
    0.747539996320837,
    0.751877722899268,
    0.7491332323277176,
    0.7396139144281407,
    0.7237077464865544,
    0.7014065483736246,
    0.6722155514745403,
    0.6366606863398331,
    0.5959426340213695,
    0.564470964941415,
    0.5262631183486669,
    0.4838588123739164,
    0.4331181473859426,
    0.37917994001568217,
    0.33878558861155705
  ],
  "ctrl_y": [
    -0.6802074903529195,
    -0.6400382160436145,
    -0.5925621280052695,
    -0.5401440549869458,
    -0.48366067893673637,
    -0.4239359283649363,
    -0.3625165874077023,
    -0.30393176876497935,
    -0.2437207984800819,
    -0.17905043791594183,
    -0.11050283930240244,
    -0.038613831482253516,
    0.036061052883790204,
    0.11237860678663437,
    0.1898085356368803,
    0.26764340354048455,
    0.3450172542850051,
    0.4208276823333192,
    0.4946872544221842,
    0.5653521814621385,
    0.6227922065444178,
    0.6342035807076125,
    0.6379791776264201,
    0.6368500941826534,
    0.6367256844097422,
    0.634039483976644,
    0.6221199881881182,
    0.6042478620453472,
    0.5904276244484045,
    0.5811561842553922,
    0.5695116082769278,
    0.5542560495860326,
    0.5435062186502192,
    0.5398314959525841,
    0.5412766514601681,
    0.5479391699436833,
    0.5613721555339513,
    0.5694707849953925,
    0.563950335832524,
    0.5486552562716788,
    0.5351401126524663,
    0.5170925724957792,
    0.5012090397776059,
    0.4569501087422883,
    0.38621669907686357,
    0.30259749218014603,
    0.24749927383946085,
    0.20186893286110175,
    0.13644217183798305,
    0.044950776529051016,
    -0.04170567194202401,
    -0.13533366110303363,
    -0.19910392768997467,
    -0.24357624950406348,
    -0.28687334078672705,
    -0.35381039129096714,
    -0.41650820885586604,
    -0.4719607290584547,
    -0.5138297897133527,
    -0.5496794913653684,
    -0.5788636966823003,
    -0.5975211980621618,
    -0.5959172764750827,
    -0.5828921818501995,
    -0.569059815659246,
    -0.5592333539356548,
    -0.5566497824686317,
    -0.5636066421629201,
    -0.5770094082381615,
    -0.5884475842731138,
    -0.5962045997151191,
    -0.6058944110199236,
    -0.6208454703473738,
    -0.6360583912483133,
    -0.6451074952901651,
    -0.6485695233424721,
    -0.6501883275320047,
    -0.6491138281702676,
    -0.6434485141552219,
    -0.6305700988045261,
    -0.5625799714403928,
    -0.49438418388017547,
    -0.42201044261621423,
    -0.34613204736461667,
    -0.27150727446740003,
    -0.19693493761597738,
    -0.12243131463009546,
    -0.05144596575204633,
    0.015053630046398344,
    0.08732302466628888,
    0.15686043106080616,
    0.2228770975495014,
    0.2845264949564501,
    0.3414299292842818,
    0.40342584380614555,
    0.46228568113219815,
    0.5196904396653437,
    0.5701219748820289,
    0.6190389165639223,
    0.6493160841435883
  ],
  "amplitudes": [
    0.7442275342735912,
    0.7347079161918207,
    0.7247422628735147,
    0.7149331833524516,
    0.7050600739413232,
    0.6953900786429891,
    0.6877969945431333,
    0.6921891106521763,
    0.7029455373059933,
    0.7134980251088884,
    0.7246237911400725,
    0.7356881028137218,
    0.7467193326390095,
    0.7579209165212683,
    0.7693651917587385,
    0.7807275596516062,
    0.7922724826990096,
    0.804013789204303,
    0.8159375116752869,
    0.8277874926005521,
    0.839500384272711,
    0.8511150148685961,
    0.8627909547909858,
    0.8746072878580914,
    0.8864952374809898,
    0.8983900115941367,
    0.9101163546815838,
    0.9218418991310448,
    0.9334851278447391,
    0.9451095004484174,
    0.9566484879008901,
    0.9679950112844765,
    0.9794767618586281,
    0.9908819565802321,
    1.001954916780823,
    1.0130729763331134,
    1.0242676472674992,
    1.03471646316907,
    1.0453809016914282,
    1.0555884322052118,
    1.0664988029538987,
    1.0588517614216029,
    1.0667782422389913,
    1.0576000171755247,
    1.047560232784417,
    1.0409628566223992,
    1.030172747917096,
    1.0198090328788743,
    1.0092653101419198,
    1.0010097763311627,
    1.0008693036916136,
    1.0091160487414472,
    1.0191779538814323,
    1.0292372852372118,
    1.0402288326490827,
    1.0478702520390388,
    1.0519581801002058,
    1.0584259865198502,
    1.0617695992459275,
    1.0688944232343218,
    1.0615324696170294,
    1.0514499237719672,
    1.0408553535226628,
    1.0300433456032492,
    1.0195951982236604,
    1.008391513932104,
    0.9966912800823333,
    0.9854579522634944,
    0.9742986742127265,
    0.9628353282650598,
    0.9510768780605752,
    0.9391449750446977,
    0.9269184198542941,
    0.9146591131391109,
    0.902428392062139,
    0.8903535039946979,
    0.8783807262315381,
    0.8665522798618848,
    0.854597286688863,
    0.8427578165832557,
    0.8310024627888474,
    0.8194296386767083,
    0.8079234010064467,
    0.79634918487955,
    0.7846132759724894,
    0.7730455457171757,
    0.7617805044724115,
    0.7508976542578454,
    0.7397670945596938,
    0.7289569349155794,
    0.7187324543486149,
    0.7082005000395794,
    0.6973465106121276,
    0.6868202236796741,
    0.6938154522007943,
    0.7004719271419257,
    0.710068661040223,
    0.7159821197756379,
    0.7259384320525613,
    0.7323844975000786
  ],