{
  "ctrl_x": [
    1.0,
    1.0,
    1.0,
    1.0,
    1.0,
    1.0,
    1.0,
    1.0,
    1.0,
    1.0,
    1.0,
    1.0,
    1.0,
    1.0,
    1.0,
    1.0,
    1.0,
    1.0,
    1.0,
    1.0,
    1.0,
    1.0,
    1.0,
    1.0,
    1.0,
    1.0,
    1.0,
    1.0,
    1.0,
    1.0,
    1.0,
    1.0,
    1.0,
    1.0,
    1.0,
    0.9840663659003254,
    0.9644444110030606,
    0.9475500694017882,
    0.9616778466921121,
    0.975858980623648,
    0.9829206804234347,
    1.0,
    0.9999330724996469,
    1.0,
    1.0,
    1.0,
    1.0,
    1.0,
    1.0,
    1.0,
    1.0,
    1.0,
    1.0,
    1.0,
    1.0,
    1.0,
    1.0,
    1.0,
    0.9972110715296687,
    0.9890506643111849,
    0.9542194925538873,
    0.9376553810740502,
    0.937064283993784,
    0.9617634902229862,
    0.982708738234382,
    1.0,
    1.0,
    1.0,
    1.0,
    1.0,
    1.0,
    1.0,
    1.0,
    1.0,
    1.0,
    1.0,
    1.0,
    1.0,
    1.0,
    1.0,
    1.0,
    1.0,
    1.0,
    1.0,
    1.0,
    1.0,
    1.0,
    1.0,
    1.0,
    1.0,
    1.0,
    1.0,
    1.0,
    1.0,
    1.0,
    1.0,
    1.0,
    1.0,
    1.0,
    1.0
  ],
  "ctrl_y": [
    -0.3549407171173079,
    -0.32037145048211146,
    -0.2775159554614444,
    -0.2225031682392928,
    -0.14237173686995222,
    -0.037550250521640315,
    0.06842980018611465,
    0.17556277404835202,
    0.2814085679023448,
    0.3641278422140687,
    0.43463869982934467,
    0.4983315744528862,
    0.5569712684666094,
    0.6110809576813924,
    0.6615051740065937,
    0.7082305561389468,
    0.7516204406063505,
    0.7926164400796457,
    0.8308694316103521,
    0.8657943110482001,
    0.8971503914480621,
    0.925080994789379,
    0.9495804266624672,
    0.9705967063944042,
    0.9882110615599532,
    1.0,
    1.0,
    1.0,
    1.0,
    1.0,
    1.0,
    1.0,
    1.0,
    1.0,
    1.0,
    1.0,
    1.0,
    0.9934032196829382,
    0.9525104550859316,
    0.9054823505570441,
    0.8596834812974662,
    0.7948423656563885,
    0.7441722442841083,
    0.6854994167729722,
    0.6187859972159887,
    0.5410685926291492,
    0.4485307432324841,
    0.3315813338860125,
    0.20784320704581713,
    0.07856695016974782,
    -0.05124900343754253,
    -0.18124211337245047,
    -0.3061237531598929,
    -0.4242824513768238,
    -0.5225829329297983,
    -0.6032924005762306,
    -0.6729795229558254,
    -0.7338943658679232,
    -0.7904668201840267,
    -0.846195574962901,
    -0.9231294950300508,
    -0.9721440978539959,
    -1.0,
    -1.0,
    -1.0,
    -1.0,
    -1.0,
    -1.0,
    -1.0,
    -1.0,
    -1.0,
    -1.0,
    -1.0,
    -1.0,
    -1.0,
    -1.0,
    -0.9844198684311517,
    -0.9645940079679199,
    -0.9412312351210957,
    -0.9151218608310936,
    -0.8856120458887731,
    -0.8529073829682576,
    -0.8179897147713073,
    -0.7804982559344003,
    -0.7396174064666922,
    -0.6958122117751556,
    -0.6486822783123505,
    -0.598453345654593,
    -0.543610150445755,
    -0.48376796984418574,
    -0.41881098974209574,
    -0.34362026181030547,
    -0.25246972145171387,
    -0.1456195823223701,
    -0.03762659196537441,
    0.06799101798419686,
    0.1729580546060767,
    0.24663274802669297,
    0.2951376748809232,
    0.3356495002411184
  ],
  "amplitudes": [
    1.0611234200920026,
    1.0500656485591804,
    1.0377933828733341,
    1.024454811046599,
    1.01008401207987,
    1.0007047623121605,
    1.0023385842885186,
    1.015294187726667,
    1.0388410764351055,
    1.0642316878741553,
    1.0903718628932715,
    1.1172888427334682,
    1.1446471045249291,
    1.1719300050945056,
    1.198995035534966,
    1.2253940266905508,
    1.2509729360530883,
    1.2760253998586903,
    1.3001323057229635,
    1.32272438135971,
    1.3434577867858042,
    1.3622682727423798,
    1.3790224750526996,
    1.3935773988062756,
    1.405902237778093,
    1.4142135623730951,
    1.4142135623730951,
    1.4142135623730951,
    1.4142135623730951,
    1.4142135623730951,
    1.4142135623730951,
    1.4142135623730951,
    1.4142135623730951,
    1.4142135623730951,
    1.4142135623730951,
    1.402992021536927,
    1.3892994716457068,
    1.3728441611850055,
    1.3535510510750548,
    1.3312396618318336,
    1.3058287606037013,
    1.277409247751966,
    1.2464583742112814,
    1.212398222695862,
    1.1759660328217758,
    1.1369939410259353,
    1.0959834978797283,
    1.0535398335998631,
    1.0213710387097779,
    1.0030816345936036,
    1.0013123690204477,
    1.0162916430138114,
    1.0458067470850907,
    1.0862852289092064,
    1.1283141946237805,
    1.1678877174596156,
    1.205363612491206,
    1.2404035392777149,
    1.272504504900944,
    1.3016405677686873,
    1.3276682208158161,
    1.3506523463310172,
    1.3704340452341306,
    1.3874397324301695,
    1.4020401079149665,
    1.4142135623730951,
    1.4142135623730951,
    1.4142135623730951,
    1.4142135623730951,
    1.4142135623730951,
    1.4142135623730951,
    1.4142135623730951,
    1.4142135623730951,
    1.4142135623730951,
    1.4142135623730951,
    1.4142135623730951,
    1.4032399927888337,
    1.38940332524707,
    1.373286655424709,
    1.3555249979882198,
    1.3357801824489306,
    1.3143253036907423,
    1.2919393071935092,
    1.26853361308112,
    1.2437981781416614,
    1.218258853468931,
    1.1919684132545214,
    1.1653953865213196,
    1.1382056034248191,
    1.1108696812170027,
    1.0841598798741603,
    1.0573906015879766,
    1.0313781848817174,
    1.0105469126941815,
    1.000707629841468,
    1.0023087241596411,
    1.014847027217954,
    1.0299649083338704,
    1.042643873589692,
    1.0548272782840384
  ],
  "phases": [
    5.942115756642489,
    5.973145451877474,
    6.012481540385131,
    6.064248652211214,
    6.141763982736101,
    6.245652690626316,
    0.06832328862865004,
    0.17379166545245364,
    0.27431438941877145,
    0.3492050146689706,
    0.4100063042996973,
    0.46231197799644513,
    0.5081796725342964,
    0.5485274477487186,
    0.5844207449552513,
    0.6162284951603846,
    0.6445373843830576,
    0.6702225280418332,
    0.6932824071326428,
    0.7135923108499252,
    0.7312384997867503,
    0.7465004667911195,
    0.7595421707736025,
    0.7704782603452132,
    0.7794688128811467,
    0.7853981633974483,
    0.7853981633974483,
    0.7853981633974483,
    0.7853981633974483,
    0.7853981633974483,
    0.7853981633974483,
    0.7853981633974483,
    0.7853981633974483,
    0.7853981633974483,
    0.7853981633974483,
    0.7934287876986819,
    0.8034957521908203,
    0.8090178060004386,
    0.780609020390918,
    0.7480079091123171,
    0.7186155424203917,
    0.6715881214115539,
    0.6397929555483394,
    0.6009275907929694,
    0.5541183343378869,
    0.4959602340401273,
    0.4216314194261769,
    0.3201729270015261,
    0.20492560491143844,
    0.07840588781304775,
    6.231981100993508,
    6.1038894981279395,
    5.986119902402991,
    5.8819225868346185,
    5.801635000175216,
    5.740348440144909,
    5.690824989077381,
    5.650071736480966,
    5.61292525443714,
    5.575470241459609,
    5.514346215122759,
    5.479730290834503,
    5.465308312176525,
    5.47829872475392,
    5.489066335182241,
    5.497787143782138,
    5.497787143782138,
    5.497787143782138,
    5.497787143782138,
    5.497787143782138,
    5.497787143782138,
    5.497787143782138,
    5.497787143782138,
    5.497787143782138,
    5.497787143782138,
    5.497787143782138,
    5.50563820982898,
    5.51580723313303,
    5.528051864219406,
    5.542078127075504,
    5.558376460061056,
    5.577005777065317,
    5.597570878952701,
    5.620449304596512,
    5.646362240459014,
    5.6752754719858025,
    5.707736986565774,
    5.743903828786656,
    5.7852611639459015,
    5.832607442293556,
    5.886568463909966,
    5.952205262968558,
    6.035883554487677,
    6.138582115083659,
    6.245576456892453,
    0.0678865384834997,
    0.17126371282963365,
    0.24180698252053706,
    0.28698999770141076,
    0.323833654156463
  ],