{
  "ctrl_x": [
    0.14695834196706314,
    0.205983729257645,
    0.2617303139733088,
    0.3138004640047203,
    0.3599549916721547,
    0.4011511256374346,
    0.443020511173848,
    0.4902166044634389,
    0.533905774868239,
    0.5735799304298029,
    0.6079244528877626,
    0.6349059526209768,
    0.6573501266410389,
    0.6729972167499423,
    0.683167586092119,
    0.6873026332414814,
    0.685062686546343,
    0.6767176875707835,
    0.6624697474282193,
    0.6381564189869902,
    0.606369255094527,
    0.5680865197473352,
    0.522373607939909,
    0.4700851751209448,
    0.41200782631124505,
    0.4121704723689922,
    0.4547041440094435,
    0.5018844759556693,
    0.5451432039554498,
    0.5851777073126181,
    0.6264349905256923,
    0.6675265766185664,
    0.7040530953695207,
    0.7354059200296021,
    0.7606158857165956,
    0.7814015073897188,
    0.7984301727982643,
    0.8171114635976334,
    0.8402014143456604,
    0.8665230653582205,
    0.8888464030536561,
    0.9073189264279539,
    0.925706043190024,
    0.9506573918631073,
    0.97909810250794,
    1.0,
    1.0,
    1.0,
    1.0,
    1.0,
    1.0,
    1.0,
    1.0,
    1.0,
    1.0,
    0.9887592054908134,
    0.9634502954788552,
    0.9363746051588747,
    0.9107689345331905,
    0.8848819040078194,
    0.8558611269145853,
    0.828486750266423,
    0.8082856742204241,
    0.7932570345081555,
    0.7780296615472563,
    0.7600607847071644,
    0.7358457691738695,
    0.702955783539764,
    0.6651135160991308,
    0.6264630617131032,
    0.5880068948015781,
    0.5477391412507768,
    0.5034233559388369,
    0.4572697348572839,
    0.41654288354146923,
    0.39938554175493296,
    0.46030071589814164,
    0.5153612533138998,
    0.5619313573198795,
    0.6004399262434301,
    0.6327729779297979,
    0.6544731887097108,
    0.6737094217449365,
    0.6853170311742349,
    0.6886528374666157,
    0.6862463510652167,
    0.6771278378695038,
    0.6618829570886056,
    0.6403203500905182,
    0.6136037438138097,
    0.580730156817277,
    0.5423850801549022,
    0.49888613116255587,
    0.45214193084254006,
    0.41224723197218305,
    0.36588971224355865,
    0.3210130213844812,
    0.26995285478709324,
    0.21572286874965038,
    0.164559754288418
  ],
  "ctrl_y": [
    -0.6212287044095156,
    -0.6010349871457147,
    -0.5700879902529883,
    -0.5346566867184592,
    -0.49342875742360454,
    -0.4474099816326436,
    -0.40346290238930266,
    -0.36320162020755586,
    -0.3176858483449023,
    -0.26708563542308716,
    -0.21163016025534853,
    -0.15167494726964245,
    -0.08880298675529393,
    -0.02891952337189988,
    0.033020710892049845,
    0.09951296549330112,
    0.16771698699759277,
    0.23404100434496553,
    0.29895008344511387,
    0.3695717901292153,
    0.43819976042274184,
    0.5031257504433485,
    0.5651081660374153,
    0.623120790607676,
    0.6762844597696873,
    0.6895107695651688,
    0.6761046048266166,
    0.6558727283760274,
    0.6354306992086565,
    0.6143792739761381,
    0.5891354229704143,
    0.5601900083020028,
    0.5326656962024097,
    0.5091493272511202,
    0.49250795074682424,
    0.48207967774132027,
    0.4765929257555871,
    0.46797237768507216,
    0.4500329378228985,
    0.4253665938476332,
    0.40328694691352257,
    0.3895327703322995,
    0.37178178274197027,
    0.33633986954256934,
    0.2802697793330892,
    0.21864584042204036,
    0.1758300934497895,
    0.14782229366656754,
    0.10070233160346026,
    0.02992085320041593,
    -0.04386649374131297,
    -0.11699147556999297,
    -0.1629802046283612,
    -0.19175631661976303,
    -0.21653669367711298,
    -0.2616372962722475,
    -0.31119895601559455,
    -0.3556137047111674,
    -0.3901202550969405,
    -0.4205508684719564,
    -0.4533805539874225,
    -0.47928049741863415,
    -0.4907413275990357,
    -0.49315403155935433,
    -0.49588096788824454,
    -0.5026052050413362,
    -0.5178337741305855,
    -0.543089045261329,
    -0.571650606936104,
    -0.5975091476074154,
    -0.619958705962664,
    -0.640884331462422,
    -0.6620025437531738,
    -0.6809485456433275,
    -0.6933909618363906,
    -0.6904285874152039,
    -0.6377270832468378,
    -0.5793715119516855,
    -0.5179807899620851,
    -0.45466024440193303,
    -0.38767859852021025,
    -0.3266507440198731,
    -0.2560222900182006,
    -0.18480883933683534,
    -0.11798601967896152,
    -0.047791389847633335,
    0.018927594641705136,
    0.08464365202004345,
    0.14736335978917314,
    0.20651614214107267,
    0.2612314768187216,
    0.312382844124603,
    0.35809477845468657,
    0.39900373118316984,
    0.4441512346901226,
    0.4837340441344185,
    0.5262817731123816,
    0.5626280765757271,
    0.5943427185952781,
    0.6199683078825771
  ],
  "amplitudes": [
    0.6383743865914684,
    0.6353521484123086,
    0.627298233604446,
    0.6199423391431967,
    0.6107696248851143,
    0.600914234533268,
    0.5992073822351803,
    0.6101046928298924,
    0.6212726250819964,
    0.6327153176913072,
    0.6437075928933804,
    0.6527716739433467,
    0.6633213093604416,
    0.6736182840342345,
    0.6839651438741225,
    0.6944693945466174,
    0.7052941742462103,
    0.7160461021372498,
    0.7267993661592236,
    0.7374462171261114,
    0.7481328114435564,
    0.7588529598531075,
    0.7695592411207396,
    0.7805508257352781,
    0.791903478630884,
    0.8033116454024736,
    0.8147842016430584,
    0.8258674609359004,
    0.8372295302458073,
    0.848466169877797,
    0.8599426399205085,
    0.8714382226489156,
    0.8828496502860502,
    0.8944578831084524,
    0.9061460186709851,
    0.9181443957472594,
    0.9298556649905064,
    0.9416311858784662,
    0.9531359094032482,
    0.9652973438062203,
    0.9760575238029022,
    0.9874023563963835,
    0.9975737428267287,
    1.0084016980092199,
    1.0184224288290529,
    1.023623956115653,
    1.0153404462359223,
    1.0108666729617932,
    1.0050576896827232,
    1.0004475285872023,
    1.0009616722298396,
    1.006820244808399,
    1.0131942297016414,
    1.0182192715538136,
    1.0231755175475103,
    1.0227897346197197,
    1.012462968252908,
    1.0016279290059957,
    0.9908046555944441,
    0.9797341562959926,
    0.9685309470003765,
    0.9571311773068892,
    0.9455965216537282,
    0.9340543997219423,
    0.9226202298676961,
    0.9112103975396211,
    0.8997893162520935,
    0.8883088115598456,
    0.8770179050100203,
    0.8657211728758257,
    0.8544594229295474,
    0.8430604326928017,
    0.8316744815373341,
    0.8202356565220837,
    0.8088875074974499,
    0.7976217432361251,
    0.7864938536078085,
    0.7754150954672314,
    0.7642453461481514,
    0.7531560547900025,
    0.7420891707529081,
    0.7314614571586076,
    0.7207161701627488,
    0.7097983800449924,
    0.6986869337482312,
    0.6879084759572984,
    0.6773923255077147,
    0.6672732549051004,
    0.6570586812061744,
    0.6474244908768552,
    0.6367804955539307,
    0.6259110292030455,
    0.614100351915592,
    0.6030226389814163,
    0.605985230468109,
    0.6065260975261606,
    0.616459134581284,
    0.6240391785449081,
    0.6322812849110788,
    0.6414363690267729
  ],