{
  "ctrl_x": [
    0.9266997786255151,
    0.9279888748369371,
    0.9196988452115885,
    0.8974563745798434,
    0.9097406827480512,
    0.8919167759372301,
    0.9049146499187316,
    0.9195997993212106,
    0.8884106825696878,
    0.8547738576171818,
    0.8957457457019078,
    0.897732620990783,
    0.879134673373638,
    0.8547482542538911,
    0.8504256039974104,
    0.8506252250936144,
    0.8498532505151417,
    0.84757330637471,
    0.8776201164466853,
    0.9109369980832922,
    0.9558743216101246,
    0.9823320826359486,
    1.0,
    1.0,
    1.0,
    1.0,
    1.0,
    1.0,
    0.9750956125782544,
    0.9932632083662661,
    1.0,
    0.9848692104461958,
    0.9904610103194116,
    1.0,
    0.9930419349430477,
    1.0,
    1.0,
    1.0,
    0.9879284963708374,
    0.98386534938742,
    0.9990668802271435,
    0.9788366889041495,
    0.9939519247836502,
    1.0,
    1.0,
    1.0,
    1.0,
    1.0,
    0.9867823613531009,
    0.9395277539489566,
    0.8735282565219317,
    0.7998784838463799,
    0.7468529782434896,
    0.637763521804418,
    0.5851901935712888,
    0.5696933177500676,
    0.5975555417996161,
    0.6619760453592594,
    0.6597052306494736,
    0.6653551898591133,
    0.6400552116556802,
    0.6246774261173875,
    0.6330028407570467,
    0.6449172935393953,
    0.6543101216834794,
    0.6336721372791075,
    0.641160667807321,
    0.6129791040138511,
    0.631297260037831,
    0.6709810262466808,
    0.6693635030161038,
    0.6716543255822192,
    0.6713709429535355,
    0.6808681218018975,
    0.7060565065590657,
    0.7343522629222909,
    0.7213052677774154,
    0.7231876213828022,
    0.7107445771812172,
    0.7245852983173987,
    0.6593909453513104,
    0.6684602272437977,
    0.6437801572445894,
    0.5809522065261385,
    0.5572751049315134,
    0.48328991036462043,
    0.450434885618699,
    0.5000767976037399,
    0.5595259678420305,
    0.5689406072659513,
    0.6301248867448576,
    0.6683355041155147,
    0.7087259992661028,
    0.6231958849043101,
    0.6319791370803101,
    0.5704653460474127,
    0.5353780856277853,
    0.4601589586219898,
    0.37024435421815566,
    0.3069858975627676
  ],
  "ctrl_y": [
    1.0,
    1.0,
    1.0,
    1.0,
    1.0,
    1.0,
    1.0,
    0.9889045124675785,
    0.9910064281613983,
    1.0,
    1.0,
    0.9908174329806136,
    1.0,
    1.0,
    1.0,
    1.0,
    1.0,
    1.0,
    1.0,
    1.0,
    1.0,
    1.0,
    1.0,
    1.0,
    0.990147198142581,
    0.9975498350848722,
    1.0,
    1.0,
    0.9998606447256336,
    0.9759289725537108,
    0.9569770530159912,
    0.980025023700236,
    0.956277691803666,
    0.914447961495352,
    0.8964438461161126,
    0.8564689668091647,
    0.8039915212760675,
    0.7340725284068913,
    0.719443684775446,
    0.6774636073776339,
    0.6032223656562268,
    0.57436818701371,
    0.44012956404644843,
    0.24253156188237873,
    0.07146049957409169,
    -0.10427261224539436,
    -0.19054553954294964,
    -0.2783415266396815,
    -0.401842296906313,
    -0.5616865477948175,
    -0.7035391386530294,
    -0.8105844851549284,
    -0.8732436295883726,
    -0.9570420422831626,
    -0.9963839384772342,
    -1.0,
    -1.0,
    -0.9810902175828113,
    -0.9736471982745508,
    -0.973873483843209,
    -0.9990462291969018,
    -1.0,
    -1.0,
    -1.0,
    -1.0,
    -1.0,
    -1.0,
    -1.0,
    -1.0,
    -0.9935309459693196,
    -1.0,
    -1.0,
    -1.0,
    -1.0,
    -1.0,
    -0.9978287747741225,
    -1.0,
    -1.0,
    -0.9939111356091915,
    -0.9696854253333644,
    -0.9980921045561605,
    -0.9763812396627846,
    -0.9764645463338864,
    -0.9993651737918131,
    -0.9894991568999477,
    -1.0,
    -1.0,
    -1.0,
    -0.9983370694205411,
    -1.0,
    -0.9710744382852591,
    -0.9545653716642171,
    -0.9498219043337012,
    -1.0,
    -0.9798372790811054,
    -1.0,
    -0.9903148338536216,
    -0.9992352273628263,
    -1.0,
    -1.0
  ],
  "amplitudes": [
    1.3633680646489337,
    1.364244608499929,
    1.3586191393777467,
    1.3436621391830597,
    1.3518979657677166,
    1.3399684829122895,
    1.3486550795653944,
    1.3504058374023529,
    1.3309272262453538,
    1.3155372847873823,
    1.3425201826948698,
    1.3370276901729723,
    1.3314945639873161,
    1.3155206490777993,
    1.312716156651681,
    1.3128454873158388,
    1.3123454375320365,
    1.3108701345590867,
    1.3304950465115957,
    1.352703298760301,
    1.3833639140564626,
    1.4017761306913026,
    1.4142135623730951,
    1.4142135623730951,
    1.4072638252970207,
    1.4124820966928593,
    1.4142135623730951,
    1.4142135623730951,
    1.3966147509390414,
    1.392483091661723,
    1.3841261069711717,
    1.3893942596554663,
    1.3767643359719544,
    1.3550701362966437,
    1.3378130862698574,
    1.316639317014025,
    1.2831221166684819,
    1.2405089588397522,
    1.222130078798822,
    1.1945492727578662,
    1.167052635314574,
    1.1349097223119797,
    1.0870393102040237,
    1.028990553168058,
    1.0025500501218774,
    1.0054216914630787,
    1.0179919462548384,
    1.038014453392682,
    1.0654654664795773,
    1.0946251314555275,
    1.121614432217637,
    1.138794448745806,
    1.1490621426745575,
    1.1500746847235188,
    1.1555208849291332,
    1.1508911661356513,
    1.164934601398479,
    1.1835329736286067,
    1.1760951738928944,
    1.1794605085399705,
    1.1864923270043284,
    1.1790767094216745,
    1.1835085958312643,
    1.1899236595287022,
    1.1950404743511618,
    1.1838667059951775,
    1.1878918309101758,
    1.172920876256205,
    1.1825972393555098,
    1.1988825122511964,
    1.203348452930401,
    1.204624228991475,
    1.2044662481955728,
    1.2097856832042788,
    1.2241387954208427,
    1.238925142947029,
    1.2329968732010024,
    1.2340989975367922,
    1.2218908296081366,
    1.2105014162080363,
    1.1962375466388941,
    1.183283313738627,
    1.1695879193583143,
    1.1559568403948004,
    1.1356337984060427,
    1.1106615764760401,
    1.0967641433700914,
    1.118068335792411,
    1.144441441432787,
    1.1505187589066723,
    1.1576022363429725,
    1.1652756733244645,
    1.1850967015344505,
    1.1782924556160352,
    1.165966861956993,
    1.1512735170414519,
    1.1257678111942082,
    1.1000987713850576,
    1.0663399466541703,
    1.0460594348804555
  ],