{
  "ctrl_x": [
    0.7067796921346388,
    0.7645821835596062,
    0.7903223118277647,
    0.8279327753292673,
    0.8619234608355464,
    0.8879592327992992,
    0.9134526179072762,
    0.9367449770847978,
    0.9632242811488868,
    0.9623195346182675,
    0.956753441244426,
    0.9397014006394425,
    0.924180309426941,
    0.901902770546121,
    0.8948751253691501,
    0.8621834268529452,
    0.8510569509352954,
    0.8455767575870256,
    0.8405015492288331,
    0.8372021880762822,
    0.8277806637104728,
    0.8173828428464055,
    0.8217365233552154,
    0.8264373307527265,
    0.8294245826311132,
    0.8386996689095173,
    0.8520531839017033,
    0.8680989592133508,
    0.8821616394317269,
    0.8924342617530466,
    0.903617220036043,
    0.9155234538234093,
    0.9252651159778553,
    0.9220653920660297,
    0.9267524290465669,
    0.9255441895297983,
    0.9184270829289124,
    0.9112478953806022,
    0.9111742860485319,
    0.9136405145114217,
    0.9156504054916701,
    0.9207623090640592,
    0.9224393402762414,
    0.9343108173115989,
    0.959064140064189,
    0.9867252136154238,
    1.0,
    0.9932513403741622,
    1.0,
    1.0,
    1.0,
    1.0,
    0.9940125338675797,
    1.0,
    0.9898765565322402,
    0.9727318331622602,
    0.9590703483252581,
    0.9338084561400276,
    0.9159846951005904,
    0.906945052022409,
    0.8921747413988069,
    0.8839599501345072,
    0.8912596932221981,
    0.8957900092244133,
    0.9136752627092367,
    0.9184311766757829,
    0.9238560977846294,
    0.9215927257631035,
    0.9110298861238282,
    0.899888650413601,
    0.8905505153087233,
    0.882233582395333,
    0.867499186050399,
    0.8517374299056076,
    0.8377478042536115,
    0.8286130081121854,
    0.8239989170766987,
    0.820034084312328,
    0.8224936649629643,
    0.8279659100926586,
    0.8325505391945878,
    0.837890848355847,
    0.8424438231579283,
    0.8478749989772304,
    0.8567702400283251,
    0.8723001211705627,
    0.9003792396404754,
    0.9151393342362157,
    0.9345698507845895,
    0.9465410135228401,
    0.960162912035122,
    0.9602198299471807,
    0.9512945503884312,
    0.9378591247645753,
    0.9149016570755076,
    0.899046614614909,
    0.874046823896607,
    0.8266783539418493,
    0.7651949771569181,
    0.7012150806884196
  ],
  "ctrl_y": [
    -0.670735524455169,
    -0.611588107313678,
    -0.5607029542962368,
    -0.4838615410170511,
    -0.39827038158933575,
    -0.31035096181744365,
    -0.2623654957198529,
    -0.21247561529710804,
    -0.11895288447406226,
    -0.021228947002479195,
    0.0732300518025722,
    0.16744780548178953,
    0.26223113252685437,
    0.3516504043339783,
    0.39193236799314785,
    0.4778014856399312,
    0.5135063480234431,
    0.5425739507846579,
    0.5683516626257596,
    0.5919620773194203,
    0.6057728970224839,
    0.6114507032220143,
    0.6213683874452561,
    0.6296131501136338,
    0.6352546894527353,
    0.6396393134685844,
    0.6373583462620815,
    0.6328746093489146,
    0.6297379765141318,
    0.6286462983575317,
    0.6277575720017403,
    0.6274257256211394,
    0.6264336589086521,
    0.6207711916029641,
    0.6304095934885199,
    0.6493867012030516,
    0.6696324925669035,
    0.6754482648634073,
    0.6598688955699996,
    0.6381934098468557,
    0.6149912284671322,
    0.5863429188843486,
    0.5613880591493666,
    0.5178900863689153,
    0.44409121212869557,
    0.34476768633811333,
    0.2606188005039456,
    0.24157500444393298,
    0.14390475860664093,
    0.04421564107278524,
    -0.045610811616707145,
    -0.1450693787216217,
    -0.23667537480247833,
    -0.2602537134823065,
    -0.335985070011254,
    -0.41429536975824843,
    -0.4716095710157589,
    -0.5422431997975998,
    -0.592186784915784,
    -0.6250313420416304,
    -0.6644833875532247,
    -0.6943525980055794,
    -0.7035108980937484,
    -0.6851631081251184,
    -0.6690716603903496,
    -0.651364267442413,
    -0.6483518299419183,
    -0.6531847655621503,
    -0.6560127062213217,
    -0.6551257345829969,
    -0.6527318729566332,
    -0.6537787653071604,
    -0.6563050543538647,
    -0.6605825513458486,
    -0.6615900288692718,
    -0.6567367656647143,
    -0.6478242249558779,
    -0.6394527876745622,
    -0.6337283713230175,
    -0.6199743512323287,
    -0.5954883292206462,
    -0.5687656887459928,
    -0.5430373232689463,
    -0.5138424365770854,
    -0.47738624781634936,
    -0.4327594482543626,
    -0.3424558301173159,
    -0.28079435883749604,
    -0.1920451413987211,
    -0.09714798286403874,
    -0.003183251003293503,
    0.09175977499033539,
    0.1825210522765341,
    0.27642554205827397,
    0.32368477619001673,
    0.3879090166587434,
    0.44498328136187937,
    0.527230119521932,
    0.5968424910525421,
    0.6569640208600253
  ],
  "amplitudes": [
    0.9743837421571059,
    0.9790944430565941,
    0.9690186579882301,
    0.9589549892147277,
    0.9494900469146798,
    0.9406324035533394,
    0.950384837056011,
    0.9605399727182014,
    0.970541500668307,
    0.9625536633864904,
    0.9595518682281112,
    0.9545037925144129,
    0.9606635265267403,
    0.968032341601777,
    0.9769403620923687,
    0.9857253781959828,
    0.9939752025054022,
    1.0046823105048976,
    1.014626269453701,
    1.025342189078377,
    1.0257590506449181,
    1.0207774851799816,
    1.030218222869424,
    1.0389472462342373,
    1.0447457388017851,
    1.0547775054311197,
    1.064058405232986,
    1.0743025989663453,
    1.083872260531187,
    1.0916203918896588,
    1.1002743519464528,
    1.1098856858577633,
    1.1173784783407972,
    1.1115581224434667,
    1.1208417909348638,
    1.1306348369264732,
    1.1366248201401707,
    1.1342852751149353,
    1.1250180171432025,
    1.1144639151307916,
    1.1030094633177778,
    1.0916048957011855,
    1.0798383626472807,
    1.0682447495329292,
    1.056892156015455,
    1.0452231363337396,
    1.0334031929388043,
    1.0222067833501969,
    1.0103012320835978,
    1.000977034159864,
    1.0010396326501438,
    1.010467775162908,
    1.0218004455488068,
    1.0333111803233963,
    1.045342797575318,
    1.05728325090788,
    1.068752319534512,
    1.0798268011516299,
    1.0907397260058949,
    1.1014597159779798,
    1.1124360392958497,
    1.1240599289178927,
    1.1354608863801514,
    1.1277802203275011,
    1.1324572276356808,
    1.1259623595799526,
    1.1286585776056801,
    1.129594391869023,
    1.1226433646241434,
    1.1130989674131064,
    1.1041463301076115,
    1.0980722962868419,
    1.0877918744725639,
    1.0778803071977894,
    1.0674843089390078,
    1.0573091773878038,
    1.048165274078118,
    1.039882573706631,
    1.0383195449975566,
    1.0343576482346477,
    1.0235950129573685,
    1.012697132637979,
    1.0022979245913108,
    0.9914262773994416,
    0.98079196254984,
    0.9737495784068914,
    0.9633061666764625,
    0.9572489086028068,
    0.9540975538855473,
    0.9515133319378121,
    0.9601681887746102,
    0.9645942038650603,
    0.9686460943620538,
    0.9777478295585145,
    0.9704725016489086,
    0.979161999086812,
    0.9807996589800243,
    0.980494110031833,
    0.970435114879908,
    0.9608872535783991
  ],