{
  "ctrl_x": [
    1.0,
    1.0,
    1.0,
    1.0,
    1.0,
    1.0,
    1.0,
    1.0,
    1.0,
    1.0,
    1.0,
    1.0,
    1.0,
    1.0,
    1.0,
    1.0,
    1.0,
    1.0,
    1.0,
    1.0,
    1.0,
    1.0,
    1.0,
    1.0,
    1.0,
    1.0,
    1.0,
    1.0,
    1.0,
    1.0,
    1.0,
    1.0,
    1.0,
    1.0,
    1.0,
    0.9852675170295851,
    0.9661441521947391,
    0.9541703537538762,
    0.9453829444553769,
    0.9755755443440429,
    0.9803846682541437,
    1.0,
    1.0,
    1.0,
    1.0,
    1.0,
    1.0,
    1.0,
    1.0,
    1.0,
    1.0,
    1.0,
    1.0,
    1.0,
    1.0,
    1.0,
    1.0,
    1.0,
    0.9890528558302516,
    0.9751056002013144,
    0.9536770796971087,
    0.9207879516322559,
    0.9386323376650697,
    0.962551775218925,
    0.9829457249053567,
    1.0,
    1.0,
    1.0,
    1.0,
    1.0,
    1.0,
    1.0,
    1.0,
    1.0,
    1.0,
    1.0,
    1.0,
    1.0,
    1.0,
    1.0,
    1.0,
    1.0,
    1.0,
    1.0,
    1.0,
    1.0,
    1.0,
    1.0,
    1.0,
    1.0,
    1.0,
    1.0,
    1.0,
    1.0,
    1.0,
    1.0,
    1.0,
    1.0,
    1.0,
    1.0
  ],
  "ctrl_y": [
    -0.3511304843153337,
    -0.31608383625422976,
    -0.2745566987482971,
    -0.22129178598845842,
    -0.14480259646731908,
    -0.0400550985651535,
    0.06517182445943395,
    0.1722741957643122,
    0.27822130082812574,
    0.3608334172636349,
    0.43105604862971797,
    0.49487871337323813,
    0.552976615478754,
    0.6066997169542903,
    0.6568603945507773,
    0.7037182374056526,
    0.7475583998908608,
    0.7885074110348034,
    0.8265697035857869,
    0.861905364459617,
    0.8942332370186299,
    0.9230955200859114,
    0.9483748547133101,
    0.9700758948802948,
    0.9881161488277136,
    1.0,
    1.0,
    1.0,
    1.0,
    1.0,
    1.0,
    1.0,
    1.0,
    1.0,
    1.0,
    1.0,
    1.0,
    0.988663300778473,
    0.9702700348512996,
    0.90748007913166,
    0.865178585784591,
    0.7979453248680658,
    0.7467762643793742,
    0.6878414734890814,
    0.6220835740067964,
    0.5454112593849538,
    0.4539551917990909,
    0.33787173527406467,
    0.2140853337798329,
    0.08489682004301378,
    -0.04529799048098342,
    -0.17635944418498817,
    -0.3018078751231418,
    -0.420476580327881,
    -0.5192590223996641,
    -0.6018697283960117,
    -0.6720206097429424,
    -0.733288967236147,
    -0.8002115105211758,
    -0.8618984843969709,
    -0.92374178181643,
    -0.9887010940381528,
    -0.9995760602869475,
    -1.0,
    -1.0,
    -1.0,
    -1.0,
    -1.0,
    -1.0,
    -1.0,
    -1.0,
    -1.0,
    -1.0,
    -1.0,
    -1.0,
    -1.0,
    -0.9931609011756596,
    -0.9755789076824788,
    -0.9536483673474156,
    -0.9276406549609253,
    -0.8981230105115587,
    -0.8660873829871237,
    -0.8309701876269839,
    -0.7923444332397725,
    -0.7506024718876436,
    -0.7065655652466881,
    -0.6600710701851482,
    -0.6104884990416507,
    -0.5571311215841906,
    -0.49951418308602935,
    -0.434080958643307,
    -0.36005788347046663,
    -0.26973712053649973,
    -0.16039408715365,
    -0.050996073409506126,
    0.05560033329586583,
    0.16126463653676118,
    0.24460763902289126,
    0.29962798022010845,
    0.33846837215272196
  ],
  "amplitudes": [
    1.0598549981084775,
    1.048765460692328,
    1.0370059695235911,
    1.0241923913728133,
    1.0104295086465345,
    1.0008018839515962,
    1.0021214331124604,
    1.0147307024655559,
    1.037982221540665,
    1.063109004295492,
    1.0889487210425777,
    1.1157530824290611,
    1.1427086843401242,
    1.1696514637072088,
    1.1964387062985729,
    1.2227916247903068,
    1.2485365678454854,
    1.273477105116856,
    1.2973887138733309,
    1.3201821303457584,
    1.3415114916350204,
    1.3609207688923994,
    1.378192608111251,
    1.3932147149049943,
    1.4058355250789873,
    1.4142135623730951,
    1.4142135623730951,
    1.4142135623730951,
    1.4142135623730951,
    1.4142135623730951,
    1.4142135623730951,
    1.4142135623730951,
    1.4142135623730951,
    1.4142135623730951,
    1.4142135623730951,
    1.403834776643478,
    1.3904799613155492,
    1.3740073457914928,
    1.3546855178222952,
    1.3323917354678314,
    1.3075504131956108,
    1.2793423081719775,
    1.2480684232206234,
    1.2137239771264432,
    1.1777045355474647,
    1.139066917201918,
    1.098214603873646,
    1.0555365031570947,
    1.0226595377444159,
    1.0035972648694376,
    1.0010254282192912,
    1.0154322496125667,
    1.0445515753117918,
    1.0848043854097515,
    1.1267785640237638,
    1.167153447477875,
    1.2048284939854619,
    1.2400454465342208,
    1.272227972179734,
    1.3014222715743577,
    1.3277043540687055,
    1.3510663585565905,
    1.3711976391495753,
    1.3879862823447153,
    1.4022062252428198,
    1.4142135623730951,
    1.4142135623730951,
    1.4142135623730951,
    1.4142135623730951,
    1.4142135623730951,
    1.4142135623730951,
    1.4142135623730951,
    1.4142135623730951,
    1.4142135623730951,
    1.4142135623730951,
    1.4142135623730951,
    1.4093858859886628,
    1.3970519693679755,
    1.3818267650267857,
    1.3640077656437057,
    1.3441074890090992,
    1.3229162312744842,
    1.3001966977057067,
    1.275856457790631,
    1.250361576026647,
    1.2244324799646455,
    1.1982044139859305,
    1.1716211876976823,
    1.1447248956136395,
    1.1178168092778455,
    1.0901496588343695,
    1.0628460281006051,
    1.0357403700712462,
    1.0127814488792004,
    1.0012994554593484,
    1.00154450578225,
    1.0129196824019828,
    1.029481858542613,
    1.0439238126083636,
    1.0557276348318791
  ],
  "phases": [
    5.9455037300289,
    5.977038788662099,
    6.015231276610335,
    6.0654031868068214,
    6.13938222947736,
    6.2431516096291215,
    0.06507978934422427,
    0.17059964091447313,
    0.27135855528437053,
    0.34629318310424156,
    0.4069889721377995,
    0.45954219271172253,
    0.5051256475075261,
    0.5453312053128844,
    0.5811828853254202,
    0.6132170690545541,
    0.6419366525054999,
    0.6676938751775368,
    0.6907333252255153,
    0.7113652651515582,
    0.7296198936297751,
    0.7454295173776354,
    0.7589078456642815,
    0.7702100154689808,
    0.7794207914786351,
    0.7853981633974483,
    0.7853981633974483,
    0.7853981633974483,
    0.7853981633974483,
    0.7853981633974483,
    0.7853981633974483,
    0.7853981633974483,
    0.7853981633974483,
    0.7853981633974483,
    0.7853981633974483,
    0.7928189328476507,
    0.8026158746136224,
    0.8031502357604393,
    0.7983888724034504,
    0.7492516976825199,
    0.7230557910565586,
    0.6734868352231134,
    0.6414347234221967,
    0.6025191850693755,
    0.5564993606953347,
    0.49931336047167385,
    0.42613819400744096,
    0.325829539867456,
    0.21090174204664927,
    0.08469373380235037,
    6.237918261046025,
    6.108620897572023,
    5.990070738066728,
    5.885152267012637,
    5.804249455300819,
    5.741392140592659,
    5.691485281065375,
    5.650465323573553,
    5.602939200593236,
    5.559335254303505,
    5.513730715011255,
    5.462235995321499,
    5.466354172012711,
    5.478708064552201,
    5.4891868808460735,
    5.497787143782138,
    5.497787143782138,
    5.497787143782138,
    5.497787143782138,
    5.497787143782138,
    5.497787143782138,
    5.497787143782138,
    5.497787143782138,
    5.497787143782138,
    5.497787143782138,
    5.497787143782138,
    5.501218413169367,
    5.510148000864204,
    5.521508371783755,
    5.535307304369565,
    5.551408184543749,
    5.569425512633845,
    5.589843296187592,
    5.613129856915992,
    5.639298727870179,
    5.668066501197802,
    5.699762796241009,
    5.7350893478658564,
    5.774883637864817,
    5.81992642723084,
    5.87364821797205,
    5.937578485094118,
    6.01971850659757,
    6.12414581828955,
    6.2322333717071885,
    0.05554314509762822,
    0.15988808828211418,
    0.23989709609294133,
    0.29111545699095664,
    0.3263649480054107
  ],