{
  "ctrl_x": [
    1.0,
    1.0,
    1.0,
    1.0,
    1.0,
    1.0,
    1.0,
    1.0,
    1.0,
    1.0,
    1.0,
    1.0,
    1.0,
    1.0,
    1.0,
    1.0,
    1.0,
    1.0,
    1.0,
    1.0,
    1.0,
    1.0,
    1.0,
    1.0,
    1.0,
    1.0,
    1.0,
    1.0,
    1.0,
    1.0,
    0.9994066179411653,
    1.0,
    1.0,
    1.0,
    0.9996904173841609,
    1.0,
    0.9993641159696772,
    1.0,
    0.9695898408881105,
    0.9907592498497625,
    1.0,
    1.0,
    1.0,
    1.0,
    1.0,
    1.0,
    1.0,
    0.9970490136086895,
    0.9752263591439817,
    0.9351926456349786,
    0.8929177082841366,
    0.8222897569011169,
    0.7436378837564164,
    0.6654474819435655,
    0.5996240604785125,
    0.6264661600940747,
    0.6073600030532024,
    0.6297534539673236,
    0.6463936099134404,
    0.6639112084309212,
    0.6871457217483367,
    0.7058991437501205,
    0.768858231264334,
    0.7422297929247755,
    0.7558039736410584,
    0.7668374528785287,
    0.7490509546372558,
    0.7276231845279865,
    0.7125458254403733,
    0.6953108198112228,
    0.6788598642369336,
    0.672850723760172,
    0.6883304323687814,
    0.6962838783381717,
    0.712371338348992,
    0.7285727231401665,
    0.7407383206571417,
    0.716455927996967,
    0.6951289371114666,
    0.6799827635175496,
    0.652721076018469,
    0.6488217087406019,
    0.6213383286352578,
    0.5993311946266635,
    0.5833645434799458,
    0.5543288145002421,
    0.5745781898658636,
    0.6015064584348844,
    0.6171542474479363,
    0.6262171674669762,
    0.6365197081234859,
    0.6156806523446864,
    0.5942864708579254,
    0.5800353167344183,
    0.5628870032392005,
    0.5470144465912237,
    0.5221630204037003,
    0.49439248481876913,
    0.4734867513368422,
    0.453712176737125
  ],
  "ctrl_y": [
    1.0,
    1.0,
    1.0,
    1.0,
    1.0,
    1.0,
    1.0,
    1.0,
    1.0,
    1.0,
    1.0,
    1.0,
    1.0,
    1.0,
    1.0,
    1.0,
    1.0,
    1.0,
    1.0,
    1.0,
    1.0,
    1.0,
    1.0,
    1.0,
    1.0,
    1.0,
    1.0,
    1.0,
    1.0,
    1.0,
    1.0,
    0.9827291454408896,
    0.9616746479053595,
    0.9300527123216189,
    0.8947257729485035,
    0.8520111895374262,
    0.7968959662051056,
    0.7362827835837187,
    0.6983696098813494,
    0.5886258308525699,
    0.4638078013391703,
    0.3328004859971546,
    0.23064194613863107,
    0.10241197624353805,
    -0.026678294539451718,
    -0.17213696696689845,
    -0.2929506932266398,
    -0.3821468615764183,
    -0.4880622138914262,
    -0.5991403931098533,
    -0.6986390396802792,
    -0.8035462520058878,
    -0.8883229264750863,
    -0.9381837848489338,
    -0.9979749478232092,
    -0.9975929167481817,
    -1.0,
    -1.0,
    -1.0,
    -1.0,
    -0.9979884799216674,
    -1.0,
    -0.9679736478676679,
    -0.9996063256660115,
    -1.0,
    -1.0,
    -1.0,
    -1.0,
    -1.0,
    -1.0,
    -1.0,
    -1.0,
    -1.0,
    -1.0,
    -1.0,
    -1.0,
    -0.9996651820166974,
    -1.0,
    -1.0,
    -0.9982330313245524,
    -1.0,
    -0.9993295111192858,
    -1.0,
    -1.0,
    -0.9997734773183355,
    -1.0,
    -1.0,
    -1.0,
    -1.0,
    -1.0,
    -1.0,
    -1.0,
    -1.0,
    -1.0,
    -1.0,
    -1.0,
    -1.0,
    -1.0,
    -1.0,
    -1.0
  ],
  "amplitudes": [
    1.4142135623730951,
    1.4142135623730951,
    1.4142135623730951,
    1.4142135623730951,
    1.4142135623730951,
    1.4142135623730951,
    1.4142135623730951,
    1.4142135623730951,
    1.4142135623730951,
    1.4142135623730951,
    1.4142135623730951,
    1.4142135623730951,
    1.4142135623730951,
    1.4142135623730951,
    1.4142135623730951,
    1.4142135623730951,
    1.4142135623730951,
    1.4142135623730951,
    1.4142135623730951,
    1.4142135623730951,
    1.4142135623730951,
    1.4142135623730951,
    1.4142135623730951,
    1.4142135623730951,
    1.4142135623730951,
    1.4142135623730951,
    1.4142135623730951,
    1.4142135623730951,
    1.4142135623730951,
    1.4142135623730951,
    1.4137940401574052,
    1.4020544116755886,
    1.387378149036483,
    1.3656493135855925,
    1.3416091604442835,
    1.3137439122968295,
    1.2781908375676236,
    1.24181815794495,
    1.1949161357849594,
    1.1524253814931977,
    1.102323762142083,
    1.0539241734963396,
    1.0262532374217463,
    1.00523042775182,
    1.0003558024020922,
    1.0147074136895635,
    1.0420269231943908,
    1.0677747699542104,
    1.0905371044571692,
    1.1106549847299927,
    1.1337541803816105,
    1.149716062085421,
    1.158496838087607,
    1.150221354948039,
    1.1642607140960637,
    1.1779861957124793,
    1.16999409114268,
    1.1817738416396657,
    1.1907244429073123,
    1.2003241614998035,
    1.2116725007085878,
    1.2240480387415982,
    1.2361698761695983,
    1.2450372973596653,
    1.2534909838413733,
    1.2601744637696917,
    1.2494308034633148,
    1.2367034804926558,
    1.2278931359660348,
    1.2179725514750137,
    1.2086565745784812,
    1.205291705963576,
    1.2140011466736733,
    1.2185283087534922,
    1.2277918894100637,
    1.2372623864418888,
    1.2441960198563726,
    1.2301662882561835,
    1.2178687282337606,
    1.2078268681844964,
    1.1941711782984499,
    1.1914818846826776,
    1.1773110543230518,
    1.1658464224985312,
    1.1575237347626017,
    1.1433636493195172,
    1.1533169973036608,
    1.1669661604086372,
    1.1751082355013212,
    1.1798931904330845,
    1.1853933266345005,
    1.174334988694273,
    1.1632611097448275,
    1.156045400777667,
    1.1475372666783452,
    1.1398354288139594,
    1.1281197719555824,
    1.1155375067855302,
    1.1064310659465038,
    1.098114174081885
  ],