{
  "ctrl_x": [
    0.6150303512870631,
    0.5806423042618077,
    0.5938943568276168,
    0.6171297561496628,
    0.5741087711772256,
    0.496990203257466,
    0.543104283865183,
    0.5696036564877468,
    0.5620808030097095,
    0.585517973026706,
    0.5068817240813427,
    0.5180002024678855,
    0.5229584277691075,
    0.5411729974152786,
    0.534242095967239,
    0.5461682727028873,
    0.5785565686085489,
    0.5385567814478569,
    0.593997263252055,
    0.5890344207054806,
    0.5971234480605309,
    0.6074411579046218,
    0.646534745338424,
    0.6575266978293579,
    0.6810792567716202,
    0.7173002826838503,
    0.744248367902076,
    0.7884007242552021,
    0.8250779904687268,
    0.8498123261302526,
    0.8677500326238519,
    0.8974805290545382,
    0.9150595626815904,
    0.9534226852247296,
    0.942912777220395,
    0.9916153484267126,
    0.9954573954613799,
    0.9634841979052289,
    0.9449772250300539,
    1.0,
    0.9987949462772835,
    0.9983564428632014,
    0.9917572286862292,
    0.9446607580002325,
    0.970134730519992,
    0.9877158450485228,
    1.0,
    1.0,
    1.0,
    1.0,
    1.0,
    1.0,
    0.9767020228974854,
    0.9325390440389872,
    0.8555077790009756,
    0.80696128187327,
    0.7090295652608376,
    0.7027057145787756,
    0.6867795811255539,
    0.6725200095877542,
    0.6641418678368226,
    0.7249105258737683,
    0.6834334517020423,
    0.6250957834025576,
    0.612995880298011,
    0.618983147464189,
    0.6604944047702364,
    0.6776243064000748,
    0.6676202745537044,
    0.6618850476072381,
    0.6276922334513991,
    0.5919525479864474,
    0.575415739171485,
    0.5879917473029562,
    0.64089352037352,
    0.5552393609341134,
    0.5129831312118768,
    0.49873532338070964,
    0.44262920495347885,
    0.41806266303135897,
    0.3111979504006366,
    0.28128801599433645,
    0.21994307102322702,
    0.20317439273636745,
    0.09837903062068022,
    0.08462703190971542,
    0.06906952761789327,
    0.04184020267728296,
    0.14450826734519623,
    0.15591627939137626,
    0.24101787840462666,
    0.2607464201210811,
    0.1830677795705507,
    0.16399486678452146,
    0.10194384895144526,
    0.020769342043598194,
    0.10068251781726767,
    0.025222683761171538,
    -0.05417963810027138,
    -0.07026063527010461
  ],
  "ctrl_y": [
    0.8400175035098426,
    0.854525858203907,
    0.825637704443775,
    0.8209865523656732,
    0.8711002862491133,
    0.9134549329816476,
    0.9014049933677393,
    0.8670471439694832,
    0.8773471893568874,
    0.8647693540198806,
    0.898640819421565,
    0.8821062777938513,
    0.895103272077235,
    0.888574531151953,
    0.8989185871878588,
    0.923641575393814,
    0.928512489889652,
    0.9672402329434596,
    0.9562349372567114,
    0.9793468397224405,
    0.9894359839225463,
    1.0,
    1.0,
    1.0,
    1.0,
    1.0,
    1.0,
    1.0,
    1.0,
    1.0,
    1.0,
    1.0,
    1.0,
    0.9703699205061196,
    0.9644836767745909,
    0.8992199876491728,
    0.8693960098436623,
    0.8614354942039381,
    0.8501744491024908,
    0.7391711355472833,
    0.6968821588376402,
    0.6431365124781688,
    0.5953550312543364,
    0.6198817135162292,
    0.5176363565315485,
    0.42509276064535967,
    0.31759220124102533,
    0.17685377585460674,
    0.03383514428601804,
    -0.13085893850337182,
    -0.30860727593815745,
    -0.46522421189023294,
    -0.5872553330545948,
    -0.7149762872824728,
    -0.8391218556999966,
    -0.9187907028357061,
    -0.9830819564896356,
    -0.9894822216615802,
    -1.0,
    -1.0,
    -0.9874831835082647,
    -0.9263560980571521,
    -0.9502748008251987,
    -1.0,
    -1.0,
    -1.0,
    -0.9962920029721375,
    -0.99528834997032,
    -1.0,
    -0.9955654495605972,
    -1.0,
    -1.0,
    -1.0,
    -1.0,
    -0.9584918611055321,
    -0.9981146569641112,
    -1.0,
    -0.9958947130299899,
    -1.0,
    -0.9858878720016414,
    -1.0,
    -0.9935850679284216,
    -1.0,
    -1.0,
    -1.0,
    -1.0,
    -1.0,
    -1.0,
    -1.0,
    -1.0,
    -0.9997396062862316,
    -0.9991598785980919,
    -1.0,
    -1.0,
    -1.0,
    -1.0,
    -1.0,
    -1.0,
    -1.0,
    -1.0
  ],
  "amplitudes": [
    1.041101214679532,
    1.0331311280943893,
    1.0170487333804978,
    1.0270676974234056,
    1.0432720593622313,
    1.0399034458652416,
    1.0523750401928997,
    1.0374097914275964,
    1.0419562945654055,
    1.0443454085642663,
    1.0317385349682042,
    1.0229543954058233,
    1.0366751587928156,
    1.040400360699356,
    1.0456907972700558,
    1.07303939438551,
    1.094012407133109,
    1.1070668792209406,
    1.1257077791244394,
    1.142839350587025,
    1.1556556487572216,
    1.1700362217967903,
    1.1908010652203083,
    1.1968046450270737,
    1.2099045226812661,
    1.2306582366921905,
    1.246557512963162,
    1.2734110498994924,
    1.2964388494471741,
    1.3123189359461787,
    1.3240053319827287,
    1.3436782725161607,
    1.3554829409679132,
    1.360379579133775,
    1.3488192125745064,
    1.338617789147899,
    1.3216598836731164,
    1.2924290736003525,
    1.271132782101156,
    1.2435328574775417,
    1.2178818037951185,
    1.1875774335549858,
    1.156732472912921,
    1.1298837490898743,
    1.0995948312739352,
    1.0753076051591055,
    1.0492210473914065,
    1.015518221419011,
    1.0005722447623937,
    1.0085256872218125,
    1.046536406801966,
    1.1029204718967223,
    1.139655942700736,
    1.1750830438881232,
    1.1983401222710472,
    1.2228503040273906,
    1.2120944920217491,
    1.2136187161897283,
    1.2131224971333239,
    1.2051071169385372,
    1.1900451497003803,
    1.1762784070662249,
    1.1705141946976716,
    1.1792984094060575,
    1.1729296437818995,
    1.1760697840029195,
    1.1953453952389754,
    1.2040654468137622,
    1.2023796534352882,
    1.1955092557587457,
    1.180676729649232,
    1.1620704879944448,
    1.1537344897706172,
    1.1600578842869798,
    1.1530182792403207,
    1.1421574394001504,
    1.123900214835793,
    1.1137967508611015,
    1.09358155300725,
    1.0708647376680196,
    1.04730328192628,
    1.0326346087326128,
    1.0239018285417447,
    1.020431199965873,
    1.0048275641451445,
    1.0035744788155228,
    1.002382461760659,
    1.0008749185388133,
    1.010387370928156,
    1.0120819562561372,
    1.02838168891128,
    1.032622466638274,
    1.0166188134777419,
    1.0133579408736446,
    1.0051828432375052,
    1.0002156595299454,
    1.0050557046223978,
    1.0003180413129196,
    1.0014666410743178,
    1.002465239730814
  ],