{
  "ctrl_x": [
    1.0,
    1.0,
    1.0,
    1.0,
    1.0,
    1.0,
    1.0,
    1.0,
    1.0,
    1.0,
    1.0,
    1.0,
    1.0,
    1.0,
    1.0,
    1.0,
    1.0,
    1.0,
    1.0,
    1.0,
    1.0,
    1.0,
    1.0,
    1.0,
    0.9984320435883718,
    1.0,
    1.0,
    1.0,
    1.0,
    1.0,
    1.0,
    1.0,
    1.0,
    1.0,
    1.0,
    0.982922718220472,
    0.9626097759628567,
    0.9609829243699253,
    0.9561133670568336,
    0.9636247569088274,
    0.9725367292597471,
    0.982043203032082,
    0.9889341389346173,
    1.0,
    1.0,
    0.9991574044787943,
    0.9998348055735492,
    1.0,
    1.0,
    1.0,
    1.0,
    1.0,
    1.0,
    1.0,
    1.0,
    1.0,
    0.9955043183650838,
    0.9913830127729082,
    0.9864694747835443,
    0.9391368935072687,
    0.9490907333081906,
    0.9024818427508058,
    0.932312168042463,
    0.9581445276180491,
    0.9800860402936284,
    0.9985676928566021,
    1.0,
    1.0,
    1.0,
    1.0,
    1.0,
    1.0,
    1.0,
    1.0,
    1.0,
    1.0,
    1.0,
    0.9928213933967942,
    0.9939791579844401,
    1.0,
    1.0,
    1.0,
    1.0,
    1.0,
    1.0,
    1.0,
    1.0,
    1.0,
    1.0,
    1.0,
    1.0,
    1.0,
    1.0,
    1.0,
    1.0,
    1.0,
    1.0,
    1.0,
    1.0,
    1.0
  ],
  "ctrl_y": [
    -0.32258321580655935,
    -0.31911983808295796,
    -0.29216302945146333,
    -0.24920992138781123,
    -0.18067704668123777,
    -0.07393987125668715,
    0.025646225755722726,
    0.13248797608132476,
    0.2398243209355029,
    0.33138102954551973,
    0.40941725990379824,
    0.4728642047362466,
    0.530814767367038,
    0.5841121450283102,
    0.6337309617200738,
    0.6813624748626488,
    0.7296070729134801,
    0.7744607605428149,
    0.8167185041431226,
    0.8554351773517147,
    0.8886322291417308,
    0.91810491755643,
    0.944935789826265,
    0.9684486815893405,
    0.9878005307043922,
    1.0,
    1.0,
    1.0,
    1.0,
    1.0,
    1.0,
    1.0,
    1.0,
    1.0,
    1.0,
    1.0,
    1.0,
    0.9784125626644956,
    0.9570838646924829,
    0.919197909393183,
    0.8735230034898811,
    0.8209241476495228,
    0.7644591856422224,
    0.6946663735197334,
    0.6320289141356632,
    0.562596073250644,
    0.4767440014777338,
    0.3621917658212135,
    0.23787349472368488,
    0.10966527436839063,
    -0.021020828316931587,
    -0.15642429777516206,
    -0.2842469918640827,
    -0.4066451341627351,
    -0.5086640252584924,
    -0.5912126420476915,
    -0.6743174337210383,
    -0.7406301418773824,
    -0.8000358738690885,
    -0.8974220493010501,
    -0.9234318876168158,
    -1.0,
    -1.0,
    -1.0,
    -1.0,
    -1.0,
    -1.0,
    -1.0,
    -1.0,
    -1.0,
    -1.0,
    -1.0,
    -1.0,
    -1.0,
    -1.0,
    -1.0,
    -1.0,
    -0.9903386990991758,
    -0.9681631345997197,
    -0.9370776030826776,
    -0.9107927658036392,
    -0.8791868278464896,
    -0.8435376752492141,
    -0.8070135838235613,
    -0.7681724244802546,
    -0.7246803183385304,
    -0.6782746295377928,
    -0.6279632166368326,
    -0.5753592245757732,
    -0.518972856564474,
    -0.4634947837611604,
    -0.4024503784062119,
    -0.32763809895110524,
    -0.23717830752065366,
    -0.12734078007091681,
    -0.017830570534569226,
    0.09551725569155775,
    0.20436349127243794,
    0.25724398505000884,
    0.30605570240436725
  ],
  "amplitudes": [
    1.0507425617724357,
    1.0496844626163109,
    1.041805757220729,
    1.0305850692291827,
    1.0161910229860596,
    1.0027298263049003,
    1.0003288103896206,
    1.0087383525008482,
    1.0283558260214094,
    1.053476808830004,
    1.0805658206269224,
    1.1061647960954295,
    1.1321503068298497,
    1.1580962818218412,
    1.183898193191733,
    1.210063974404227,
    1.2378717546035922,
    1.2648278418901742,
    1.2911348167444714,
    1.315967075063339,
    1.3377844514978494,
    1.3575406585591825,
    1.3758283493570653,
    1.3920821990357222,
    1.4044986415528964,
    1.4142135623730951,
    1.4142135623730951,
    1.4142135623730951,
    1.4142135623730951,
    1.4142135623730951,
    1.4142135623730951,
    1.4142135623730951,
    1.4142135623730951,
    1.4142135623730951,
    1.4142135623730951,
    1.4021900976664758,
    1.38802650579132,
    1.371415080750638,
    1.3528349103713484,
    1.3317272501381037,
    1.3072375940835046,
    1.279970823423568,
    1.2499554302706648,
    1.2176047677711588,
    1.1829879747079028,
    1.1466603073978994,
    1.1076797738431892,
    1.063570813452818,
    1.0279026215999545,
    1.0059952646023214,
    1.0002209132102418,
    1.012160343490325,
    1.039613559157334,
    1.0795185339484583,
    1.1219354217566055,
    1.161693758318866,
    1.2023863145028126,
    1.237486680765494,
    1.2701100047465173,
    1.2989782289623562,
    1.3241977462294046,
    1.347023933155937,
    1.3671890793449302,
    1.3849335492378017,
    1.4002030732641761,
    1.4132011311971686,
    1.4142135623730951,
    1.4142135623730951,
    1.4142135623730951,
    1.4142135623730951,
    1.4142135623730951,
    1.4142135623730951,
    1.4142135623730951,
    1.4142135623730951,
    1.4142135623730951,
    1.4142135623730951,
    1.4142135623730951,
    1.4023070484454536,
    1.3875642045344827,
    1.3704431524872442,
    1.352606174109908,
    1.3315290001568771,
    1.3082644264692245,
    1.2850178693215701,
    1.260987261526409,
    1.2349743170557166,
    1.2083279658580406,
    1.1808208168256848,
    1.153706304613282,
    1.126646717409983,
    1.1021920951330602,
    1.0779454100645836,
    1.0523054327923496,
    1.0277419664285203,
    1.0080752324450142,
    1.0001589519899265,
    1.0045514153764588,
    1.020668622308465,
    1.0325572467637856,
    1.0457868296044996
  ],