{
  "ctrl_x": [
    0.5517333036667683,
    0.5738238331262314,
    0.6051880505402831,
    0.6511903092103615,
    0.6910223447446442,
    0.7229039374351426,
    0.7463879971464847,
    0.7621480400603089,
    0.7717996235457166,
    0.7735067221256288,
    0.7694502841966667,
    0.7580183852812135,
    0.7522843821100776,
    0.7408068045213058,
    0.7211197107425809,
    0.694586770474973,
    0.6591204751983507,
    0.6250348169279855,
    0.596636422361099,
    0.5863256775399884,
    0.5742112169210488,
    0.6105054658348157,
    0.6220693618539167,
    0.6452938813542952,
    0.6577150254085733,
    0.6587272249694921,
    0.6884043945794477,
    0.6774643065662708,
    0.6884350566675275,
    0.6909880703386636,
    0.7000634729182764,
    0.744419150839648,
    0.7329747356297519,
    0.7757375161427545,
    0.7544390777547723,
    0.7675974995817054,
    0.7452550503882867,
    0.731173111063072,
    0.7432180827628615,
    0.7638436705492136,
    0.7909292849058979,
    0.7948673559677114,
    0.8067390814515518,
    0.8014876659621347,
    0.8237969713286665,
    0.8465483197619205,
    0.8596157935649372,
    0.8804440778589359,
    0.8910301470474784,
    0.8868842270805063,
    0.8868468678962731,
    0.8860502652427215,
    0.8856586719847218,
    0.8827090042395977,
    0.8672713583323516,
    0.8614842411702088,
    0.8435911354226336,
    0.8193965358893371,
    0.7814988295974369,
    0.7529803805308982,
    0.7179436728473079,
    0.7336356152165836,
    0.7325883717861813,
    0.7613218306464341,
    0.7844997430716186,
    0.7602935942857729,
    0.7691556380528969,
    0.7675307085043546,
    0.7545653974233324,
    0.7395879694109367,
    0.7164979828087186,
    0.6681950176473525,
    0.6863636717979671,
    0.636070844117103,
    0.622389048184968,
    0.6030114581979041,
    0.6122278333996832,
    0.6186970022672148,
    0.636971076922395,
    0.6466125971984145,
    0.6433849449222725,
    0.6760054541403537,
    0.6836769182346608,
    0.6830762155134925,
    0.7040792514699882,
    0.7218586371738195,
    0.7481593466941927,
    0.7669829753538032,
    0.7807575719767501,
    0.7832234220854687,
    0.7827489463170297,
    0.7834034429836518,
    0.7797082439204275,
    0.7663647328816428,
    0.7456979188567968,
    0.7185496076459005,
    0.6840469662258675,
    0.6399833777738738,
    0.5897131091035508,
    0.5331583395301547
  ],
  "ctrl_y": [
    -0.6570831721209811,
    -0.6251800659082201,
    -0.580606394303972,
    -0.5146240468941525,
    -0.44154377774223,
    -0.365736505147964,
    -0.28863483714897475,
    -0.21062275797404542,
    -0.1320245034657467,
    -0.054232803567292126,
    0.02309411663505367,
    0.09648688209751283,
    0.17343138950923553,
    0.2499316885947527,
    0.3249442692899524,
    0.39801277197722545,
    0.4687754073412311,
    0.5256356788997972,
    0.5645102972617332,
    0.5822961713587779,
    0.5872758572509672,
    0.563442647135628,
    0.5653051123225027,
    0.5477354232821143,
    0.5317655557402999,
    0.5325309771328637,
    0.5081296598076708,
    0.526890291672189,
    0.5069440098871012,
    0.5003162592936476,
    0.49666877782377455,
    0.44433418749905157,
    0.47993752066688444,
    0.4196406935351767,
    0.46894300435146996,
    0.4501028305516527,
    0.48660405311135646,
    0.5084371760811993,
    0.500902189635063,
    0.47500373349342495,
    0.4351322215672845,
    0.43544768798578226,
    0.4191547605968873,
    0.40745969643421015,
    0.3651672656922209,
    0.2940164660100971,
    0.24279778175361946,
    0.17247401678475724,
    0.09019653786131178,
    0.04178433156774481,
    -0.01809703530312236,
    -0.07517896796621834,
    -0.110971168758423,
    -0.18702110626265955,
    -0.2262959910527063,
    -0.2735251271367622,
    -0.34082657442857583,
    -0.39633807812295285,
    -0.46877978672273396,
    -0.5171282473539848,
    -0.5728097358446402,
    -0.5414331431545008,
    -0.544462016868729,
    -0.5054285741438848,
    -0.4717092174908535,
    -0.49673774385523994,
    -0.46549049920241736,
    -0.4652856467331296,
    -0.49308918707406696,
    -0.5108274614258445,
    -0.5366315200237504,
    -0.597674865110634,
    -0.5648948127003602,
    -0.6108965653970628,
    -0.6150124899987485,
    -0.6343692020158863,
    -0.6281518319343656,
    -0.6233184381263229,
    -0.6071914803875353,
    -0.5899106271131669,
    -0.5786831943551952,
    -0.5255988342694489,
    -0.49970237468316464,
    -0.48392726457846547,
    -0.44408086351418014,
    -0.3948495517569814,
    -0.3180006820811224,
    -0.2387038693738791,
    -0.15942013370906918,
    -0.07926482022335495,
    -0.00022578554014651646,
    0.07869650143730077,
    0.1583240155115119,
    0.23759556498949022,
    0.3161717174189316,
    0.39350806424895646,
    0.46785950652993974,
    0.5388866681863957,
    0.607460844322163,
    0.6703952858381137
  ],
  "amplitudes": [
    0.8580022922228222,
    0.8486011467542849,
    0.8386634376336003,
    0.8299920050525794,
    0.8200443820911558,
    0.8101563392068715,
    0.8002531546331798,
    0.790715866253083,
    0.7830102990514792,
    0.7754056010606986,
    0.7697967771259403,
    0.7641345371341604,
    0.7720169936172684,
    0.7818315487295794,
    0.790950324208698,
    0.8005404102079093,
    0.8088202416814485,
    0.8166770410049808,
    0.8213689160190945,
    0.826345346281939,
    0.8213473407443469,
    0.8307734591483944,
    0.8405594333390689,
    0.8464149616064973,
    0.845791736138389,
    0.8470600914469353,
    0.8556262978967833,
    0.858237301758507,
    0.8549473997909083,
    0.8531007400441863,
    0.8583523408131187,
    0.866944486294979,
    0.8761232714723316,
    0.8819676896701004,
    0.8883050508545215,
    0.8898305903005898,
    0.8900497708744424,
    0.8905742419153363,
    0.8962567278000786,
    0.8994919120652438,
    0.9027232045138949,
    0.9063270946823027,
    0.9091307160537078,
    0.8991139432283815,
    0.901104090493111,
    0.8961527436641575,
    0.8932469285537762,
    0.8971783884505582,
    0.8955836858661608,
    0.8878679871516656,
    0.8870314931185883,
    0.8892339117246726,
    0.892583824387016,
    0.9023037627946429,
    0.8963088109296755,
    0.9038645324161095,
    0.9098399626309924,
    0.9102167627535991,
    0.9113149340935743,
    0.913455569623318,
    0.9184520188120274,
    0.911795516780148,
    0.9127565996962675,
    0.9138210838998836,
    0.9153957792918148,
    0.9081821049119904,
    0.8990449379181635,
    0.897548952176461,
    0.9013910834915086,
    0.8988520789563571,
    0.8951774950544521,
    0.8964930708007509,
    0.8889326405188205,
    0.8819187787714762,
    0.8749905657520263,
    0.8752411685839709,
    0.8771531473760839,
    0.8782436199157251,
    0.8800077537674781,
    0.875272756823111,
    0.8653429532744623,
    0.8562928871670659,
    0.8468273683525096,
    0.8371252675690964,
    0.8324274176707773,
    0.8227916264675602,
    0.8129371696816061,
    0.8032698312127965,
    0.7968670938311154,
    0.7872241362079246,
    0.7827489788811802,
    0.7873462350307588,
    0.7956201603310252,
    0.8023506442369363,
    0.8099567526004056,
    0.8192448567290723,
    0.8287416786027186,
    0.8366466189353133,
    0.8466228371790897,
    0.8565556924593507
  ],