{
  "ctrl_x": [
    0.8126730048759787,
    0.8607566073922546,
    0.8972666782905957,
    0.9335031765292738,
    0.9620809971477264,
    0.9746123821731315,
    0.9782407781472079,
    0.9837752073058268,
    0.983502227908765,
    0.9856109404912147,
    0.9868890091955705,
    0.9839816159621072,
    0.971561688032727,
    0.9523176204281445,
    0.9360135292479782,
    0.9088627893547475,
    0.8946902705805581,
    0.8729988704356675,
    0.8548654451706109,
    0.8362926744694328,
    0.8301531332339573,
    0.8144272404002798,
    0.8145635465497801,
    0.8180990980764238,
    0.8184217768201707,
    0.8166519329599357,
    0.8180551010048936,
    0.8268333400719968,
    0.8367733166944828,
    0.8492528098875386,
    0.852532935723946,
    0.8535980909870371,
    0.8547799365210456,
    0.860432608321017,
    0.8655486148070759,
    0.8597754147795528,
    0.8569213779508082,
    0.8547298847381167,
    0.8635311186497473,
    0.87260761747504,
    0.885711433346091,
    0.8854958654566559,
    0.8902655099293071,
    0.9115439207296075,
    0.9407840267853589,
    0.9693642446199838,
    0.9898494676971344,
    0.9971501906461826,
    1.0,
    0.9999949676395393,
    0.9954956275753428,
    0.9996307013361143,
    0.9994690568094594,
    0.9976073186072985,
    0.9869976824519165,
    0.9725355586593265,
    0.9407770256741514,
    0.9094884196401183,
    0.8703559837673928,
    0.8549714747110907,
    0.8113756982326069,
    0.8118129891265609,
    0.806664282161752,
    0.8264106191233551,
    0.8358294088707919,
    0.845630428807642,
    0.8455614781840737,
    0.8496813181985132,
    0.841396781349008,
    0.8360947926903338,
    0.8305539930715314,
    0.8236581500502531,
    0.8262974217096867,
    0.8233228553313453,
    0.8244964696434124,
    0.8236910079365579,
    0.821621735241129,
    0.818117703732865,
    0.8205859471221643,
    0.8345109851220064,
    0.8548686003889254,
    0.874681259097394,
    0.8961285597586093,
    0.910620559032916,
    0.9227743258435656,
    0.9346975303363976,
    0.9457506830052282,
    0.962954960402433,
    0.9769534677281962,
    0.9855103616654223,
    0.9848551995232623,
    0.9887642236463137,
    0.9884606437277469,
    0.9758822721522283,
    0.9607859508071707,
    0.9559816337132186,
    0.9517997976931347,
    0.921491092051784,
    0.8787520704013384,
    0.8398415056637099
  ],
  "ctrl_y": [
    -0.6398876528541012,
    -0.5909465471037945,
    -0.5213252376903958,
    -0.4349739831521262,
    -0.3513921377017946,
    -0.28354766444297225,
    -0.23682893188338713,
    -0.166148909843145,
    -0.10343065633883265,
    -0.0048364231599744,
    0.09367302633191024,
    0.1798865779981668,
    0.2564138304759865,
    0.3450603133677307,
    0.4112084741933044,
    0.47936290893586403,
    0.5173432545296311,
    0.5405324753344911,
    0.5573197230808572,
    0.5682556609910883,
    0.5841606310180305,
    0.5906903057486802,
    0.5995691219579622,
    0.6049450935104274,
    0.6040311387828871,
    0.5981355335159648,
    0.5913964541394613,
    0.5832269596251966,
    0.5749492550874366,
    0.569554898483984,
    0.5653167066907382,
    0.5622562140758172,
    0.5597469100584445,
    0.5584915297827646,
    0.5685522346330378,
    0.5874493473564866,
    0.6082061968989867,
    0.6249375137381605,
    0.6281056291489642,
    0.6270378621237096,
    0.6199597948515841,
    0.602225255076814,
    0.5829133077306079,
    0.5319083034688192,
    0.45561754559464335,
    0.3636305508959945,
    0.269007939233929,
    0.19248579919808612,
    0.10448199549701262,
    0.03750368181225469,
    -0.04391673195476724,
    -0.11337510298750886,
    -0.18199769962361453,
    -0.23912788917314715,
    -0.31490411914854755,
    -0.3859946148674222,
    -0.480350674499764,
    -0.555869976485202,
    -0.6309553841078674,
    -0.6672548956251604,
    -0.7077820950828964,
    -0.7025181092665025,
    -0.7002472238075695,
    -0.6669413895360993,
    -0.6419550692321345,
    -0.6312790117908741,
    -0.6214187526883,
    -0.6211332646431024,
    -0.6171626244893905,
    -0.6192671098264357,
    -0.6239038639120048,
    -0.6253504539335759,
    -0.6326582693112958,
    -0.63680895401851,
    -0.6470062979481875,
    -0.6548108573520215,
    -0.6588525618261415,
    -0.6503712067974716,
    -0.6344250270179401,
    -0.6197695390722682,
    -0.6045028080725019,
    -0.5863745421293204,
    -0.563381479914683,
    -0.530735555143472,
    -0.49297472259611824,
    -0.44815428074496794,
    -0.3992127144265129,
    -0.32621494687242736,
    -0.24350576903961907,
    -0.14985970144693153,
    -0.05471643233051909,
    0.04304529944471645,
    0.13966579662780845,
    0.22861960893348354,
    0.28926888582299537,
    0.33090101101773356,
    0.3714823638930565,
    0.4399090782173485,
    0.52047673193015,
    0.5948854962383476
  ],
  "amplitudes": [
    1.0343566218327618,
    1.0440880033327273,
    1.0377222631434613,
    1.029869189076686,
    1.0242442479757456,
    1.015021464549519,
    1.0065003542011701,
    0.9977069302915,
    0.9889259491853705,
    0.985622806658287,
    0.9913246452768103,
    1.000289458854431,
    1.0048284262063698,
    1.0129044723167926,
    1.0223569514526916,
    1.0275312006635835,
    1.0334963586190435,
    1.0267922792235942,
    1.0204901778467395,
    1.0110884895100207,
    1.0150851528071625,
    1.0060848707795405,
    1.0114330938688914,
    1.0174697540643642,
    1.0171862274887704,
    1.012267996165851,
    1.0094374246325795,
    1.0118335133253222,
    1.0152616556619696,
    1.022557146319452,
    1.0229346926161766,
    1.022135877074856,
    1.021746222502877,
    1.025795819011367,
    1.035580053931452,
    1.0413023094034288,
    1.0508230231277962,
    1.0588248542330634,
    1.0678027318962524,
    1.0745327052315057,
    1.081126676385522,
    1.0708772971695524,
    1.0641243360148886,
    1.0553855990670815,
    1.0453047081632043,
    1.0353232424188092,
    1.0257520363475696,
    1.0155586076631147,
    1.0054434282360385,
    1.0006979871339194,
    0.9964638597898132,
    1.0060394888030788,
    1.0159043056252286,
    1.0258667113807958,
    1.0360159407181806,
    1.0463351545099964,
    1.0563134868630057,
    1.0659083526350372,
    1.0749996442857144,
    1.084529998803814,
    1.0767014524938585,
    1.0735790716859113,
    1.0682010290978674,
    1.0619629600302405,
    1.053905646462781,
    1.055274377995154,
    1.0493500271985121,
    1.0525040973515312,
    1.0434741246102381,
    1.0404548311563935,
    1.0387858137322608,
    1.0341546975086149,
    1.0406843492875444,
    1.0408583803904872,
    1.0480513241435598,
    1.052256687059594,
    1.053161418798426,
    1.0451312280246607,
    1.0372349837530035,
    1.0394820180508912,
    1.0470071484466859,
    1.053044352662115,
    1.0585107876284954,
    1.0539971688893999,
    1.0462010005514077,
    1.0365817539234425,
    1.0265549891577364,
    1.0167096179965212,
    1.0068431544494525,
    0.9968393065422705,
    0.9863739919498005,
    0.989700756677079,
    0.9982790085674206,
    1.002303913336616,
    1.0033873287886967,
    1.0116305467360862,
    1.0217250126977735,
    1.0211100968205273,
    1.021323273853743,
    1.0291853614729625
  ],