{
  "ctrl_x": [
    0.813735453473859,
    0.8386491278452336,
    0.8655794992167338,
    0.8938797457117365,
    0.9183918788464853,
    0.9399488143564555,
    0.9531049034111683,
    0.9611603848696839,
    0.9644216428955097,
    0.9722159478900149,
    0.9767222416252326,
    0.972482248402727,
    0.969995117038595,
    0.955437901447648,
    0.9431656635017756,
    0.9223786547601767,
    0.9023261399308877,
    0.8785249133650657,
    0.8326912293944684,
    0.8098498495820611,
    0.8194111919156831,
    0.8198011530451103,
    0.8233431124738905,
    0.8253105163674347,
    0.8275708580718796,
    0.8417873265021587,
    0.8580194178304923,
    0.8536893839555872,
    0.8397696858626067,
    0.8377709155154961,
    0.8538281904474041,
    0.8712807198589467,
    0.8821762607820955,
    0.8823939917581682,
    0.8880137483985893,
    0.8731852319981112,
    0.8568224144344188,
    0.8495665899573018,
    0.8615612810866766,
    0.8736002908662968,
    0.8984005563693369,
    0.9049578120121204,
    0.9067576032221337,
    0.9176502392811569,
    0.9494331169660509,
    0.9746658639315912,
    0.9939683545087646,
    1.0,
    1.0,
    0.9983756445008207,
    0.9950140110961366,
    1.0,
    0.9991226462983029,
    1.0,
    0.9874736595281237,
    0.9614164897737243,
    0.9345934151895349,
    0.9055014440883252,
    0.8586318772440327,
    0.833987242540943,
    0.8361524683608499,
    0.8239467635274992,
    0.8333446940649946,
    0.8810595100674722,
    0.8831720629957207,
    0.8644277364587014,
    0.8541764086356369,
    0.8660752603346987,
    0.8829107784114406,
    0.8814648441852967,
    0.8667696691369653,
    0.8560899307766404,
    0.8474660999842005,
    0.8392509017347498,
    0.8371779087842697,
    0.8413114760397948,
    0.8419534804988569,
    0.8485017237205549,
    0.8404507558999226,
    0.8198696941497673,
    0.8474322759081595,
    0.9005464583176638,
    0.9180936355386361,
    0.9160636161919343,
    0.9183216921538363,
    0.9351460649447841,
    0.9520328428413568,
    0.9620327253998351,
    0.9706409118664464,
    0.9732518495190303,
    0.9705742904461053,
    0.9632659697860592,
    0.9661265065767064,
    0.9596068830292185,
    0.9448376736891658,
    0.9259642288180817,
    0.88900795927315,
    0.8382289102496866,
    0.805204316849851,
    0.8058438261439149
  ],
  "ctrl_y": [
    -0.643631970086374,
    -0.5943469819110312,
    -0.5336278867791311,
    -0.4632955731505374,
    -0.3868193966584771,
    -0.3004894985139171,
    -0.2217555955257906,
    -0.12868195487626485,
    -0.03313122301807014,
    0.03827358582606914,
    0.10137659601320753,
    0.18513997902737028,
    0.22814022039258183,
    0.28934290483164155,
    0.35109125374329847,
    0.42724389635439186,
    0.48813233130726796,
    0.5503931493789925,
    0.6039432347360526,
    0.6347819837504477,
    0.6256361404560419,
    0.6085012435180336,
    0.6120911718324945,
    0.6197982257289084,
    0.6307244520224269,
    0.6263035426723966,
    0.6101212215909911,
    0.6194531814376024,
    0.6374676320863579,
    0.6234823512934208,
    0.6062428423918338,
    0.5949961730831134,
    0.5956058149222879,
    0.586990839171828,
    0.5855542970847455,
    0.6059918858495376,
    0.6456764315052725,
    0.6566269956348942,
    0.6423302806028313,
    0.6098657888003424,
    0.572496091822631,
    0.5410832801295263,
    0.5425763801534745,
    0.5089566073655307,
    0.42434646866852416,
    0.34158977662501694,
    0.262355826734787,
    0.19073461366666683,
    0.1319014857981138,
    0.0415708478233234,
    -0.01563895045911261,
    -0.06824924570140996,
    -0.1642915113928121,
    -0.20743563818162955,
    -0.28121787419107414,
    -0.37759713073250245,
    -0.46322717949606307,
    -0.5366154698844413,
    -0.6241218971256248,
    -0.6726196521647314,
    -0.6864798187591763,
    -0.6911890467197155,
    -0.6708519082100287,
    -0.6179960572994802,
    -0.5973539559502715,
    -0.6260377950570423,
    -0.6440294626435367,
    -0.6375545881899697,
    -0.6235715882012125,
    -0.6301954960851632,
    -0.6524265315895512,
    -0.6732408672236581,
    -0.6864177223034406,
    -0.6868149115875524,
    -0.6791506479590549,
    -0.6760516520583911,
    -0.6681193874920018,
    -0.6479835402810431,
    -0.6457078096851784,
    -0.6570680579427643,
    -0.6254214639412569,
    -0.5540233632797359,
    -0.5025528606534481,
    -0.4828090312570985,
    -0.4518808958887188,
    -0.39496442011887534,
    -0.3244386525449121,
    -0.26203795184082884,
    -0.18625923349609147,
    -0.11742821959669088,
    -0.019350025115681888,
    0.04937659501976254,
    0.11981607206689807,
    0.20612941210931732,
    0.2707064761181917,
    0.35632021347763404,
    0.4325679337993025,
    0.5142584270529799,
    0.5631896660267384,
    0.545996393130118
  ],
  "amplitudes": [
    1.037510241471174,
    1.0279011112662164,
    1.0168513121458087,
    1.0068087146496913,
    0.9965304254072755,
    0.9868118930815801,
    0.9785624666077329,
    0.9697362172021915,
    0.9649905612097701,
    0.9729690214511794,
    0.9819692212613613,
    0.9899487538719761,
    0.9964629883941969,
    0.9982889862655492,
    1.0063928344656403,
    1.0165233542468544,
    1.0258974781478138,
    1.0366960221233716,
    1.02865062790722,
    1.0289824807848968,
    1.0309487289295296,
    1.0209543054892738,
    1.0259383429297637,
    1.0321275546381778,
    1.040522397408541,
    1.0492197246638315,
    1.0528272538312542,
    1.054754856955699,
    1.0543140458381313,
    1.0443133386383825,
    1.0471642482218435,
    1.0550594953752488,
    1.0644159158227213,
    1.0598006425562125,
    1.0636927433142165,
    1.0628634037801254,
    1.0728665826087649,
    1.073742241959487,
    1.0746515856067154,
    1.065417171135674,
    1.0653052777663876,
    1.0543812202223122,
    1.056692234901722,
    1.0493420747467412,
    1.0399486377044387,
    1.0327909380935931,
    1.0280095668750144,
    1.018027353684847,
    1.0086614902710176,
    0.9992407432251645,
    0.9951369046764799,
    1.002326273994058,
    1.012540252563748,
    1.0212881787173589,
    1.0267364418517595,
    1.0329091247279445,
    1.0430936063170535,
    1.0525630754331743,
    1.06149745317231,
    1.0714251804019028,
    1.081852805103159,
    1.0754676040833353,
    1.0698157139784947,
    1.0761900329951195,
    1.0662197904492094,
    1.0673137459992714,
    1.069762256682576,
    1.0754358230438013,
    1.0809130252924508,
    1.0835712412299592,
    1.0848732822121558,
    1.0891020314356301,
    1.0905815329972695,
    1.0844615248323048,
    1.0780131973123555,
    1.0792825561302926,
    1.0748344892432633,
    1.067631885825778,
    1.0598566169917427,
    1.0506782324545936,
    1.0532300175219598,
    1.0573201079371743,
    1.046640005621567,
    1.0355081407570206,
    1.0234798846823892,
    1.0151330237666163,
    1.0057966857738962,
    0.9970811666786065,
    0.9883502829723266,
    0.9803104351938022,
    0.9707671588732997,
    0.9645306509819285,
    0.9735277694219363,
    0.9814961561277685,
    0.9828531049117583,
    0.99215616088568,
    0.9886607957244024,
    0.9834070549743794,
    0.9826172152944118,
    0.9733942333121574
  ],