{
  "ctrl_x": [
    0.6818530054204908,
    0.6793817959411608,
    0.6492617545606285,
    0.6546047238852558,
    0.6652906800874135,
    0.6434149364784862,
    0.6333655432619388,
    0.6238298547009911,
    0.6400379478204146,
    0.6353865321114248,
    0.6146088492474849,
    0.5934155877788365,
    0.572993034919893,
    0.5684066133931298,
    0.5597068769790624,
    0.5603246772139489,
    0.5881505166966502,
    0.5981229849849418,
    0.6206287787744553,
    0.6317132245940738,
    0.631321096255716,
    0.6922552388223339,
    0.7179653464923136,
    0.7548999314301958,
    0.7869398875440551,
    0.8236693083326596,
    0.842740897381449,
    0.8643284847445674,
    0.8884257585659755,
    0.9134275652992363,
    0.9532487769940989,
    0.9180295360512397,
    0.9178596523914373,
    0.8926231154895387,
    0.9225848479177228,
    0.944637379737988,
    0.9758641825673717,
    0.993824153321998,
    1.0,
    0.9903147825853956,
    0.9697096549816622,
    0.9609918422691995,
    0.9727307469243229,
    1.0,
    1.0,
    1.0,
    1.0,
    1.0,
    0.994741016824332,
    0.975705584103229,
    0.9390412948331505,
    0.8954463496232216,
    0.8431459965568542,
    0.7642519058746597,
    0.6689785729100851,
    0.5751797289011443,
    0.5068187097347906,
    0.5098677949225998,
    0.5245006240952319,
    0.5053629163775234,
    0.5327163549242152,
    0.560477414937457,
    0.5280578767241856,
    0.4954425082316058,
    0.5012160420547115,
    0.48799082166844815,
    0.4835405440929297,
    0.5117039588599238,
    0.5440865578924632,
    0.5598016818553208,
    0.5906791707475336,
    0.5588544310268695,
    0.5482971932274543,
    0.5150690929634204,
    0.5203910193283752,
    0.52791174732086,
    0.5065272075716986,
    0.4688653380992272,
    0.4891527505848069,
    0.398052194183018,
    0.36340122999769375,
    0.3009997186292116,
    0.20193412390921522,
    0.1330425097758416,
    0.1163790053428939,
    0.15204368770862167,
    0.24915643983239658,
    0.30400360892504524,
    0.24543322589538208,
    0.2822580469781188,
    0.21878199088334335,
    0.2925131304676465,
    0.29233183326972506,
    0.3321185367015894,
    0.3608410566143667,
    0.3069274129522977,
    0.27263370226065,
    0.17432875246736199,
    0.1800911809909497,
    0.15669862194358838
  ],
  "ctrl_y": [
    1.0,
    0.9989994246131152,
    1.0,
    1.0,
    1.0,
    1.0,
    1.0,
    1.0,
    1.0,
    1.0,
    1.0,
    1.0,
    1.0,
    1.0,
    1.0,
    1.0,
    0.9996907400424866,
    1.0,
    1.0,
    1.0,
    1.0,
    0.9970537391486971,
    1.0,
    1.0,
    1.0,
    0.9949870967797833,
    1.0,
    1.0,
    1.0,
    0.995064109521305,
    0.9721885003105462,
    0.9739838459024188,
    0.9511459572743477,
    0.9555790916344583,
    0.9085341748162783,
    0.8629549772361209,
    0.800807371054532,
    0.7352951574261462,
    0.6715437281622502,
    0.6396019864062241,
    0.6297370702713413,
    0.5753143232427755,
    0.4868194942145288,
    0.33122694482024967,
    0.21509926279757788,
    0.07365952422255344,
    -0.07378473768818412,
    -0.18754251363010424,
    -0.3007440870964824,
    -0.4213933382980476,
    -0.5478530228084327,
    -0.658148577591576,
    -0.7492527545219168,
    -0.8510285322495673,
    -0.9341197355808132,
    -0.9601275533211677,
    -1.0,
    -1.0,
    -1.0,
    -1.0,
    -1.0,
    -0.9883844244087981,
    -1.0,
    -1.0,
    -1.0,
    -1.0,
    -1.0,
    -1.0,
    -0.9974138790712265,
    -1.0,
    -0.9994304838798781,
    -1.0,
    -0.9953263973381774,
    -1.0,
    -1.0,
    -0.9996865286388449,
    -0.999198048336093,
    -0.9998381061002496,
    -0.9728026800637083,
    -1.0,
    -0.9994114593982792,
    -0.9986419384801872,
    -1.0,
    -1.0,
    -1.0,
    -1.0,
    -0.9943015879349615,
    -0.9916810847359178,
    -1.0,
    -0.9966812057615845,
    -1.0,
    -0.9925825709730045,
    -1.0,
    -1.0,
    -0.9918074506056359,
    -1.0,
    -0.9935857880413428,
    -1.0,
    -1.0,
    -1.0
  ],
  "amplitudes": [
    1.2103402500953837,
    1.208122293078632,
    1.19228386969511,
    1.1952018007570486,
    1.201087710790171,
    1.189110079212019,
    1.1837026279397587,
    1.178627883437457,
    1.1872862227155538,
    1.1847852316722143,
    1.1737734183279658,
    1.1628164342745169,
    1.1525280986018127,
    1.150254788361712,
    1.1459807101943973,
    1.1462825759361939,
    1.1598718058549535,
    1.1652257743318661,
    1.1769367362110301,
    1.182819342979748,
    1.1826099638416374,
    1.213809488522546,
    1.2310459937645823,
    1.252946090808904,
    1.2725071263485521,
    1.2916773793201861,
    1.307750824935427,
    1.3217653836974397,
    1.3376473109469211,
    1.3507414627181318,
    1.3615556216977749,
    1.3384404212146768,
    1.3217961164746495,
    1.3076342862877168,
    1.2948347958007862,
    1.2794651507309003,
    1.2623800332519346,
    1.2362626809301198,
    1.204562567421906,
    1.1789037575739367,
    1.1562463373514256,
    1.1200410222113486,
    1.087749201773663,
    1.0534283501856958,
    1.0228722759250353,
    1.0027091928912855,
    1.002718398911536,
    1.0174341228888963,
    1.0392096499148777,
    1.062814062953721,
    1.0871713241261733,
    1.1112982116602939,
    1.1279516220425991,
    1.1438227740064904,
    1.148961274984663,
    1.1192303780657875,
    1.1210999975636597,
    1.1224817006522798,
    1.1292036595212964,
    1.1204426255947226,
    1.1330431213346395,
    1.1362388406795842,
    1.1308603455645863,
    1.1160032611792965,
    1.118578348088765,
    1.1127151666229085,
    1.1107706593989988,
    1.1233169372500882,
    1.1361622369376565,
    1.1460270167007607,
    1.1609320285285272,
    1.145564609735464,
    1.1363557758639236,
    1.124853844073158,
    1.127300675506595,
    1.130514912993786,
    1.1202528963627096,
    1.1043146941343471,
    1.0888597098542199,
    1.0763110838850984,
    1.063430166555583,
    1.0430180017172908,
    1.0201849785205535,
    1.0088113348924341,
    1.006749260185773,
    1.0114926015409291,
    1.0250436962783296,
    1.037231684852742,
    1.0296783324773877,
    1.0358779035206165,
    1.0236530464639273,
    1.034786978897281,
    1.041853109004738,
    1.053709031194478,
    1.0554090615564298,
    1.0460422729610837,
    1.0303115324046823,
    1.0150815306845193,
    1.0160870206191568,
    1.0122027751982403
  ],