{
  "ctrl_x": [
    0.412334531440839,
    0.4782369526126031,
    0.5378751711603925,
    0.5905432881073459,
    0.6359645145688111,
    0.6737095693748804,
    0.703231190617734,
    0.7248943387778819,
    0.7381463071097442,
    0.7545167490899523,
    0.7718600693566942,
    0.7812437719347102,
    0.78264650136405,
    0.7760833708346123,
    0.7611289567520987,
    0.7377631883001662,
    0.7061704867089329,
    0.666173617943065,
    0.6181451079401011,
    0.5621379770317904,
    0.5691763363120447,
    0.5913227743003678,
    0.6119678841599505,
    0.6277836202357758,
    0.6472068476525558,
    0.6740065569294557,
    0.700862555644986,
    0.7227730832585422,
    0.7263776399796509,
    0.738863025131441,
    0.7695024642334772,
    0.7997784932886924,
    0.8178110449625474,
    0.8338112651438241,
    0.839706243788187,
    0.8397494392715834,
    0.824213401087743,
    0.819460688707123,
    0.8260921405599648,
    0.8415237713640565,
    0.8516229217091932,
    0.8500563588782333,
    0.8504721806165173,
    0.8557933572079107,
    0.8713975943935336,
    0.8842052176502576,
    0.8889315442696337,
    0.8908794420775481,
    0.8954106267233467,
    0.8928823607906187,
    0.8881288355372079,
    0.889229030370414,
    0.8925485702962938,
    0.8906031889219953,
    0.8882431001943796,
    0.8785184899909513,
    0.8598561955033625,
    0.833042370334473,
    0.8092217532330441,
    0.7915248277545237,
    0.7817746545963072,
    0.7888353054066364,
    0.8174129257424015,
    0.8417200265588574,
    0.8471248792782877,
    0.8292621749865511,
    0.8192531085544263,
    0.8181051361196177,
    0.8175400075723688,
    0.8024167336719389,
    0.7795717353854587,
    0.7447298384687239,
    0.7098437058724673,
    0.683462395124122,
    0.6662304028067084,
    0.6508037749116616,
    0.6373239457333026,
    0.619945054420664,
    0.6006282893637525,
    0.5917027901935069,
    0.6004166157917293,
    0.6311657815907905,
    0.6675877547540938,
    0.7099602383803477,
    0.7439648584921141,
    0.7694270013382684,
    0.7863395202680468,
    0.7944372924365667,
    0.7936674854068309,
    0.7844930962562322,
    0.7672989688143406,
    0.742943859075229,
    0.7109892902494017,
    0.6898378110737488,
    0.6595637926966896,
    0.6226614151006641,
    0.5796172369477963,
    0.5290497409965179,
    0.46940101754048835,
    0.40662440444259673
  ],
  "ctrl_y": [
    -0.731343302283968,
    -0.6780238346578041,
    -0.6195826225265717,
    -0.5560064030535479,
    -0.4877551462000225,
    -0.4156498147576759,
    -0.3405267944395141,
    -0.26378903120870406,
    -0.18638461949441526,
    -0.11077140602152845,
    -0.03418253171184277,
    0.04465216267381034,
    0.12474724923540959,
    0.2053032390894058,
    0.28564229429856763,
    0.36510279730311773,
    0.44271870395885454,
    0.5178743847986699,
    0.58973687726751,
    0.6578274690771261,
    0.6659205111928252,
    0.6605117130861531,
    0.6557233672969257,
    0.654770973133069,
    0.649981771123531,
    0.6370126586628506,
    0.6205634745059767,
    0.6113428066080123,
    0.599085570758543,
    0.5849695767319592,
    0.5546035515807933,
    0.5253792836172637,
    0.5011025114448441,
    0.4883274707559959,
    0.48099609356527706,
    0.49025198460599634,
    0.5050712657442455,
    0.5186713180665964,
    0.5037428251567961,
    0.4655802877573492,
    0.4304428948445513,
    0.41772886588975233,
    0.4070485872184661,
    0.3742455486809309,
    0.32031684878450134,
    0.24831548614700963,
    0.18751140319242832,
    0.13664863689685128,
    0.07690254222041382,
    0.038036561022189164,
    -0.007090590463029459,
    -0.06302584028516561,
    -0.09795843116484133,
    -0.15374832155444904,
    -0.20034124125442848,
    -0.27325468596204605,
    -0.3501412824469496,
    -0.42543057228606973,
    -0.47964126545808583,
    -0.5251257306731696,
    -0.5513058922039057,
    -0.5456268786851983,
    -0.5181147737989135,
    -0.4930790228169037,
    -0.48470411456089063,
    -0.5013730359602995,
    -0.5255721521346822,
    -0.5348998423148852,
    -0.5470036163806821,
    -0.5632772091288081,
    -0.5903278976414355,
    -0.6193005099421794,
    -0.6438531540315366,
    -0.6580372408907547,
    -0.6619971606953333,
    -0.6628885960619563,
    -0.6622002585520764,
    -0.6643377169172535,
    -0.6682155577232427,
    -0.6623423660307186,
    -0.640303217206389,
    -0.5951204971592561,
    -0.5377512416405201,
    -0.4618479327953632,
    -0.3826818357601804,
    -0.30116782998153163,
    -0.2180945093103526,
    -0.1347622362258441,
    -0.05232041183177974,
    0.02829530329619388,
    0.10631665481779877,
    0.18115608786305962,
    0.252097809727661,
    0.3268567802711132,
    0.3990777153667755,
    0.46876970159715853,
    0.535871390662074,
    0.598617918995348,
    0.6530614162938377,
    0.7053620575213744
  ],
  "amplitudes": [
    0.839572981708056,
    0.8297149529858207,
    0.8204829833017414,
    0.8111007923588659,
    0.8014711139120042,
    0.7916118697792353,
    0.7813402621066489,
    0.7713990247454616,
    0.7613141251046317,
    0.7626046348202037,
    0.7726166010004909,
    0.7825187836839586,
    0.7925259757819861,
    0.8027794332608529,
    0.8129629813827243,
    0.8231613296367778,
    0.8334726193065607,
    0.843789765091965,
    0.8543377311575987,
    0.8652953740161858,
    0.8760204501293993,
    0.8865316387643976,
    0.8969268786598078,
    0.9071037984122671,
    0.9172529675292638,
    0.927399571964864,
    0.9361128926556621,
    0.9466472189123154,
    0.9415561570896854,
    0.9423948087762113,
    0.9485352612778417,
    0.9569059671573379,
    0.9591238878471664,
    0.9662840910289751,
    0.9677106064738171,
    0.9723816787491715,
    0.9666564612172822,
    0.9698122274550329,
    0.9675665654578476,
    0.9617313877164461,
    0.9542236040376805,
    0.947150050766434,
    0.9428634484161337,
    0.9340460379171242,
    0.9284054346728429,
    0.9184113716523576,
    0.9084931572250774,
    0.901298524509039,
    0.8987069552691016,
    0.8936921674633963,
    0.8881571398045457,
    0.8914597719455196,
    0.897908015653182,
    0.903776845520418,
    0.9105561037027251,
    0.9200341627658168,
    0.92841348257073,
    0.9353880278302317,
    0.9406888908857145,
    0.9498781953318324,
    0.9566137137569792,
    0.9591505772295262,
    0.9677844853062338,
    0.9755098799357781,
    0.9759911063962164,
    0.9690462713676128,
    0.9733456441447571,
    0.9774527380153923,
    0.9836587926283042,
    0.9803845310900627,
    0.9778645700431388,
    0.9685843556037311,
    0.9583449121913861,
    0.948753843706532,
    0.9392034872127935,
    0.9289600875324301,
    0.9190707231935432,
    0.9086674158455716,
    0.8984800351523744,
    0.8881495379506492,
    0.8777746421967574,
    0.8674898558428182,
    0.8572338118527134,
    0.8469634307975938,
    0.8366176534666078,
    0.8262687046017079,
    0.8160239310992695,
    0.8057862445627458,
    0.7953901576498474,
    0.7850032116254771,
    0.7746295492912708,
    0.7647111257902832,
    0.7543600443547046,
    0.7633554613652933,
    0.7709003953422302,
    0.7793922446308088,
    0.7893758855558631,
    0.7988973910276611,
    0.8042552634081788,
    0.8141738379971952
  ],