{
  "ctrl_x": [
    0.843817741786145,
    0.8834128659259926,
    0.9176575917143716,
    0.9514903909580066,
    0.9680386988792794,
    0.9759124502793595,
    0.9835054038785311,
    0.9872077527249081,
    0.9880183240576039,
    0.9881552474574021,
    0.9835671682238997,
    0.9771509498991751,
    0.958668856044518,
    0.9417688738302479,
    0.9155495571838613,
    0.9031201365628411,
    0.879150671515927,
    0.8590252174762031,
    0.8398269225589634,
    0.8221413686724431,
    0.8081868317591608,
    0.8004823932147235,
    0.8032592029140405,
    0.8079563936475638,
    0.8122263799427829,
    0.8174540191669211,
    0.8194446004118663,
    0.8300992486757465,
    0.8364010195977526,
    0.8461637157613643,
    0.8453125766550823,
    0.8459180163031744,
    0.8457826765590933,
    0.8492503876096442,
    0.8473665930604312,
    0.8392378221613692,
    0.8234608438614842,
    0.8143747311102614,
    0.817553478353545,
    0.8334274887323961,
    0.8639495041611258,
    0.8779378660461692,
    0.9024603970886402,
    0.9169771712223727,
    0.9494525939239224,
    0.972127108209063,
    0.9912450590472099,
    0.9986815281968585,
    1.0,
    0.9959018842135235,
    0.9975196450961886,
    1.0,
    1.0,
    0.9912288012399079,
    0.9733165704422417,
    0.9569940276244754,
    0.9237657361251209,
    0.9137610217456573,
    0.88443568655871,
    0.8592813449316528,
    0.8328965703562808,
    0.8114255296070448,
    0.8134376566302156,
    0.8193533902988511,
    0.833496153885322,
    0.8400619227858495,
    0.8419253082044585,
    0.8412141531840737,
    0.8382185126993029,
    0.8427552625036134,
    0.8334308305556145,
    0.8317948874577735,
    0.8188680294281541,
    0.8087920303271974,
    0.8094946357428833,
    0.8126937196990137,
    0.8100766247270236,
    0.8160892918733966,
    0.8153343825182092,
    0.8153175932764762,
    0.8264559009244528,
    0.8419792455064891,
    0.8604605378790374,
    0.8822133621189351,
    0.9060681595633702,
    0.9147705306099447,
    0.9407335177075471,
    0.9585047810078714,
    0.9797128632416627,
    0.9878199809587231,
    0.9887165859128253,
    0.9887859798747018,
    0.9903037652192256,
    0.9832751891409544,
    0.9664232333975872,
    0.9655156319782756,
    0.9517868527342696,
    0.9268841873177659,
    0.8902146049960075,
    0.8470048354926678
  ],
  "ctrl_y": [
    -0.6312404930878159,
    -0.555767945816544,
    -0.4771771608179309,
    -0.3803978428894111,
    -0.3104581448033102,
    -0.25982747289427355,
    -0.20223710889350613,
    -0.12666224152305683,
    -0.027319266463091633,
    0.06999556824337566,
    0.15963687236836543,
    0.24100945946831256,
    0.3377761289881118,
    0.40779802178583613,
    0.47825881955598043,
    0.5161090524247941,
    0.5426196313606633,
    0.563829924581986,
    0.5794394751732045,
    0.59242754871792,
    0.6050065113260964,
    0.6143969695968932,
    0.6259343148216534,
    0.6346373458229061,
    0.6372151896274582,
    0.6365602627576882,
    0.6250229522155754,
    0.6188705299943397,
    0.6110618541923885,
    0.6100913743873613,
    0.6045750888253609,
    0.6002043372575089,
    0.595025657292827,
    0.5956474588303363,
    0.6042357362308246,
    0.6184858343752171,
    0.6406226163142313,
    0.6620229073156204,
    0.6706078720463802,
    0.6660860900195983,
    0.6421226800855838,
    0.6206213667817687,
    0.5663362272571907,
    0.5225591448116648,
    0.4372020177379562,
    0.35621289489725,
    0.261855760391613,
    0.1821221557280882,
    0.10831665278544025,
    0.038603266443985644,
    -0.039295099022460506,
    -0.11479847193091375,
    -0.18405263700352878,
    -0.2691098164156656,
    -0.35856572681231746,
    -0.42547575806156657,
    -0.5144921389970436,
    -0.55190262680766,
    -0.6162598951363552,
    -0.6484889265828241,
    -0.671820005581941,
    -0.6820250828268272,
    -0.6672539018634935,
    -0.6441377851591583,
    -0.6218182347692697,
    -0.606478801098016,
    -0.5982673626467692,
    -0.5986352564680394,
    -0.6013434003788083,
    -0.6098422706464234,
    -0.6091489025372483,
    -0.6150718600483616,
    -0.6165551779623831,
    -0.6221154163646017,
    -0.6352450357959677,
    -0.6445729189319689,
    -0.6427621109703359,
    -0.6423628323943191,
    -0.6322109432087167,
    -0.6168644856688036,
    -0.6030643523909374,
    -0.5881181239344712,
    -0.5695862164237924,
    -0.5504937962061385,
    -0.5210907699313324,
    -0.4840052698674854,
    -0.41380291931409047,
    -0.3423013739443484,
    -0.24286233422573877,
    -0.15888705921641907,
    -0.060868764468609865,
    0.03499290560094106,
    0.1298502144740897,
    0.20778144166493437,
    0.26346834537264174,
    0.3024164791062214,
    0.37185204068261896,
    0.45336856878901904,
    0.5411723136933179,
    0.6219689607916583
  ],
  "amplitudes": [
    1.0537992889857244,
    1.0436935859152898,
    1.0343082221645934,
    1.0247128783031554,
    1.0166037488631454,
    1.0099086227381602,
    1.004083028275987,
    0.9953001911322074,
    0.9883959484911287,
    0.9906311991106038,
    0.9964378081082305,
    1.006434070588863,
    1.0164343013023016,
    1.0262688918056195,
    1.032938763984896,
    1.040189663023097,
    1.0331224359023898,
    1.02753516149773,
    1.0203231670622097,
    1.0133542473205122,
    1.0095537795362286,
    1.009086566205604,
    1.018341354132961,
    1.0274035695621853,
    1.0323540527197612,
    1.0360695158020479,
    1.0306032912524763,
    1.0354059568823784,
    1.0358393964477313,
    1.043170417033065,
    1.039261463867225,
    1.0372186542716164,
    1.0341198522435515,
    1.0373148586934289,
    1.0407357820183032,
    1.0425185127703807,
    1.0433048921127317,
    1.04951442700019,
    1.0574065481254382,
    1.066898335499866,
    1.0764433482634133,
    1.0751491885053777,
    1.0654442691278105,
    1.0554218077950082,
    1.0452778733059478,
    1.0353350863396809,
    1.025248850931215,
    1.0151518479363857,
    1.005849142401902,
    0.9966497755782578,
    0.9982933171969104,
    1.0065677767332277,
    1.016796623316557,
    1.0271098430541779,
    1.0372629978659669,
    1.047314274516957,
    1.0573766104508553,
    1.0674997491048244,
    1.077962310107384,
    1.0765232545784107,
    1.0700742108897747,
    1.0599856620270924,
    1.0520972344684274,
    1.0422348413212674,
    1.0398912229811323,
    1.0361083776786797,
    1.0328417409281507,
    1.032475385567982,
    1.0316124079376805,
    1.0402615188233773,
    1.0323126148521848,
    1.0345028408971342,
    1.0250293347469497,
    1.0203784296031018,
    1.0289887369645614,
    1.0372778460271372,
    1.0341021560891213,
    1.0385719718691016,
    1.0317271112213757,
    1.0223818130158533,
    1.023091378762205,
    1.0270403972404778,
    1.031901543359178,
    1.0398768369199503,
    1.0452249041628225,
    1.0349232942261457,
    1.0277219504181467,
    1.0177925357454416,
    1.0093658443729663,
    1.0005165727601588,
    0.9905884583150807,
    0.9894049815111963,
    0.998780569297552,
    1.0049891666483466,
    1.001693283926794,
    1.0117688285519635,
    1.021847421681747,
    1.0318223470469705,
    1.041801092366665,
    1.0508389883974694
  ],