{
  "ctrl_x": [
    0.2436288869101423,
    0.30855990295111724,
    0.36987913287668156,
    0.4250454997002588,
    0.47469259721081036,
    0.5220020599130911,
    0.5641322755536852,
    0.6009068961626847,
    0.636486203243548,
    0.665741673066574,
    0.6946895379714779,
    0.7184475140342084,
    0.7354703468027722,
    0.7441572906066242,
    0.7453525400951926,
    0.7381643938297389,
    0.7226148848964187,
    0.6989568430262542,
    0.6685465588005116,
    0.6313482493389129,
    0.5831928604895428,
    0.5268249225409452,
    0.45600217995704306,
    0.3931646533262722,
    0.38959681681824726,
    0.4378248143175126,
    0.48726068703611164,
    0.518289471346897,
    0.5530379908629979,
    0.5978341273746623,
    0.639066522871274,
    0.6852478321556559,
    0.7252410987103428,
    0.7586644940886984,
    0.780872001478863,
    0.7914203926071712,
    0.8021430098619577,
    0.8078404482159334,
    0.8231210898727631,
    0.846419795077645,
    0.8583436710286081,
    0.8593972095734286,
    0.8623555467965794,
    0.8683174439488487,
    0.8745147833477053,
    0.8842336966769585,
    0.8904205911334288,
    0.8886920154840341,
    0.8870973815037132,
    0.8879432926769812,
    0.8840364451845603,
    0.880932083496267,
    0.8852976515879174,
    0.8885222122615792,
    0.8830411998162212,
    0.875018234636097,
    0.8621767550498588,
    0.8386267341078171,
    0.8153530036896043,
    0.8045629350161027,
    0.794802234677011,
    0.7966549534910615,
    0.8058781525764995,
    0.8145801080383905,
    0.8094571410991231,
    0.7846559923890284,
    0.7567209277235741,
    0.7329449030536699,
    0.7040094958775575,
    0.6741520782511382,
    0.6273838996065287,
    0.5733959142684039,
    0.5226505968021119,
    0.47474937935764405,
    0.43443634478543164,
    0.4042514223694185,
    0.3984371241199303,
    0.4600234712938249,
    0.5245218844258966,
    0.5777011734473294,
    0.6239102334368569,
    0.6625474632939657,
    0.6933090910150247,
    0.7159232641562131,
    0.7307018888942091,
    0.7374824131495207,
    0.7365457453098324,
    0.72761682515441,
    0.7109500543254748,
    0.6870544734563163,
    0.6572747074784584,
    0.6220769352030382,
    0.5882809290993477,
    0.5589521644788583,
    0.5222223319321959,
    0.4783628314568274,
    0.42793109181051175,
    0.37215803038253176,
    0.31135229568705364,
    0.24884532466278889
  ],
  "ctrl_y": [
    -0.7090269439519673,
    -0.6725366011406436,
    -0.6307465228807693,
    -0.5820292937158987,
    -0.5288608632129466,
    -0.4751388194223826,
    -0.41800791379546354,
    -0.3576414993696362,
    -0.2961137286217594,
    -0.23072067019590342,
    -0.1638511241380253,
    -0.09367982728933973,
    -0.020457473361539174,
    0.054714594681613965,
    0.1313799088533541,
    0.20930591323328965,
    0.2871949317970367,
    0.36297706685163905,
    0.43523830379229284,
    0.5033188965333465,
    0.5686654985327764,
    0.6275870726811826,
    0.66901237963059,
    0.7179156010190538,
    0.7304652069620242,
    0.713517012027806,
    0.6917631002535213,
    0.6615145942144989,
    0.6446275185369705,
    0.6150486637430949,
    0.5612802089253477,
    0.5125760651693934,
    0.4661840031545392,
    0.42714401447521977,
    0.4038062886102084,
    0.3939748399838933,
    0.393279897024029,
    0.388034782836952,
    0.3668264905642142,
    0.3252976749443502,
    0.2874797042301052,
    0.2736766513821451,
    0.2654997129403807,
    0.23879471598318705,
    0.19558055220045575,
    0.14830788712470386,
    0.10263443936667255,
    0.06435140764009942,
    0.039019942046423464,
    0.01695329876840554,
    -0.009096853845473955,
    -0.031042615133793555,
    -0.05188377978192181,
    -0.07822381516230749,
    -0.11580187548889644,
    -0.1617875147719188,
    -0.2255274659162967,
    -0.2890932467335052,
    -0.3395593541575349,
    -0.38098475617970745,
    -0.4089856660759847,
    -0.4095257309312745,
    -0.3856676483112114,
    -0.37101476109801007,
    -0.3838240145483799,
    -0.412169879485934,
    -0.44839627377821956,
    -0.48482470351598367,
    -0.5128045697931229,
    -0.5486756634229008,
    -0.5953495056038622,
    -0.6449605904959764,
    -0.6829776248381237,
    -0.7056526095562538,
    -0.7211227951926744,
    -0.7384306241653378,
    -0.7319576061209692,
    -0.6830935411484672,
    -0.6322654321686642,
    -0.5691872999625692,
    -0.5016212203715524,
    -0.4310065367194973,
    -0.35770878365266523,
    -0.2821343661843081,
    -0.20562683993978373,
    -0.12905167792537,
    -0.05331905053420499,
    0.02096618208495191,
    0.09289636664514651,
    0.16154795320854654,
    0.22665194148074896,
    0.2877341569665406,
    0.3478602166493202,
    0.41121308561756564,
    0.47166368503069217,
    0.5292144973607403,
    0.5817955725010983,
    0.6292698929081114,
    0.6727376546041491,
    0.7060618149435917
  ],
  "amplitudes": [
    0.7497161074613117,
    0.7399423582840843,
    0.7311988437243228,
    0.72070921706252,
    0.7106524287477582,
    0.7058633354096286,
    0.7021223827204305,
    0.6992828754711737,
    0.7019957458543947,
    0.7045878248402593,
    0.7137511786668517,
    0.7245293233975383,
    0.7357548091874956,
    0.7461660405259442,
    0.7568428433146945,
    0.7672650374104422,
    0.7775944963306832,
    0.7875868329736392,
    0.7977386052912309,
    0.8074221470524918,
    0.8145516323398453,
    0.8193961391212488,
    0.8096391493897513,
    0.8185238266609697,
    0.8278678024038524,
    0.8371362460706456,
    0.8461437017453164,
    0.8403722594587586,
    0.8493501380425588,
    0.8577240247457165,
    0.8505536394525994,
    0.8557445962777469,
    0.8621497410866494,
    0.8706456361188905,
    0.8791021564157129,
    0.8840601859459701,
    0.8933658185052928,
    0.8962015300506022,
    0.9011603646260652,
    0.9067772862304628,
    0.9052062957906867,
    0.9019215449995303,
    0.9023010510147109,
    0.9005543292036039,
    0.8961182169182362,
    0.8965848870700384,
    0.8963161592086332,
    0.8910188561699112,
    0.887955134085079,
    0.8881051206637478,
    0.8840832478700408,
    0.8814788594670996,
    0.8868166994996997,
    0.8919589042891818,
    0.8906019508959193,
    0.8898494877684346,
    0.8911853874648813,
    0.8870567650760929,
    0.883233307581605,
    0.8902083468733804,
    0.8938567375721835,
    0.895751326661948,
    0.8934087148410923,
    0.895093685244427,
    0.8958469386119488,
    0.8863233247226772,
    0.8795941000217194,
    0.8787850841085749,
    0.8709752562997887,
    0.869209990878435,
    0.864899757953636,
    0.8629930693769315,
    0.8600128384897103,
    0.8504896110911755,
    0.8418747076715289,
    0.8418426213924479,
    0.8333751130405207,
    0.8235522934823102,
    0.8215124977485866,
    0.8109949619085812,
    0.8005547002636852,
    0.7904022873272852,
    0.7801493892751241,
    0.7695101823512852,
    0.7590834260719875,
    0.7486886170366114,
    0.7384731248216726,
    0.7279188313534707,
    0.7169935248530945,
    0.7057914640190874,
    0.6952561712548015,
    0.6853981750755183,
    0.683433377784041,
    0.6939191047656204,
    0.7036922592621242,
    0.7133715600836453,
    0.7222264932277251,
    0.73108289386279,
    0.7412936017205936,
    0.74863027064631
  ],