{
  "ctrl_x": [
    1.0,
    1.0,
    1.0,
    1.0,
    1.0,
    1.0,
    1.0,
    1.0,
    1.0,
    1.0,
    1.0,
    1.0,
    1.0,
    1.0,
    1.0,
    1.0,
    1.0,
    1.0,
    1.0,
    1.0,
    1.0,
    1.0,
    1.0,
    1.0,
    0.9996136176458348,
    1.0,
    1.0,
    1.0,
    1.0,
    1.0,
    1.0,
    1.0,
    1.0,
    1.0,
    0.9997435385831437,
    0.9823440378321515,
    0.9623110470859774,
    0.9462282253145347,
    0.9319093008276855,
    0.962367778377716,
    0.9611132178425827,
    0.9855860465935297,
    0.9982004717646628,
    1.0,
    0.9998342749458765,
    1.0,
    1.0,
    1.0,
    1.0,
    1.0,
    1.0,
    1.0,
    1.0,
    1.0,
    1.0,
    1.0,
    0.9971007422222,
    0.9976600654023562,
    0.9771159497526701,
    0.97394362575401,
    0.9425160247486176,
    0.9194555997355299,
    0.935368680913714,
    0.9601891571651089,
    0.9820690649026378,
    0.9989510050719144,
    1.0,
    1.0,
    1.0,
    1.0,
    1.0,
    1.0,
    1.0,
    1.0,
    1.0,
    1.0,
    0.9938539033397389,
    0.9917599320889666,
    1.0,
    1.0,
    1.0,
    1.0,
    1.0,
    1.0,
    1.0,
    1.0,
    1.0,
    1.0,
    1.0,
    1.0,
    1.0,
    1.0,
    1.0,
    1.0,
    1.0,
    1.0,
    1.0,
    1.0,
    1.0,
    1.0
  ],
  "ctrl_y": [
    -0.3435094087204552,
    -0.30744476712226865,
    -0.2776705502566722,
    -0.22951670462806742,
    -0.15645676602223482,
    -0.05238462341553541,
    0.051778699632633235,
    0.15701705804950059,
    0.26440129050873296,
    0.35498960800167195,
    0.42945686494515045,
    0.4925697989975112,
    0.5489153958810477,
    0.6016502647965839,
    0.6531902214719718,
    0.7024661368351683,
    0.7481285288549494,
    0.7899593927316069,
    0.828269604730545,
    0.8629668541570594,
    0.8942536968193036,
    0.9218741725563782,
    0.9465002918470169,
    0.9679709592078378,
    0.9864938943104704,
    1.0,
    1.0,
    1.0,
    1.0,
    1.0,
    1.0,
    1.0,
    1.0,
    1.0,
    1.0,
    1.0,
    0.9998770556872959,
    0.9915685900942713,
    0.977865833153253,
    0.9163566024025808,
    0.881266981951397,
    0.8109228453478107,
    0.7458607179230748,
    0.6870286480540077,
    0.6245600974671953,
    0.5488217761370808,
    0.4635481498662264,
    0.355486237842691,
    0.23446825514155842,
    0.10518753602356391,
    -0.026077857363685647,
    -0.15961450997833826,
    -0.28765558445595696,
    -0.4072662050118966,
    -0.5107922531854778,
    -0.5931221475831842,
    -0.6710777938404565,
    -0.7324740153772504,
    -0.8106307759019653,
    -0.8599126608158143,
    -0.9314407155332758,
    -0.9864854968515034,
    -0.9992244403069731,
    -1.0,
    -1.0,
    -1.0,
    -1.0,
    -1.0,
    -1.0,
    -1.0,
    -1.0,
    -1.0,
    -1.0,
    -1.0,
    -1.0,
    -1.0,
    -0.9998204645906168,
    -0.9831787579069916,
    -0.9516940155688639,
    -0.9259893965662159,
    -0.8968380958845108,
    -0.8644421456075808,
    -0.8288964424479995,
    -0.7902605758415161,
    -0.7498698894124446,
    -0.7067217963109738,
    -0.6587443873839445,
    -0.6079138611040399,
    -0.5534112903298015,
    -0.49758932979807946,
    -0.4372295479563113,
    -0.3735459131681853,
    -0.3065910715063587,
    -0.23023200535229593,
    -0.12502969568431208,
    -0.022797085522366745,
    0.08249146762740364,
    0.18876282914743,
    0.2480031483669317,
    0.2922220888162946
  ],
  "amplitudes": [
    1.0573545828526383,
    1.0461941907843237,
    1.0378347337027427,
    1.026000934552853,
    1.0121653618031672,
    1.001371134380449,
    1.001339619577517,
    1.012252121024461,
    1.0343635929510877,
    1.0611397748596463,
    1.0883166813241987,
    1.1147309123211973,
    1.1407489258532078,
    1.1670402911338578,
    1.1944276727481675,
    1.2220714682047549,
    1.2488780147342937,
    1.2743766484697092,
    1.2984723863527068,
    1.320875388283744,
    1.3415251299453883,
    1.3600926402368725,
    1.3769033380983895,
    1.391749897743751,
    1.4044207304418541,
    1.4142135623730951,
    1.4142135623730951,
    1.4142135623730951,
    1.4142135623730951,
    1.4142135623730951,
    1.4142135623730951,
    1.4142135623730951,
    1.4142135623730951,
    1.4142135623730951,
    1.4140322283946523,
    1.40178450864046,
    1.387730765614716,
    1.3706042912684298,
    1.3508058826558507,
    1.3288570892411502,
    1.3039824044017803,
    1.2763133300043734,
    1.2460788066458397,
    1.2132635176444224,
    1.1788739935653765,
    1.1407038800504976,
    1.1022145377576915,
    1.0613060186843144,
    1.0271199358736676,
    1.0055169902764989,
    1.0003399695326989,
    1.0126582798731392,
    1.0405506884667841,
    1.0797526391469447,
    1.1229019217697942,
    1.1626667114670861,
    1.2018965411073603,
    1.237676770930725,
    1.2695975087012754,
    1.2992366875893708,
    1.325110660835946,
    1.3485370723059047,
    1.3687088994161778,
    1.3863488801659711,
    1.401591826545354,
    1.4134720055714538,
    1.4142135623730951,
    1.4142135623730951,
    1.4142135623730951,
    1.4142135623730951,
    1.4142135623730951,
    1.4142135623730951,
    1.4142135623730951,
    1.4142135623730951,
    1.4142135623730951,
    1.4142135623730951,
    1.4097469782190817,
    1.3965057224718582,
    1.3804787210491833,
    1.3628853079232546,
    1.3432492584139977,
    1.321839711577254,
    1.2988723233262573,
    1.2745633674829058,
    1.2499219379815012,
    1.2245226406159297,
    1.197474078178667,
    1.1702817022078154,
    1.142919094365168,
    1.1169579853910807,
    1.0914072006387352,
    1.0674907724400495,
    1.0459436338194412,
    1.0261611843606928,
    1.0077859022644202,
    1.0002598198009924,
    1.0033966524915872,
    1.017659769111338,
    1.030293920005311,
    1.0418223213159519
  ],