{
  "ctrl_x": [
    1.0,
    1.0,
    1.0,
    1.0,
    1.0,
    1.0,
    1.0,
    1.0,
    1.0,
    0.9841617306955691,
    0.9834175730577891,
    0.991218305508731,
    1.0,
    1.0,
    1.0,
    1.0,
    1.0,
    1.0,
    1.0,
    0.9919731169354314,
    0.9707329897705527,
    1.0,
    1.0,
    1.0,
    1.0,
    1.0,
    1.0,
    1.0,
    1.0,
    1.0,
    1.0,
    1.0,
    1.0,
    0.9812211948562851,
    0.9915871386177266,
    0.9874055225174406,
    0.9796702209051628,
    0.9887039515324157,
    1.0,
    0.9986763603572786,
    1.0,
    1.0,
    1.0,
    1.0,
    1.0,
    1.0,
    1.0,
    1.0,
    0.9987599707835064,
    0.978085821177723,
    0.9398175465137856,
    0.9191038637052865,
    0.8503994026090695,
    0.7731717836084847,
    0.6733748278958847,
    0.7428840740363457,
    0.7272346551857504,
    0.7007179294005904,
    0.7479175063110245,
    0.7837953630081049,
    0.8303093845906474,
    0.7619924128917713,
    0.7280237267102961,
    0.6948542476539871,
    0.7802539298336629,
    0.7148449050576808,
    0.6999578813795673,
    0.7194395946774966,
    0.7056926475100137,
    0.6945891823301897,
    0.6954287663200487,
    0.7143958654108049,
    0.707087413293152,
    0.7356960359412011,
    0.7693046218829155,
    0.7934753520909305,
    0.8285505664731281,
    0.8374362723042685,
    0.8646834325899,
    0.8408782251267828,
    0.8327647814401602,
    0.8529971653083119,
    0.84528035965016,
    0.8778850853134339,
    0.8905192874434663,
    0.808317741204376,
    0.7910595831252372,
    0.7850093743534491,
    0.7819666519065404,
    0.7762774984108569,
    0.7628025232348544,
    0.7589494286219203,
    0.7606617206273435,
    0.7456408816670267,
    0.6689575211878337,
    0.6449004649984953,
    0.6159332422519841,
    0.5857106047921362,
    0.4907346723174462,
    0.4299148953632562
  ],
  "ctrl_y": [
    1.0,
    1.0,
    1.0,
    1.0,
    1.0,
    1.0,
    1.0,
    1.0,
    1.0,
    1.0,
    1.0,
    1.0,
    0.9997022472486847,
    1.0,
    1.0,
    1.0,
    1.0,
    1.0,
    1.0,
    1.0,
    1.0,
    0.9899784451992887,
    0.981524243626999,
    0.9914102572654192,
    1.0,
    1.0,
    1.0,
    1.0,
    1.0,
    1.0,
    1.0,
    1.0,
    0.9907277957294891,
    0.9889796147438226,
    0.9492162258523454,
    0.9046837892954571,
    0.8652232261668207,
    0.7972894604138903,
    0.7236728449049173,
    0.6418579024467373,
    0.5161757509022934,
    0.36895649989170726,
    0.24090632737365267,
    0.10312509714134233,
    -0.02139314756642033,
    -0.14023214050204252,
    -0.21613173527463006,
    -0.3017644174277249,
    -0.4087613143399819,
    -0.5214846233609582,
    -0.6222297590507948,
    -0.6747442295733604,
    -0.777074017424239,
    -0.8773769725417747,
    -0.956113393139548,
    -0.9236940781540619,
    -0.9706761133762571,
    -1.0,
    -0.982585660582044,
    -0.9552492474763762,
    -0.9104531965671057,
    -0.9655227381950244,
    -1.0,
    -1.0,
    -0.9294736329426319,
    -0.9971248671543682,
    -1.0,
    -1.0,
    -0.984697924128757,
    -1.0,
    -1.0,
    -1.0,
    -1.0,
    -1.0,
    -1.0,
    -1.0,
    -0.9845223604214234,
    -0.9912523853631737,
    -0.9741849996795414,
    -1.0,
    -1.0,
    -1.0,
    -1.0,
    -0.9745106275402884,
    -0.9458560044379514,
    -1.0,
    -1.0,
    -1.0,
    -0.9731710269574421,
    -0.9905817503709056,
    -1.0,
    -0.9911172932716693,
    -0.9747085239132953,
    -0.9708141016405003,
    -0.9953169095207974,
    -0.9883793614571934,
    -0.9811605644332665,
    -0.9746735033113493,
    -0.9968984656416736,
    -1.0
  ],
  "amplitudes": [
    1.4142135623730951,
    1.4142135623730951,
    1.4142135623730951,
    1.4142135623730951,
    1.4142135623730951,
    1.4142135623730951,
    1.4142135623730951,
    1.4142135623730951,
    1.4142135623730951,
    1.4030589125784056,
    1.4025370308832747,
    1.408017659397637,
    1.4140030350582953,
    1.4142135623730951,
    1.4142135623730951,
    1.4142135623730951,
    1.4142135623730951,
    1.4142135623730951,
    1.4142135623730951,
    1.4085491346497627,
    1.3936723206797486,
    1.407145096270886,
    1.4012101344293626,
    1.4081527964717055,
    1.4142135623730951,
    1.4142135623730951,
    1.4142135623730951,
    1.4142135623730951,
    1.4142135623730951,
    1.4142135623730951,
    1.4142135623730951,
    1.4142135623730951,
    1.4076723927217627,
    1.3931531543997722,
    1.3726822272082717,
    1.3391872253392827,
    1.3070443652863861,
    1.270120461792064,
    1.2343834033446726,
    1.1871545980493805,
    1.125361011329052,
    1.065893474420563,
    1.0286087004146238,
    1.0053033301747345,
    1.0002288072050307,
    1.0097846568599587,
    1.0230898919414768,
    1.044539019675902,
    1.0791697231392383,
    1.108421438799711,
    1.1271321545336206,
    1.1401893209553111,
    1.151964918091566,
    1.1694378815973492,
    1.1694385316828892,
    1.1853638671200168,
    1.2128818412287217,
    1.2210674086975914,
    1.2348502648612718,
    1.2356521743100646,
    1.2322088691770403,
    1.229986420769043,
    1.2369391847027678,
    1.2177119632666784,
    1.2135556968497363,
    1.2268908830798855,
    1.2206314086182497,
    1.2319063805296735,
    1.2114586722349119,
    1.217560730399154,
    1.2180398881093446,
    1.2289676368871774,
    1.2247336894352179,
    1.2414703610234106,
    1.2616772967959817,
    1.2765590994449987,
    1.2867712770235091,
    1.2976443278722607,
    1.3025796913034076,
    1.306551257889398,
    1.30134437456312,
    1.3143835680744094,
    1.3093887453351292,
    1.3116223489269851,
    1.2991028375152387,
    1.2858373033730763,
    1.2750589257184446,
    1.2713141695988421,
    1.2484124688592817,
    1.2585145842249525,
    1.2577232165518217,
    1.2483259687388144,
    1.2363911030968258,
    1.2241161482299108,
    1.1992330530517419,
    1.1801654002341389,
    1.1584687359225745,
    1.1371215197256574,
    1.1111377364725017,
    1.088497504478168
  ],