{
  "ctrl_x": [
    0.04961254924648962,
    0.10899969032703144,
    0.16542887693579028,
    0.21833841736269602,
    0.26725633440696234,
    0.31212380115827953,
    0.36471152771850746,
    0.4152788801050593,
    0.46308415606907133,
    0.5075531443364575,
    0.5480086349015341,
    0.5837545246713575,
    0.6141810657175302,
    0.6388974628621337,
    0.6573982671898826,
    0.6696415779507845,
    0.6750175864480494,
    0.6735830183110951,
    0.6647000431958421,
    0.6482958730450026,
    0.6243226334981071,
    0.5921909051034483,
    0.558745336798677,
    0.5045757335399366,
    0.45358979784481723,
    0.44642760324238884,
    0.47673718667645765,
    0.49994875109136383,
    0.5040325314730616,
    0.5271218677315136,
    0.5721102502915667,
    0.6077207580634016,
    0.6406475857917631,
    0.6745636509216151,
    0.693884842063895,
    0.6944119652034326,
    0.684819583620701,
    0.6881438467379785,
    0.7123154354149005,
    0.7493283210363341,
    0.7777251045805408,
    0.7881778207809863,
    0.7953213126687523,
    0.8080385723689194,
    0.821412108586277,
    0.8355314958734261,
    0.855648893531808,
    0.8771787341559953,
    0.8923637897133215,
    0.9028171345683275,
    0.9127841402251371,
    0.9137335498371015,
    0.9030032797695122,
    0.8902489963419523,
    0.8776624498278637,
    0.8617354584652023,
    0.8394334803321681,
    0.8091609465091575,
    0.7748351980737346,
    0.7411886508976614,
    0.7118105798879344,
    0.7094381774080161,
    0.7316125576361137,
    0.7460168498955209,
    0.740788550692068,
    0.7187212857115794,
    0.6931861311301492,
    0.6704890458744326,
    0.6446670734613108,
    0.6086702911932971,
    0.5606822655080298,
    0.5147045531204346,
    0.4758210496635864,
    0.43082547848707786,
    0.41855057204498114,
    0.4612204048187909,
    0.5186593379676947,
    0.5655275368794185,
    0.5928425875443782,
    0.622480287602552,
    0.6473882387731563,
    0.665138594022346,
    0.6754538804490776,
    0.6783117688962589,
    0.6739596620262565,
    0.6625342515564854,
    0.6446111208079739,
    0.6202423005745613,
    0.59002187633215,
    0.5544412327134378,
    0.5141112501373265,
    0.46970297236360964,
    0.42187772847167676,
    0.3713011273824991,
    0.31857478088136604,
    0.2664067481086139,
    0.21847365721738504,
    0.16653545348680487,
    0.11114168931488433,
    0.05282680731083852
  ],
  "ctrl_y": [
    -0.6138542922663291,
    -0.5959821145454302,
    -0.5723777212360968,
    -0.5434951501424384,
    -0.5098815403982203,
    -0.4726114279731636,
    -0.44672518381417775,
    -0.41496884433626424,
    -0.3773858326098392,
    -0.3343063597315291,
    -0.2860142127623758,
    -0.23291404438264388,
    -0.17553442628236393,
    -0.1145232964908802,
    -0.050424569197929606,
    0.01617854374679861,
    0.0846568933404515,
    0.15439654960198393,
    0.22450826218482495,
    0.29418178574726983,
    0.36287712714527365,
    0.429337913817733,
    0.47624145229368514,
    0.5202775818216369,
    0.5545041358564121,
    0.5541301061774844,
    0.5155599542438088,
    0.49464501613293316,
    0.49657551106181314,
    0.47345162517432393,
    0.43158217026103546,
    0.39196519216672626,
    0.34831480878176224,
    0.3022633617670936,
    0.2824023020207726,
    0.30726833091267847,
    0.3510766184428164,
    0.3668089041306628,
    0.341844299278928,
    0.28140860473250995,
    0.2291898966788395,
    0.22994448695298947,
    0.2419262733676972,
    0.2347483508143731,
    0.22491354952303724,
    0.21131734066514254,
    0.16793435568502926,
    0.0936397380943463,
    0.02219947772544108,
    -6.898448342391922e-05,
    -0.007499723155623933,
    -0.029012838248962333,
    -0.06584303118895447,
    -0.09374278687585823,
    -0.11224669305762645,
    -0.15049467672486988,
    -0.20767003148705296,
    -0.27516529993956146,
    -0.3360725204017335,
    -0.3832912354249123,
    -0.41563908860713505,
    -0.39919723391355055,
    -0.3329244187296819,
    -0.2703810975606604,
    -0.254456081834591,
    -0.2844907967269729,
    -0.31832322756221,
    -0.34170389654119365,
    -0.3682801044002545,
    -0.407637073665565,
    -0.4558513031618721,
    -0.4928497604833664,
    -0.5358479955591248,
    -0.569424083296944,
    -0.5907692231251812,
    -0.570976302513491,
    -0.5335835583182451,
    -0.4862317704102309,
    -0.435437760913873,
    -0.37230908595067946,
    -0.3038631977382577,
    -0.23383697303103912,
    -0.16288179648168463,
    -0.09222587108894771,
    -0.02292816562954214,
    0.04440533918792512,
    0.10924137267314134,
    0.17102244822655882,
    0.2291717101974133,
    0.2830711163890689,
    0.33220225171381396,
    0.37614504689310474,
    0.41459734300679985,
    0.4473685029503384,
    0.47427710591189687,
    0.49914306436208494,
    0.5327086374590742,
    0.5615290723107093,
    0.5852274323732654,
    0.6032687812695109
  ],
  "amplitudes": [
    0.6158559061797907,
    0.6058676533282091,
    0.5958044721984417,
    0.5857120817644097,
    0.5756779772750631,
    0.5663769319987583,
    0.5766956635042252,
    0.5870738369499079,
    0.5973834633272214,
    0.6077589460326942,
    0.6181566094677986,
    0.628504810757215,
    0.6387728205678446,
    0.6490805446867203,
    0.6593292947253724,
    0.6698369862870993,
    0.6803054693328626,
    0.6910516457444285,
    0.7015911253813039,
    0.711920263844649,
    0.7221208763795843,
    0.7314513738647322,
    0.7341677412397424,
    0.7247657780438692,
    0.7163927284602828,
    0.7115882092256826,
    0.702196846746026,
    0.7032939966350944,
    0.7075563800641217,
    0.708529395876394,
    0.7166402920405079,
    0.7231605849681343,
    0.7292136416699087,
    0.7391882432854594,
    0.7491510089645933,
    0.7593561776923636,
    0.7695665365175861,
    0.7798017222043564,
    0.7900954401082319,
    0.8004272206294769,
    0.8107924192014071,
    0.8210351662694712,
    0.8313027800571395,
    0.8414470409039831,
    0.8516477892246332,
    0.86183983376395,
    0.8719730367514543,
    0.8821626449844111,
    0.8926398769956467,
    0.9028171372038883,
    0.9128149497537569,
    0.9141940411538304,
    0.9054005898112976,
    0.8951709253428118,
    0.8848111074914353,
    0.8747780564799025,
    0.8647400822677356,
    0.8546679938118804,
    0.8445793764609322,
    0.8344296179864729,
    0.824275532585171,
    0.814039900206518,
    0.8038007234864574,
    0.793503042367289,
    0.7832723500922695,
    0.7729782014761177,
    0.7627822032512339,
    0.7525404398097433,
    0.7424458706883846,
    0.732562288961122,
    0.7226098625465845,
    0.7126160701327313,
    0.7166161773555555,
    0.714040880869005,
    0.7240116410328712,
    0.7339878744592357,
    0.7441229216793738,
    0.7458168203554875,
    0.7355735022660896,
    0.7253245921207871,
    0.715153392386227,
    0.7050454447866052,
    0.6948153886024818,
    0.6845527496996028,
    0.6743495583283803,
    0.6640206838901231,
    0.6538020912882004,
    0.6433888320599219,
    0.6329656288498753,
    0.6225225598053056,
    0.6121018816843262,
    0.601752422969302,
    0.5914995981475557,
    0.5813803442046711,
    0.5713393599304839,
    0.5657882591028016,
    0.5757683833986048,
    0.5857038127912276,
    0.5956875210258908,
    0.6055773229118289
  ],