{
  "ctrl_x": [
    -0.057417627634849186,
    -0.015617597811879146,
    0.02471543906396481,
    0.06552645057711391,
    0.10796955530488771,
    0.15059847312030086,
    0.19445499072392153,
    0.2381367168230289,
    0.28131161735208,
    0.32356773594339844,
    0.3641017564807586,
    0.40204858429966067,
    0.4371700796979431,
    0.46858343257618507,
    0.49618776307551576,
    0.5190522364578293,
    0.5371753301497296,
    0.5499746773646133,
    0.55705698554832,
    0.5578926446829541,
    0.5527191015148878,
    0.5416689473088325,
    0.5244527944925204,
    0.5001809853484359,
    0.46992318899414365,
    0.46436030026268427,
    0.483944873995922,
    0.5035531975782862,
    0.515321179032366,
    0.5368322205765219,
    0.5694636769672482,
    0.5994271833816517,
    0.6258622897336814,
    0.6462419165766701,
    0.6565573565148487,
    0.6516629307609526,
    0.6379703138198848,
    0.6321369301128126,
    0.6493810610588739,
    0.6784911678686183,
    0.7025076067864989,
    0.7123405744712026,
    0.719551453604222,
    0.7297479680805529,
    0.7452306787386324,
    0.7629450941742257,
    0.787702464122306,
    0.8125369680168621,
    0.8304174828386939,
    0.8421779681826259,
    0.8429137682349148,
    0.8491561440019372,
    0.8369386654564956,
    0.8228719425372268,
    0.8070646787276399,
    0.7887000528091425,
    0.7624136434759496,
    0.7298969441568235,
    0.6935543366220762,
    0.6598807472483469,
    0.6421238341869064,
    0.6540553580353851,
    0.6687115147569933,
    0.6824166001008422,
    0.6887217296744859,
    0.678926714879546,
    0.6631603611170257,
    0.6486948400504241,
    0.6317933660414401,
    0.6071410323006845,
    0.5733920746678901,
    0.5353043879677333,
    0.4920152868565233,
    0.4535705719727717,
    0.4461743890406519,
    0.46598698069085204,
    0.4974126306998844,
    0.5235357171554782,
    0.5428072028819746,
    0.5558200872753534,
    0.5617550306536048,
    0.5612636915584903,
    0.5544732364804602,
    0.5419690922489141,
    0.523921843752763,
    0.5007708242404211,
    0.47317208312596565,
    0.4415377300098184,
    0.4067291390310653,
    0.3685789884987147,
    0.32864357417498347,
    0.28676621544107384,
    0.24350859174343073,
    0.2002786361210346,
    0.1557222759334889,
    0.1119787351038481,
    0.06932700163996983,
    0.027773933279888228,
    -0.012369985570347991,
    -0.05432629446717446
  ],
  "ctrl_y": [
    -0.41001082502007496,
    -0.405734714264963,
    -0.39701658373241266,
    -0.39880664870187044,
    -0.3981332191021414,
    -0.39374107985516626,
    -0.3853190588635993,
    -0.3728255957080719,
    -0.354859708693036,
    -0.33257960064168673,
    -0.3049815956856802,
    -0.2726086451618256,
    -0.23550187184138283,
    -0.19386427007767462,
    -0.14808738480245662,
    -0.09864957554971097,
    -0.046136087161591816,
    0.008649596226081042,
    0.0657911799306006,
    0.12450058855737883,
    0.18426220944995841,
    0.24371049772389272,
    0.30311163721541906,
    0.36085693458738,
    0.4166089100690988,
    0.4259089256553942,
    0.3878961144671551,
    0.3655454092692528,
    0.35821069059353805,
    0.3436990066380535,
    0.3080669923427132,
    0.2710921549450897,
    0.2338410410178584,
    0.205786800077459,
    0.20691359002924722,
    0.2516933290275688,
    0.3087984081395748,
    0.3424579079819743,
    0.33159943557213417,
    0.2936385006636116,
    0.26118649717730674,
    0.2639758782401949,
    0.27431292433969906,
    0.2768993861824077,
    0.26481546219134383,
    0.24410733562568426,
    0.19338321516083612,
    0.12155867029469178,
    0.050041444605746166,
    0.009879444225010081,
    -0.017604737129499226,
    -0.04977927568447877,
    -0.09253167236571236,
    -0.12730828449774198,
    -0.1589319777093759,
    -0.1967272071750394,
    -0.2508687974400182,
    -0.3081362090775546,
    -0.36078946753201274,
    -0.3991629003082004,
    -0.4078636975479577,
    -0.3676058555478632,
    -0.316788075689849,
    -0.2583309615059188,
    -0.20771118202545805,
    -0.2045792183977718,
    -0.220084449669765,
    -0.23053186376045023,
    -0.246559012608852,
    -0.27863572914125145,
    -0.32284692043567936,
    -0.3664233202518025,
    -0.4072535646471576,
    -0.4418254366921048,
    -0.4598243935439543,
    -0.4242534167432925,
    -0.3690940143483221,
    -0.3125349669875141,
    -0.25393726924435467,
    -0.1941216583246526,
    -0.13392323897314717,
    -0.07451583699095662,
    -0.016618618941719007,
    0.039100566550486535,
    0.09228905109428562,
    0.1423795196401544,
    0.18852327775886116,
    0.2309645339862882,
    0.2684641584751925,
    0.30206602557388007,
    0.3301772224713115,
    0.35396936601554013,
    0.3728828360095471,
    0.3868929284168116,
    0.3958818700780212,
    0.3996932332089895,
    0.39927433972110543,
    0.3952159681163257,
    0.4059459474070684,
    0.4122632818204975
  ],
  "amplitudes": [
    0.41401166722310706,
    0.40603518039830583,
    0.3977851438737756,
    0.40415400378327576,
    0.412513617987781,
    0.42155893783868276,
    0.43160574664961343,
    0.44238899253296315,
    0.452837320580967,
    0.46400998966242163,
    0.47495669568851995,
    0.4857556356382574,
    0.4965670249059043,
    0.5071033311837241,
    0.5178148025728069,
    0.5283436030917876,
    0.5391529225183269,
    0.5500426903951954,
    0.5609286625809398,
    0.5716157796478982,
    0.5826242073676695,
    0.5939697426464469,
    0.605745324593121,
    0.6167647406782694,
    0.6280054040399558,
    0.6301022944038391,
    0.6202145086062121,
    0.6222453447227565,
    0.6275912813406567,
    0.6374306552191417,
    0.6474520454490383,
    0.6578783357503367,
    0.6681206763564516,
    0.6782159109212994,
    0.6883900029289775,
    0.6985800649925061,
    0.7087754074352309,
    0.7189398564218298,
    0.7291460403332839,
    0.7393063194290276,
    0.7494900425627051,
    0.7596791153708552,
    0.7700661496545256,
    0.7805160901518237,
    0.7908830466945526,
    0.8010453220828324,
    0.8110932374827786,
    0.8215794755943266,
    0.8319238799207427,
    0.8422359132157754,
    0.8430975907031063,
    0.8506139742467849,
    0.8420382652391134,
    0.832661775943118,
    0.8225647507572654,
    0.812864913342946,
    0.802626760884082,
    0.792273609578254,
    0.7817842782566822,
    0.7712156777267245,
    0.7607074432450268,
    0.7502815980735981,
    0.7399525490650533,
    0.729676162256768,
    0.719361908961149,
    0.7090797844935192,
    0.6987265770981573,
    0.6884402194213468,
    0.6781992362666189,
    0.6680255254533449,
    0.6580338937522513,
    0.648703967462713,
    0.6386975093252857,
    0.6331950570463073,
    0.6407105885919666,
    0.6301863437045699,
    0.6193946372124471,
    0.6097276053512646,
    0.5992693853450491,
    0.5887437368240062,
    0.5774981804314981,
    0.5661886094088497,
    0.554722226405835,
    0.5433777242928541,
    0.5319881270415517,
    0.520618234432287,
    0.5093455079871722,
    0.4982972837390613,
    0.48734135564586034,
    0.4765441790314258,
    0.4658579151258222,
    0.4555537008913875,
    0.44535159553255405,
    0.43565774427345816,
    0.425407901053068,
    0.4150830251751009,
    0.40524835782037794,
    0.39619067735619456,
    0.4061343727871762,
    0.4158273196988638
  ],