{
  "ctrl_x": [
    0.5137909714783871,
    0.5697805741823955,
    0.6165747422526383,
    0.6549425730919316,
    0.6926502829912919,
    0.7203678725058364,
    0.7432195813451136,
    0.7542377929521704,
    0.7593486631099235,
    0.7684206312106047,
    0.7624849667975162,
    0.7649071611492378,
    0.7473974169209258,
    0.7324115245901764,
    0.7129907020460974,
    0.6851729810636233,
    0.6471635475780174,
    0.6051110222614633,
    0.5908472864766281,
    0.5864324431007767,
    0.5825575385421793,
    0.5866902744847745,
    0.5965920691314814,
    0.6120963737504473,
    0.6289918590027835,
    0.648409643333551,
    0.6681903374561915,
    0.6869868205022971,
    0.7100894080974448,
    0.7234808297219836,
    0.7404230689743799,
    0.7508316485438393,
    0.7651047187430172,
    0.7680476774670673,
    0.7733893139161564,
    0.766086287385573,
    0.7633844258171628,
    0.7611403065438573,
    0.7605046472101166,
    0.7708293793867229,
    0.7734924296089694,
    0.8138812681987094,
    0.8061726555451583,
    0.8408796447122573,
    0.8497902854108176,
    0.8722449498317364,
    0.8798525937890879,
    0.8852317527218111,
    0.8851896235547589,
    0.886509108881783,
    0.8848634583310131,
    0.888557138729057,
    0.8848269839238722,
    0.8819785576482567,
    0.8717946372062582,
    0.8555906350458719,
    0.85063289449368,
    0.8174663578629381,
    0.817745900961412,
    0.7820225148643288,
    0.7654301756460058,
    0.7621488291047166,
    0.7513908149668042,
    0.7625425596536863,
    0.7629500276793975,
    0.7689823943181482,
    0.7661134950173141,
    0.7564112118011095,
    0.7477506397560503,
    0.7348022939621124,
    0.7185890450279503,
    0.7067706753757234,
    0.6850908553277169,
    0.6657280042175451,
    0.6436783001876643,
    0.6282965140155178,
    0.622908669629305,
    0.6089455720963042,
    0.5987916314054031,
    0.5953440756649231,
    0.592589804310215,
    0.5952368509394165,
    0.5965444834357446,
    0.6423201428576925,
    0.68035324848814,
    0.7092611255808512,
    0.7308131227352884,
    0.7505540828455671,
    0.7656998877274194,
    0.7710540083267206,
    0.7683685003325647,
    0.7627359157424922,
    0.7550341160423805,
    0.7379753665578667,
    0.7162707473790214,
    0.6876397436601288,
    0.6525708071234746,
    0.6121557556281403,
    0.5666154169584136,
    0.5155230822663485
  ],
  "ctrl_y": [
    -0.6505892198691008,
    -0.5912537441884751,
    -0.5271875380939909,
    -0.4619400266221458,
    -0.39648234796655346,
    -0.32162062097213745,
    -0.2489765010125248,
    -0.1735545592762321,
    -0.09640160335198568,
    -0.02027007796979442,
    0.04499476490606227,
    0.11878288870452014,
    0.18907713003799734,
    0.2646656217549529,
    0.33433084760093734,
    0.40856581441903156,
    0.4801004454308886,
    0.5469522689291695,
    0.575662899333062,
    0.5897498850499631,
    0.5951450774848496,
    0.6036923497229668,
    0.6078260373449678,
    0.6046083333430281,
    0.5999595962115708,
    0.5866060387429786,
    0.5735889749712193,
    0.553137778775907,
    0.5390459359657981,
    0.5218806910850232,
    0.5102272365883107,
    0.4956567882502524,
    0.4877625744845386,
    0.48340645276971245,
    0.48535116452676735,
    0.5014119671831485,
    0.5172146489597639,
    0.5355306743687389,
    0.547561912830683,
    0.5303205920982828,
    0.5397535123452776,
    0.4834652523320921,
    0.47963109428953554,
    0.401821756787772,
    0.3644067195681786,
    0.28015161469176214,
    0.2190743031266166,
    0.14176453210289866,
    0.08504216184442927,
    0.019450496206492984,
    -0.029893382805234344,
    -0.08360905903905418,
    -0.16080052760564176,
    -0.22150546163160123,
    -0.29040064583203745,
    -0.36033644712373464,
    -0.3888008051824447,
    -0.47405926235116314,
    -0.48159466642381454,
    -0.533889737435342,
    -0.5530817574004663,
    -0.543653592885424,
    -0.5458338891455599,
    -0.5209592816442933,
    -0.5033632953862348,
    -0.48807821021678055,
    -0.4855664801883497,
    -0.4859912195077985,
    -0.4975118109398169,
    -0.5093628853522626,
    -0.5203762248903825,
    -0.539172287683785,
    -0.552671765292306,
    -0.5712743127034599,
    -0.583468124685112,
    -0.5982928735510491,
    -0.6135569157131113,
    -0.6183173965653084,
    -0.6139868952937246,
    -0.6066910407464102,
    -0.5960563405424937,
    -0.5792778718958136,
    -0.5630120493499822,
    -0.49399805775370004,
    -0.4217104858812393,
    -0.3483438979226513,
    -0.27293495108063287,
    -0.19788410621573213,
    -0.12447310158722852,
    -0.049704559141706815,
    0.024492492255094325,
    0.10007634802345024,
    0.17706506497652663,
    0.24539350831542497,
    0.3191812912881039,
    0.3927425149038621,
    0.46463703922549204,
    0.5312764364836928,
    0.5934675291067698,
    0.647856312977735
  ],
  "amplitudes": [
    0.829003917591823,
    0.82111563907437,
    0.8112281510805147,
    0.8014601438898561,
    0.798099409081969,
    0.7889041105058893,
    0.7838141642961332,
    0.7739482110341287,
    0.765443440951493,
    0.7686879357261994,
    0.7638113991432448,
    0.7740751512782054,
    0.7709429680096174,
    0.7787647479768472,
    0.7874851470737388,
    0.7977393300392672,
    0.8058021438397285,
    0.8156691325219311,
    0.824917141054386,
    0.8316898083045086,
    0.832809071136218,
    0.8418134777307007,
    0.8516892559056198,
    0.8603564421251703,
    0.8692423573308704,
    0.8743807581698443,
    0.8806149211081726,
    0.8819933638372794,
    0.8915141550045197,
    0.892067243374955,
    0.8991986176735279,
    0.8996798409398841,
    0.9073574597205979,
    0.9075125527737632,
    0.9130699774864971,
    0.9155884231218117,
    0.9220991132621108,
    0.9306598032769619,
    0.9371186514049223,
    0.9356376769504281,
    0.9431990207540772,
    0.9466474364499557,
    0.9380620113607148,
    0.9319545595786436,
    0.9246273770795671,
    0.9161310930873212,
    0.9067161281723174,
    0.8965112595998355,
    0.889265336634792,
    0.8867224604875259,
    0.8853682591018613,
    0.892482080234536,
    0.8993195211703509,
    0.9093683773278726,
    0.9188897782439719,
    0.9283736801008279,
    0.9352766367793078,
    0.9449780052777028,
    0.9490214861988409,
    0.9468883067677559,
    0.9443425142175181,
    0.9361784374588643,
    0.9287210514230015,
    0.9235094630887839,
    0.9140390319226435,
    0.9107986945860692,
    0.9070307017571937,
    0.8990803005166447,
    0.8981364157410603,
    0.8940833071847191,
    0.8872212976847138,
    0.8889496855150028,
    0.8802247214234422,
    0.8772389161193694,
    0.8687674065341322,
    0.8675891147692111,
    0.8743382065989892,
    0.8678312697010843,
    0.8576312292783953,
    0.8500050513680987,
    0.8405033237729213,
    0.8305839882783774,
    0.8202730572381896,
    0.8103142890170174,
    0.8004500463055492,
    0.7901865700454307,
    0.7801162143446906,
    0.7762020038423951,
    0.775751165699754,
    0.7726544033111917,
    0.7687587622135961,
    0.7692732626298986,
    0.7755182484139496,
    0.7777053526687149,
    0.7841686554939845,
    0.7918933640800243,
    0.8010844128617249,
    0.8105487777496618,
    0.8205222354324418,
    0.8279383132906106
  ],