{
  "ctrl_x": [
    0.8001677551111229,
    0.8622486558987552,
    0.9143420385193267,
    0.9454183198730854,
    0.9670374304520634,
    0.9804403897024926,
    0.9861214718490806,
    0.9872476863704117,
    0.990814379923419,
    0.9915415860204598,
    0.9899872391679214,
    0.9860917906862643,
    0.9738928023335965,
    0.9542026081996909,
    0.9303668862881648,
    0.9138425181173079,
    0.89626675161155,
    0.876982838147251,
    0.8595358580182223,
    0.842385118063389,
    0.8299189949946384,
    0.8196449045595318,
    0.8084585473712695,
    0.8068884245522998,
    0.8100911460424292,
    0.8139718774304034,
    0.8104556873791611,
    0.8168521838377615,
    0.8231330942329554,
    0.8354428135375535,
    0.8410102934490543,
    0.8437420643837027,
    0.8467780281730484,
    0.8500434848609529,
    0.8557688231780219,
    0.8520781002978582,
    0.8357504551283816,
    0.8351068984867008,
    0.8425061146361263,
    0.8576338353798477,
    0.8773537846637524,
    0.8919884626101486,
    0.8990121536197946,
    0.913994173022044,
    0.9406326095438546,
    0.9706116904291737,
    0.9895618297137553,
    0.9993348490707782,
    1.0,
    1.0,
    0.9996256071570643,
    1.0,
    1.0,
    0.9928340750076955,
    0.9798341208759563,
    0.9605420047978721,
    0.9377500865978236,
    0.9110486950957128,
    0.8892931583267191,
    0.8602686597181498,
    0.8245405394457305,
    0.7969442160810631,
    0.7986611880525466,
    0.814919216709898,
    0.8297380637223727,
    0.8324356936098994,
    0.8344216397859465,
    0.8376874443499068,
    0.8374333459193765,
    0.8338742982486692,
    0.8282158415244756,
    0.8225223249355926,
    0.8159647055250764,
    0.8108200458561017,
    0.8078461992642604,
    0.8072785793428032,
    0.8091987646363821,
    0.8072731001936234,
    0.8097428875164344,
    0.8234712365290081,
    0.8420471998340013,
    0.8615803255242539,
    0.8804778023800225,
    0.8979494263911201,
    0.9144122991064689,
    0.931963706735218,
    0.9488838136731028,
    0.9717757266952332,
    0.9862062671803774,
    0.9930253513691861,
    0.9955893761687351,
    0.9930715590894243,
    0.9911822488225169,
    0.9845050898306108,
    0.9755928387859953,
    0.9700175672200968,
    0.9581376560258745,
    0.9338862487606998,
    0.9045552861672398,
    0.8754745542466982
  ],
  "ctrl_y": [
    -0.6582661656061102,
    -0.5809893533081242,
    -0.5041548392011338,
    -0.42970527787826923,
    -0.35411520853822703,
    -0.28082099322386767,
    -0.23269463957181538,
    -0.18357583030094637,
    -0.10151155521160116,
    -0.0024614093579168623,
    0.09034806736915757,
    0.17857685823929392,
    0.2672963138196933,
    0.35813893202879776,
    0.4379878808314931,
    0.4889614156717713,
    0.519670296971179,
    0.5446916510629488,
    0.5620530359893812,
    0.5746532086134906,
    0.5873732524899464,
    0.597721438556949,
    0.5994774187315618,
    0.6004793451800424,
    0.6013274473829009,
    0.6002169782346993,
    0.588901011900081,
    0.5798520488776244,
    0.5685619895853068,
    0.5635251457651606,
    0.5590262578209478,
    0.5569733193081691,
    0.555519576158654,
    0.5549354609254641,
    0.5648184162196953,
    0.5828259907944696,
    0.6041844201654525,
    0.622050498812083,
    0.6287584070048617,
    0.6246390840045877,
    0.6132217873396913,
    0.5904384491237165,
    0.5713832621739446,
    0.5285439551001676,
    0.4568690984918175,
    0.3605589754799998,
    0.2681832514561097,
    0.179101412128933,
    0.10242048621990758,
    0.02784177791130217,
    -0.03457775618403411,
    -0.10221781653917468,
    -0.17133994389572518,
    -0.2545186934733777,
    -0.3345290270049224,
    -0.41229708848948604,
    -0.4837382449833897,
    -0.5513610613414479,
    -0.6016008797660212,
    -0.6347887336680474,
    -0.6654549742914423,
    -0.68303797607288,
    -0.6710648517197696,
    -0.6453348335611647,
    -0.6249866757400008,
    -0.6074890541551414,
    -0.599642474016291,
    -0.6017227076473812,
    -0.6044212219373567,
    -0.607418373480206,
    -0.6104077332585988,
    -0.6153172628820238,
    -0.6199814754830126,
    -0.6252677021310009,
    -0.6313294404853563,
    -0.6388123532606907,
    -0.6421515396153833,
    -0.6327141598132834,
    -0.6184599064383046,
    -0.6076190278609963,
    -0.5968168152443899,
    -0.5810846057910269,
    -0.5593341127778115,
    -0.5297773275675144,
    -0.4949962443560441,
    -0.4572640289117995,
    -0.3959518978014967,
    -0.3036858004887229,
    -0.2203675357664456,
    -0.14370836659894837,
    -0.04618915945199573,
    0.052539644641019,
    0.1517730979678944,
    0.22490648202011618,
    0.2830473739006669,
    0.32980886140531607,
    0.39074752868192125,
    0.465956535646453,
    0.5389193065104233,
    0.5982770083276264
  ],
  "amplitudes": [
    1.0361383986231496,
    1.0397217768502314,
    1.0441232998518897,
    1.0384904551261356,
    1.0298344395160812,
    1.0198645929706625,
    1.0132040034105936,
    1.0041703439727807,
    0.9960008691283895,
    0.9915446411251468,
    0.9941013564987552,
    1.0021310862145032,
    1.009908169002896,
    1.01919875987455,
    1.0283073114865988,
    1.0364320594880905,
    1.0360266925125208,
    1.0323700369259505,
    1.0269885620025192,
    1.019724961597219,
    1.0167462200537207,
    1.0144400858015188,
    1.0064682798711142,
    1.0058053358698913,
    1.00888173928978,
    1.0113410098521514,
    1.001819755755579,
    1.001736436807656,
    1.000405331264644,
    1.0077327446308315,
    1.00985576723637,
    1.0109994805298528,
    1.012736406224308,
    1.015148901367238,
    1.0253585334040096,
    1.0323387160001132,
    1.0312699146285425,
    1.0413214465151661,
    1.0512629012661643,
    1.060994712924828,
    1.0704160985018376,
    1.0697013506737458,
    1.065223772100792,
    1.0558144064139199,
    1.0457146261260801,
    1.0354177072065966,
    1.0252584411688626,
    1.0152573350603742,
    1.0052312947762432,
    1.0003875072177093,
    1.0002234628855953,
    1.0052106654915856,
    1.0145725091752635,
    1.0249386644203553,
    1.035366879102098,
    1.045289353317072,
    1.0551672448355454,
    1.0648984668968067,
    1.0736693811327402,
    1.0691206214853146,
    1.0595741710700013,
    1.0496003812417354,
    1.0431623692001075,
    1.0394952511534095,
    1.0387846741468074,
    1.0305300262069528,
    1.027536164612928,
    1.031402186986228,
    1.03277278352306,
    1.0316508254836272,
    1.0288532844745144,
    1.0272089899422017,
    1.0247806743907293,
    1.023908612177021,
    1.0252767158622418,
    1.0294561318211652,
    1.0330349657777582,
    1.0256788319568915,
    1.0189093187105167,
    1.0233795778738972,
    1.0321016411704511,
    1.0392208506461909,
    1.0431183107399158,
    1.0425819819854547,
    1.0397937943091249,
    1.0380976557185255,
    1.0281820836911226,
    1.0181223543427995,
    1.0105269181202594,
    1.0033700429514694,
    0.9966602452144527,
    0.9944604244168315,
    1.0027349219248496,
    1.0098679109453097,
    1.0158234113085705,
    1.0245525685766768,
    1.034751853859555,
    1.0436757248954178,
    1.0529265333643998,
    1.0603730823756843
  ],