{
  "ctrl_x": [
    0.7907034224850982,
    0.791462735352093,
    0.7931071743618641,
    0.7824191485283011,
    0.7655968486964974,
    0.761076771183647,
    0.7532369061520939,
    0.7395118044635737,
    0.7409392471154401,
    0.7631720623733134,
    0.7380734247736552,
    0.7040586862304243,
    0.6917041647513253,
    0.6676196836451689,
    0.6953562723521625,
    0.7173002745710737,
    0.7439377467573055,
    0.7499802810695076,
    0.7359348273224495,
    0.7440468625699302,
    0.7863557005395782,
    0.8472115056294828,
    0.8839847186378743,
    0.9056616370408971,
    0.9399115564389071,
    0.9675131661406035,
    0.9857668515179225,
    1.0,
    1.0,
    0.9887104621513338,
    0.9815924666409217,
    0.9969486819599853,
    1.0,
    0.9652482818599937,
    0.9823286964911481,
    1.0,
    0.9972793293777797,
    0.9894410343293312,
    0.9932264632661344,
    0.9939633487646061,
    0.9949111318453708,
    0.9908731397059685,
    1.0,
    1.0,
    1.0,
    1.0,
    1.0,
    1.0,
    0.9723815761986018,
    0.9370462820362372,
    0.8908646095560661,
    0.812277242075172,
    0.7495802494147005,
    0.6400687705757127,
    0.5688931066199294,
    0.47269417472335895,
    0.5032693041553532,
    0.5618115825331853,
    0.5338957107006965,
    0.5548787498634845,
    0.5536538379638697,
    0.5142183642598437,
    0.5077464215954343,
    0.4770720262316322,
    0.5204059590585347,
    0.5098333710124887,
    0.5395179221634961,
    0.569833701739836,
    0.6137002018606653,
    0.6126064288104471,
    0.6259527421711059,
    0.5929736196572832,
    0.5810341838052361,
    0.546019013502649,
    0.5527910606743486,
    0.5813073068707734,
    0.592566302746883,
    0.5652723011130376,
    0.534088838616157,
    0.5062084244055216,
    0.5268942383569407,
    0.4387131250736563,
    0.3652721489511475,
    0.297183844129869,
    0.2973878450649719,
    0.33394835813584134,
    0.26801781398593316,
    0.29978417522059503,
    0.24949142096020263,
    0.335637036659237,
    0.3904897983251935,
    0.4642742418103449,
    0.5326117033190516,
    0.507673438398871,
    0.5327917511588081,
    0.6134529813239905,
    0.5498277440657247,
    0.5065008860368735,
    0.4208713313615086,
    0.3439598225297474
  ],
  "ctrl_y": [
    1.0,
    1.0,
    1.0,
    1.0,
    1.0,
    1.0,
    1.0,
    1.0,
    0.9968750002243206,
    0.9584885839898641,
    0.981758581719212,
    1.0,
    0.9952734372327825,
    1.0,
    1.0,
    1.0,
    0.9970936360390708,
    1.0,
    1.0,
    1.0,
    1.0,
    0.9995149674644421,
    0.9970271190730934,
    1.0,
    1.0,
    0.9999738186262754,
    1.0,
    1.0,
    0.9949347131858725,
    0.9784851290449234,
    0.9779979869275581,
    0.9517549427251143,
    0.8981219627869391,
    0.9218690743621559,
    0.873953384923237,
    0.8145169074373683,
    0.7939208465764696,
    0.7689414566137541,
    0.7173879081512465,
    0.6725051566301042,
    0.6014045068491484,
    0.5212249056406477,
    0.37075645656523615,
    0.19896283503279702,
    0.06350663614492419,
    -0.08075394816904308,
    -0.21316638143641753,
    -0.31359669816856145,
    -0.4515699052405611,
    -0.5691692827441535,
    -0.6699114737464649,
    -0.7814417837662143,
    -0.8516030022012236,
    -0.9303761119680107,
    -0.9640977144606225,
    -1.0,
    -1.0,
    -0.9628343490725466,
    -0.9923118227640888,
    -0.9980622828524441,
    -0.9920507501412121,
    -1.0,
    -1.0,
    -1.0,
    -0.9976721616537586,
    -1.0,
    -1.0,
    -1.0,
    -0.992703249123564,
    -1.0,
    -0.9961045553168977,
    -1.0,
    -0.9941166060136515,
    -1.0,
    -1.0,
    -1.0,
    -1.0,
    -1.0,
    -1.0,
    -0.9991487154630098,
    -0.9687246140612631,
    -0.9916651208355055,
    -1.0,
    -1.0,
    -1.0,
    -0.9920852480626847,
    -1.0,
    -1.0,
    -1.0,
    -0.9977576700429466,
    -1.0,
    -0.9807081717462751,
    -0.9631416893319861,
    -0.9961431029039048,
    -0.9990667369624178,
    -0.9501960737483767,
    -0.9725958934658573,
    -0.9756021415655819,
    -0.9950917269429708,
    -1.0
  ],
  "amplitudes": [
    1.2748379906206309,
    1.2753090846736006,
    1.276330282499111,
    1.2697163950992172,
    1.2594199199369556,
    1.2566773060874956,
    1.2519448217831242,
    1.2437353854180442,
    1.2420751724385422,
    1.225206905965695,
    1.2282517222200144,
    1.2229875852421852,
    1.2120329477351208,
    1.2023793253339294,
    1.2179984997936142,
    1.2306582319635853,
    1.2440414342295645,
    1.2499881687412475,
    1.2416118838292922,
    1.2464372161084396,
    1.2721459380790754,
    1.3102661964106455,
    1.3324759130852888,
    1.3491564033897618,
    1.372382502776616,
    1.3914127225929156,
    1.4041852746527284,
    1.4142135623730951,
    1.4106364108097644,
    1.3910361338691257,
    1.385642029169354,
    1.3783120638895379,
    1.344106788927228,
    1.3347459817879235,
    1.3148247742451393,
    1.2897433048871914,
    1.2747063863623231,
    1.2531019607813159,
    1.2252119074240893,
    1.2000942981205398,
    1.1625556077574544,
    1.1196003667607768,
    1.0665178620561448,
    1.0196010051604931,
    1.0020145172772916,
    1.0032553015782615,
    1.022467557516959,
    1.0480185537967464,
    1.0721200068319996,
    1.096361896044107,
    1.1146394642289688,
    1.1271404435157895,
    1.1345035141729363,
    1.1292863856378579,
    1.1194301093806036,
    1.106092122211074,
    1.1194998849955338,
    1.114756582408194,
    1.1268218064547695,
    1.1419364025648258,
    1.1360885806784013,
    1.1244645508605726,
    1.1215196960566356,
    1.1079700890424593,
    1.1252431312221003,
    1.122466064608618,
    1.1362568320303366,
    1.1509606629414075,
    1.1670851205393298,
    1.1727261558522046,
    1.1764527702184229,
    1.1625909485323977,
    1.1514636551373727,
    1.139358048686367,
    1.142618902679923,
    1.156684133642954,
    1.1623832514068286,
    1.1487091774707943,
    1.1336890612219717,
    1.120064785872006,
    1.1027442660480642,
    1.0843748973457432,
    1.0646237564507892,
    1.0432249216788325,
    1.04328305382211,
    1.0467829982022172,
    1.0352939430972241,
    1.043968654564251,
    1.0306531759679107,
    1.0526977669335693,
    1.0735372758297916,
    1.0850525746425803,
    1.100598537270377,
    1.1180489262634046,
    1.1322550044082835,
    1.1310159763956134,
    1.1172525766947479,
    1.09924641740762,
    1.080435200552237,
    1.057500997406005
  ],