{
  "ctrl_x": [
    0.5101993941390132,
    0.5768942774772267,
    0.6308322697541208,
    0.6779849852628143,
    0.7173971387737098,
    0.7486845995593694,
    0.7715294527460614,
    0.7860431726380617,
    0.7918560369999073,
    0.7897261979475193,
    0.7890823637708438,
    0.7822903906460937,
    0.7739995173944635,
    0.7611426775439037,
    0.73992067020918,
    0.7100037826643163,
    0.6732582817899954,
    0.6295419620764829,
    0.6238079202170629,
    0.6225473605039485,
    0.6140736876577768,
    0.6079797876953376,
    0.6120488419696434,
    0.6196679722819708,
    0.632672447903937,
    0.6422045302254098,
    0.6595615234160083,
    0.6723604646696298,
    0.6940928155940995,
    0.7086494452398023,
    0.7263101451420688,
    0.739924091160556,
    0.7499701921173569,
    0.7593156263016146,
    0.7647619887770127,
    0.7614991814822719,
    0.7632270926890852,
    0.7629857900299698,
    0.7606655677009778,
    0.7669274766401165,
    0.7773705933101505,
    0.7887158759264651,
    0.7960864777835538,
    0.8050607772366964,
    0.8227747327472518,
    0.8385487991862551,
    0.8550206733049486,
    0.8600799467528013,
    0.8611397180672288,
    0.8577547131343654,
    0.8582655039901491,
    0.8622390769446228,
    0.8610656525045922,
    0.8570435437694774,
    0.8505534102487182,
    0.8376374885006458,
    0.8227112798789694,
    0.808522999812432,
    0.784986256416956,
    0.7650396330127871,
    0.7385987779273634,
    0.7239934361063407,
    0.7217127591081127,
    0.7339073595104746,
    0.7452478940023544,
    0.7510538831590187,
    0.7485633851123897,
    0.7447042860959622,
    0.7389303062044935,
    0.7268009223459744,
    0.7118128920726055,
    0.6957441400708569,
    0.6799816916313297,
    0.6626579577870826,
    0.647231393909096,
    0.6362196260505845,
    0.6236275230606125,
    0.6137747345542859,
    0.6085626301251915,
    0.6115958689822679,
    0.6214490849845464,
    0.6304289770633429,
    0.6374888165303532,
    0.6570737107680316,
    0.6945456109813585,
    0.7254235613453007,
    0.7508593845110395,
    0.7678075605142647,
    0.7824901237016822,
    0.7834559811634211,
    0.7964063140399241,
    0.7991755297106815,
    0.7922411185110381,
    0.7805058059548334,
    0.7605139440546241,
    0.731918340491356,
    0.6949948971732989,
    0.6496688877608184,
    0.5967552290923633,
    0.5369588122041751
  ],
  "ctrl_y": [
    -0.7082601768408557,
    -0.6535137824917399,
    -0.5873136628694802,
    -0.5150419459385004,
    -0.4393872585424973,
    -0.3611337012195091,
    -0.28103057486756866,
    -0.20012212579612318,
    -0.11922175527211981,
    -0.03911978457382612,
    0.037486480445517376,
    0.11537749591597585,
    0.19230051014958752,
    0.2712632796805049,
    0.34775203444976777,
    0.4242213525137723,
    0.4972737677312988,
    0.5615525044335151,
    0.5807089993518132,
    0.5953855745557949,
    0.599022450990545,
    0.5984465090954658,
    0.5965273521006752,
    0.5865970805084157,
    0.5739602051298558,
    0.5561703286756448,
    0.5396043293212684,
    0.5129753811233256,
    0.4911608956890156,
    0.4696984231048996,
    0.4558795720449277,
    0.4411663432502544,
    0.42732937360388795,
    0.42191548093209646,
    0.42548877493567694,
    0.43710623845367075,
    0.45428383629439123,
    0.4738179084744792,
    0.4782120448490914,
    0.4740211366140348,
    0.4617059987747752,
    0.45950430748942883,
    0.4387050741935232,
    0.40680563569583883,
    0.34670387952907056,
    0.2760853661278265,
    0.1972625044050557,
    0.13088295690077478,
    0.06602848370146887,
    0.018185289324639375,
    -0.031794020936858555,
    -0.0744371620502896,
    -0.13244577187922363,
    -0.18803385883707763,
    -0.25251511295457474,
    -0.31186537695104927,
    -0.37383726314714943,
    -0.42369570619468033,
    -0.46176922738774445,
    -0.49676818762183317,
    -0.5179886352902359,
    -0.5246463121245373,
    -0.5175457206946971,
    -0.49640298041673,
    -0.4740791322693199,
    -0.46400911324192934,
    -0.4614344008696324,
    -0.4661435912812622,
    -0.47984199161187435,
    -0.4940142299751331,
    -0.5087216301952097,
    -0.523737487351421,
    -0.5423512250760015,
    -0.5613520827171172,
    -0.580588450151806,
    -0.5979837376518026,
    -0.6092906066286977,
    -0.6146775602308425,
    -0.6121594067339752,
    -0.6065086957668475,
    -0.5990052001105701,
    -0.5859123230612461,
    -0.5634398625913087,
    -0.5249658670487019,
    -0.45662541733772294,
    -0.38480562857031925,
    -0.3066540004259616,
    -0.22748640844546403,
    -0.1491145677261479,
    -0.06925946014647294,
    0.00965839899968551,
    0.0904190948460376,
    0.17149560603234199,
    0.2532817890961436,
    0.33451026959110625,
    0.4139126765304485,
    0.4909334172348002,
    0.5644769425298233,
    0.6339763411993228,
    0.6981110117268204
  ],
  "amplitudes": [
    0.8728893972769152,
    0.8717151319626341,
    0.8619087487410145,
    0.8514292961355838,
    0.8412608499687816,
    0.8312317244751158,
    0.8211186762368964,
    0.8111182000695515,
    0.8007807504325786,
    0.7906945208294711,
    0.789972286241976,
    0.7907529461602144,
    0.7975304001294584,
    0.8080358547005986,
    0.8175659457601904,
    0.8270847159307515,
    0.8369933775559388,
    0.8436019779793436,
    0.8522671313935095,
    0.861422775679612,
    0.8578545276819028,
    0.853098849193115,
    0.8546628965625128,
    0.853278694643811,
    0.8542275712065643,
    0.8495599408759891,
    0.8521703089131313,
    0.8457022739057651,
    0.850296337821927,
    0.8501768315508891,
    0.8575270323110283,
    0.861461202316492,
    0.863171873156926,
    0.868661552847814,
    0.8751580411985226,
    0.8780335227616809,
    0.8881944600891084,
    0.898137364871759,
    0.8984981167062067,
    0.9015951377322516,
    0.904144606049269,
    0.9128071765382821,
    0.908964147935973,
    0.9020053659922702,
    0.8928392021679042,
    0.8828290989804575,
    0.8774809669861805,
    0.8699815303863592,
    0.8636673981879954,
    0.8579474649720915,
    0.8588541989807107,
    0.8654461952683229,
    0.8711922522680299,
    0.8774282694249749,
    0.8872457303116121,
    0.8938101450993323,
    0.9036637368830527,
    0.9128129560175529,
    0.9107328050124149,
    0.9121755709913639,
    0.902131022105789,
    0.8941030412379456,
    0.8881007148228393,
    0.8860225343128973,
    0.8832584260385947,
    0.8828286314907341,
    0.8793570650406105,
    0.8785637833545662,
    0.8810597790964678,
    0.8788001138716829,
    0.8749144474457136,
    0.870839172350507,
    0.8697815543544508,
    0.8684651574987865,
    0.8694776740728813,
    0.8731322712326955,
    0.8718637111640105,
    0.868647182594018,
    0.863184577038876,
    0.8613375093405475,
    0.863137413734125,
    0.8606590180995949,
    0.8507975493371988,
    0.8410321176677298,
    0.8312041731682525,
    0.821166679264507,
    0.8110650351763061,
    0.800798673831496,
    0.7965713703108026,
    0.7865113776929865,
    0.7964648778909811,
    0.8042742940074146,
    0.8105903606310779,
    0.8205735663649831,
    0.830830054561963,
    0.8408496660760592,
    0.8509015966930387,
    0.8606415527803641,
    0.8706565365570738,
    0.8807291017662374
  ],