{
  "ctrl_x": [
    1.0,
    1.0,
    1.0,
    0.9998362113448407,
    1.0,
    1.0,
    1.0,
    1.0,
    1.0,
    1.0,
    1.0,
    1.0,
    1.0,
    1.0,
    1.0,
    1.0,
    1.0,
    1.0,
    1.0,
    1.0,
    1.0,
    1.0,
    1.0,
    1.0,
    1.0,
    1.0,
    1.0,
    1.0,
    1.0,
    1.0,
    1.0,
    1.0,
    1.0,
    1.0,
    1.0,
    0.9843507802563818,
    0.9654231520697506,
    0.9471387488147242,
    0.9587254488844017,
    0.9581614300608622,
    0.9742789910962693,
    0.9942702422657684,
    1.0,
    1.0,
    0.9998883224322548,
    1.0,
    1.0,
    1.0,
    1.0,
    1.0,
    1.0,
    1.0,
    1.0,
    1.0,
    1.0,
    1.0,
    1.0,
    0.994403662292765,
    0.9867025608956491,
    0.9794772603669051,
    0.9416206191171824,
    0.915156483859174,
    0.9318898836420048,
    0.9573670990849753,
    0.9764196640745594,
    0.9926845810178729,
    1.0,
    1.0,
    1.0,
    1.0,
    1.0,
    1.0,
    1.0,
    1.0,
    1.0,
    1.0,
    0.9981965354807348,
    1.0,
    0.9995975470455057,
    1.0,
    1.0,
    1.0,
    1.0,
    1.0,
    1.0,
    1.0,
    1.0,
    1.0,
    1.0,
    1.0,
    1.0,
    1.0,
    1.0,
    1.0,
    1.0,
    1.0,
    1.0,
    0.9997401691052074,
    1.0,
    1.0
  ],
  "ctrl_y": [
    -0.3525019077862976,
    -0.31891906303528916,
    -0.28595245963376054,
    -0.24260922099131166,
    -0.16920002841446105,
    -0.06685846353406455,
    0.03867540180488464,
    0.14547862957784402,
    0.25209484321294,
    0.33875059194162244,
    0.4115878581623995,
    0.4768107035036464,
    0.5347357324454438,
    0.5885199498810664,
    0.6393933692813177,
    0.6868251426436476,
    0.7307727403024222,
    0.7733506490186173,
    0.8144444833368875,
    0.852793319170759,
    0.8877508099328322,
    0.9188430712744763,
    0.9455058326873439,
    0.9676879249583629,
    0.9858770789400616,
    1.0,
    1.0,
    1.0,
    1.0,
    1.0,
    1.0,
    1.0,
    1.0,
    1.0,
    1.0,
    1.0,
    1.0,
    0.9952705218620194,
    0.9570412907831203,
    0.9262630302664349,
    0.8726221409796818,
    0.8072037589241551,
    0.7504546233747365,
    0.693018402960002,
    0.6272136246405627,
    0.5500349567201804,
    0.45675067981619893,
    0.3414387995778537,
    0.21793206312771105,
    0.08718526686222526,
    -0.04074722873453289,
    -0.16806708554492164,
    -0.29380493604631047,
    -0.412370612616864,
    -0.5125704497317461,
    -0.5965005756349999,
    -0.6676312286848145,
    -0.7352036318389014,
    -0.7970229428832878,
    -0.8505588475896698,
    -0.9294050719658473,
    -0.9879200218482305,
    -1.0,
    -0.9999190539148078,
    -1.0,
    -1.0,
    -1.0,
    -1.0,
    -1.0,
    -1.0,
    -1.0,
    -1.0,
    -1.0,
    -1.0,
    -1.0,
    -1.0,
    -0.9954851372079008,
    -0.9766169690368111,
    -0.9552313648546864,
    -0.9292068281707547,
    -0.9016564717188403,
    -0.8700066981422805,
    -0.834175854815742,
    -0.7962222318243593,
    -0.7562020180574223,
    -0.7132642678275256,
    -0.6675380840605015,
    -0.6179142003160816,
    -0.5679073417227946,
    -0.5125846850005048,
    -0.45251629973111296,
    -0.3838969777570289,
    -0.3023313915317976,
    -0.19264936210502726,
    -0.08151295528259588,
    0.02396413849465553,
    0.13130799211272945,
    0.22614998640346573,
    0.2775384177508287,
    0.3204252134127092
  ],
  "amplitudes": [
    1.060310140946025,
    1.0496234414147327,
    1.0400811550886775,
    1.0288496895204935,
    1.0142133156370283,
    1.0022325349668788,
    1.0007476138891211,
    1.0105266110617015,
    1.0312864829786905,
    1.0558181488972425,
    1.0813901076793293,
    1.1078575932743533,
    1.1339939609865501,
    1.1603257005720475,
    1.1869388698163506,
    1.2131482912519256,
    1.238559162078708,
    1.264148419426104,
    1.2896975678188625,
    1.3142512869395564,
    1.3371991252376736,
    1.3580399808654797,
    1.3762199241566688,
    1.3915530604724429,
    1.404262658757039,
    1.4142135623730951,
    1.4142135623730951,
    1.4142135623730951,
    1.4142135623730951,
    1.4142135623730951,
    1.4142135623730951,
    1.4142135623730951,
    1.4142135623730951,
    1.4142135623730951,
    1.4142135623730951,
    1.4031915259833019,
    1.3899790870917061,
    1.3739123775531747,
    1.3546521762439312,
    1.3326802044356458,
    1.3079330844578891,
    1.2806838888174221,
    1.2502728269239949,
    1.2166653224454258,
    1.180327746124415,
    1.1412880677612338,
    1.099373086587333,
    1.056683705683572,
    1.0234717309916774,
    1.0037934402843234,
    1.0008298240208193,
    1.014024923383821,
    1.0422674035223287,
    1.0816882740189098,
    1.1237119141213217,
    1.164393806550381,
    1.2023857357417358,
    1.236674178533042,
    1.268395646145306,
    1.2972378566742975,
    1.323043150521731,
    1.3466615608675012,
    1.366901150498568,
    1.384337342121589,
    1.3976392096644525,
    1.4090502749691474,
    1.4142135623730951,
    1.4142135623730951,
    1.4142135623730951,
    1.4142135623730951,
    1.4142135623730951,
    1.4142135623730951,
    1.4142135623730951,
    1.4142135623730951,
    1.4142135623730951,
    1.4142135623730951,
    1.4097471340093495,
    1.3977770581214473,
    1.3826287341370926,
    1.3650733788039215,
    1.3464710888067624,
    1.325485441192182,
    1.3022478092734784,
    1.2782682983049232,
    1.2537310286158343,
    1.2283101871105426,
    1.202334019177352,
    1.175507532494906,
    1.15000815161574,
    1.123718407474518,
    1.0976206091005847,
    1.071156799694135,
    1.0447029579289766,
    1.0183878321737125,
    1.0033166807538398,
    1.0002870987540482,
    1.0085840514268885,
    1.024999620523245,
    1.0377993897317697,
    1.050082052694255
  ],