{
  "durations": [
    10.0,
    9.5,
    9.0,
    8.5,
    8.0,
    7.5,
    7.0,
    6.5,
    6.0,
    5.5,
    5.0,
    4.5,
    4.0,
    3.5,
    3.0,
    2.5,
    2.0,
    1.5,
    1.0
  ],
  "fidelities": [
    0.9999999986622509,
    0.9999999998754919,
    0.9999999979497011,
    0.9999999998013497,
    0.9999999994818889,
    0.9911817182155161,
    0.9792192845094514,
    0.9438420430226643,
    0.8955982710694533,
    0.8419727797346377,
    0.7862246940901769,
    0.7325027022809927,
    0.6879644847185576,
    0.6543346180956519,
    0.630716816904574,
    0.615426339988066,
    0.6065397944096785,
    0.6021213650840309,
    0.6004250924832637
  ],
  "best_duration": 8.0,
  "best_fidelity": 0.9999999998754919,
  "target_reached": true
}