{
  "ctrl_x": [
    -0.0,
    -0.020957475165282128,
    -0.036120217175589345,
    -0.050435146241539615,
    -0.056283780735344326,
    -0.0673549834399302,
    -0.0689520697179123,
    -0.06670551701795548,
    -0.058306870427408446,
    -0.040504585059723514,
    -0.010422857907720401,
    0.03343201546694782,
    0.08371926004779048,
    0.15070900058186723,
    0.21983163850733448,
    0.2936420697179312,
    0.36565124528298376,
    0.3530538282982447,
    0.32103770306080187,
    0.2748576887325529,
    0.2141043606929576,
    0.13962085891049464,
    0.047283750822321696,
    -0.059340677272058356,
    -0.16761237653044866,
    -0.27785044512305834,
    -0.3895161455596507,
    -0.482474872735354,
    -0.48038859322805477,
    -0.38945863899693134,
    -0.27454673779461647,
    -0.14481808819654376,
    0.00420318260188032,
    0.15744822000263642,
    0.3076220696010203,
    0.4431992558239568,
    0.5704359649526922,
    0.676355859587007,
    0.7568577057392014,
    0.8302648527908763,
    0.8721150518674583,
    0.8883076662976245,
    0.8180029537948973,
    0.7342415987940887,
    0.6397975759693064,
    0.5526413919007871,
    0.46824597226058207,
    0.43762184893480927,
    0.3875846941005076,
    0.32425735682959966,
    0.2375106612052421,
    0.15411666542061594,
    0.07809319269260338,
    0.009588017830308354,
    -0.049112782729499385,
    -0.09375570562021447,
    -0.12388896220463398,
    -0.14050567549967058,
    -0.1391920872715879,
    -0.1288607989220331,
    -0.11056902051859782,
    -0.06736053707038794,
    -0.017401016411522693,
    -0.0
  ],
  "ctrl_y": [
    0.0,
    0.0032397402377384627,
    0.011465539424894993,
    0.024883379378697366,
    0.03942640736367367,
    0.0637243336827629,
    0.0895837341726994,
    0.12285862695001032,
    0.15996901329078353,
    0.20411651257108102,
    0.24827070555911362,
    0.29320809744609755,
    0.3321550660018933,
    0.3586988340655965,
    0.37612298251917875,
    0.3835237010224853,
    0.3858429012486118,
    0.4575996459187847,
    0.5338706586925847,
    0.6056530744563897,
    0.673470938636521,
    0.7356726427835891,
    0.7877596087260009,
    0.8241638175874222,
    0.8442150818514443,
    0.8498062350879473,
    0.8388020603709958,
    0.8188074487877429,
    0.8437485425900871,
    0.9092812702720592,
    0.9607622464675406,
    0.9895680910038521,
    0.9854045271519027,
    0.9869435853381111,
    0.9450134489841305,
    0.8806038014035791,
    0.8192026881627898,
    0.7327512267259216,
    0.6509736489170231,
    0.5574361879953776,
    0.46648200903948805,
    0.4365054052247103,
    0.521410560210503,
    0.5927317609820969,
    0.6506856852368514,
    0.6833379603956699,
    0.6985433727767879,
    0.6708251801527406,
    0.6513899871322161,
    0.6329920198289264,
    0.6162702035317612,
    0.5874032416932419,
    0.5474340399666818,
    0.4977403576664656,
    0.44090303030101746,
    0.3776545704678101,
    0.3120558209403603,
    0.2443721749162136,
    0.17843578949596361,
    0.1212056831996093,
    0.07442772975427045,
    0.02994026402094998,
    0.0037301908010197076,
    -0.0
  ],
  "raw_ctrl_x": [
    -0.08987627001827245,
    -0.7473697715375257,
    -0.5265774987081385,
    -0.40501844029034595,
    -0.2843019524888584,
    -0.23258980427550796,
    -0.1733363551886235,
    -0.12871537592882043,
    -0.0905823278323722,
    -0.05298250315283165,
    -0.011984639320511685,
    0.035243546346625215,
    0.08434217947724262,
    0.15070900058186723,
    0.21983163850733448,
    0.2936420697179312,
    0.36565124528298376,
    0.3530538282982447,
    0.32103770306080187,
    0.2748576887325529,
    0.2141043606929576,
    0.13962085891049464,
    0.047283750822321696,
    -0.059340677272058356,
    -0.16761237653044866,
    -0.27785044512305834,
    -0.3895161455596507,
    -0.482474872735354,
    -0.48038859322805477,
    -0.38945863899693134,
    -0.27454673779461647,
    -0.14481808819654376,
    0.00420318260188032,
    0.15744822000263642,
    0.3076220696010203,
    0.4431992558239568,
    0.5704359649526922,
    0.676355859587007,
    0.7568577057392014,
    0.8302648527908763,
    0.8721150518674583,
    0.8883076662976245,
    0.8180029537948973,
    0.7342415987940887,
    0.6397975759693064,
    0.5526413919007871,
    0.46824597226058207,
    0.43762184893480927,
    0.3875846941005076,
    0.32425735682959966,
    0.2375106612052421,
    0.15526338202128911,
    0.08232471233266539,
    0.011024705173210253,
    -0.06424255826774285,
    -0.1456536768376013,
    -0.2390569034838374,
    -0.35321262688799965,
    -0.48065723843687036,
    -0.6509046878899937,
    -0.8879223234608098,
    -0.9820135618158196,
    -0.6205420050571856,
    -0.014713716848598377
  ],
  "raw_ctrl_y": [
    0.014031377268857555,
    0.11553318814522995,
    0.1671500213398771,
    0.1998254839362851,
    0.19915159299301746,
    0.2200524674180863,
    0.22520162236186467,
    0.2370687622391504,
    0.24851900811529992,
    0.2669970265069078,
    0.28547207362109134,
    0.3090957283674276,
    0.3346264906667246,
    0.3586988340655965,
    0.37612298251917875,
    0.3835237010224853,
    0.3858429012486118,
    0.4575996459187847,
    0.5338706586925847,
    0.6056530744563897,
    0.673470938636521,
    0.7356726427835891,
    0.7877596087260009,
    0.8241638175874222,
    0.8442150818514443,
    0.8498062350879473,
    0.8388020603709958,
    0.8188074487877429,
    0.8437485425900871,
    0.9092812702720592,
    0.9607622464675406,
    0.9895680910038521,
    0.9854045271519027,
    0.9869435853381111,
    0.9450134489841305,
    0.8806038014035791,
    0.8192026881627898,
    0.7327512267259216,
    0.6509736489170231,
    0.5574361879953776,
    0.46648200903948805,
    0.4365054052247103,
    0.521410560210503,
    0.5927317609820969,
    0.6506856852368514,
    0.6833379603956699,
    0.6985433727767879,
    0.6708251801527406,
    0.6513899871322161,
    0.6329920198289264,
    0.6162702035317612,
    0.5917738595410945,
    0.5770970337806984,
    0.5723227462859785,
    0.5767284409548304,
    0.5867032454108227,
    0.6021448314732838,
    0.6143192261346903,
    0.6161733436045639,
    0.612236987924228,
    0.5976904057154899,
    0.43648323768849945,
    0.1330232685360754,
    -0.05065626958247045
  ],
  "amplitudes": [
    0.0,
    0.021206406628927938,
    0.037896288513726,
    0.056239546101561566,
    0.06871903354581363,
    0.09272262128254022,
    0.1130470404155222,
    0.13979938560907393,
    0.17026384334985945,
    0.20809654517805107,
    0.24848939455394192,
    0.29510792613236003,
    0.34254328540152656,
    0.38907333038439373,
    0.4356540453937526,
    0.4830280471713988,
    0.5315783833273723,
    0.5779657789359537,
    0.6229631505951294,
    0.6651032969801594,
    0.7066850659634012,
    0.7488045282869853,
    0.7891773908519994,
    0.8262973521677172,
    0.8606933328379079,
    0.8940757837283332,
    0.9248306461911147,
    0.9503828917921915,
    0.9709195659922224,
    0.9891766576081906,
    0.9992196983001392,
    1.0001086367999779,
    0.9854134913199889,
    0.9994236252070711,
    0.9938217931130796,
    0.9858441232818418,
    0.9982435746873857,
    0.9971868476198541,
    0.9982986919360114,
    1.0000374140334316,
    0.9890349480434433,
    0.9897613241552331,
    0.9700504134921069,
    0.9436321666182418,
    0.9125419437967502,
    0.8788420086453272,
    0.8409620289814684,
    0.800949002741172,
    0.75797810683231,
    0.7112114528220298,
    0.660454599459516,
    0.607284541967025,
    0.5529761069514366,
    0.497832696531531,
    0.44362996692745515,
    0.3891183713621993,
    0.33574887987736224,
    0.2818858008500947,
    0.2263045914957741,
    0.17690653786310073,
    0.13328539025270855,
    0.07371472962749914,
    0.017796339386685515,
    0.0
  ],