{
  "ctrl_x": [
    -0.0,
    -0.0224076832936166,
    -0.03188522671610302,
    -0.050284009448045126,
    -0.06678333412089746,
    -0.07833582470479923,
    -0.08657846087953662,
    -0.07960056752653186,
    -0.057811572353631435,
    -0.021272464253024648,
    0.03473728230579074,
    0.09144760428359396,
    0.1680378160381385,
    0.24011957508202267,
    0.32192450418527435,
    0.4057977179656663,
    0.4879991962921438,
    0.5465392731912447,
    0.5480048614829435,
    0.5132243788869112,
    0.45712060025616424,
    0.3896378836447971,
    0.3096524519593231,
    0.218238994050232,
    0.11914998896576044,
    0.012875832864203072,
    -0.0338395489149973,
    -0.11887168736460543,
    -0.15629299317887496,
    -0.15422323573631938,
    -0.027388340332231274,
    0.08524177221630058,
    0.2078035129932442,
    0.3386807664565167,
    0.4608562895176832,
    0.5698946816247774,
    0.6766980825378385,
    0.7657504194448493,
    0.8270186236642094,
    0.8811078189950746,
    0.9223084090741893,
    0.9396176521469266,
    0.9421277780285621,
    0.9458456362182969,
    0.9305477734993555,
    0.8885051866051462,
    0.8195221494337145,
    0.742462091805914,
    0.6344624268629244,
    0.5220470485019024,
    0.3982305519219,
    0.2652413895714021,
    0.14042965427189175,
    0.02616380789523606,
    -0.06760057013346499,
    -0.1408466197831784,
    -0.1918426107667987,
    -0.2159915724061244,
    -0.2214371659946527,
    -0.19061532144931392,
    -0.12452555544232581,
    -0.054282289742494924,
    -0.014686077984634309,
    -0.0
  ],
  "ctrl_y": [
    0.0,
    0.0038036383070824634,
    0.011348390480283632,
    0.028029130063067106,
    0.05514019475694023,
    0.08986955728142615,
    0.14348239729123818,
    0.20186932137600225,
    0.261757492304933,
    0.317836578898571,
    0.36377307604639064,
    0.40015911595635945,
    0.4216726821949287,
    0.4371485379421232,
    0.4392051403409149,
    0.43256871235833283,
    0.42056659740175145,
    0.42793945787700427,
    0.5009243424793071,
    0.5967973686614149,
    0.6894921847134146,
    0.7717489267391082,
    0.843869335066204,
    0.9028726489737622,
    0.9452810428550609,
    0.9733479535551941,
    0.9859279649180082,
    0.9900649199597085,
    0.9882068370068895,
    0.9783504860304169,
    0.9966759719395598,
    0.9942947234540991,
    0.9781877481779148,
    0.9400990359068242,
    0.8866169863670805,
    0.8184451196380723,
    0.7314632138065978,
    0.643697576707992,
    0.5610928693665348,
    0.47260651718879787,
    0.37611492851276845,
    0.2869935314715396,
    0.2542628508836787,
    0.2347541016033927,
    0.3531691171206883,
    0.4571238102702711,
    0.5566308862368419,
    0.6550766281991899,
    0.7231357465384995,
    0.7666497925667026,
    0.7877327476357302,
    0.7842245935144766,
    0.7550762757820009,
    0.7009440138349039,
    0.6311634235102573,
    0.5490362046374375,
    0.45366484431006654,
    0.3561519675825464,
    0.2566848814723515,
    0.15875779176179788,
    0.07257162388139213,
    0.019702312922904454,
    0.002570111442555549,
    -0.0
  ],
  "raw_ctrl_x": [
    -0.08987627001827245,
    -0.7990860068668022,
    -0.46483781778738686,
    -0.4038047392716463,
    -0.33733754264954663,
    -0.27050877611898105,
    -0.21764676402166283,
    -0.15359774470479082,
    -0.08981286014932328,
    -0.027825699305215165,
    0.03994238462191097,
    0.0964027395549337,
    0.1692881140034228,
    0.24011957508202267,
    0.32192450418527435,
    0.4057977179656663,
    0.4879991962921438,
    0.5465392731912447,
    0.5480048614829435,
    0.5132243788869112,
    0.45712060025616424,
    0.3896378836447971,
    0.3096524519593231,
    0.218238994050232,
    0.11914998896576044,
    0.012875832864203072,
    -0.0338395489149973,
    -0.11887168736460543,
    -0.15629299317887496,
    -0.15422323573631938,
    -0.027388340332231274,
    0.08524177221630058,
    0.2078035129932442,
    0.3386807664565167,
    0.4608562895176832,
    0.5698946816247774,
    0.6766980825378385,
    0.7657504194448493,
    0.8270186236642094,
    0.8811078189950746,
    0.9223084090741893,
    0.9396176521469266,
    0.9421277780285621,
    0.9458456362182969,
    0.9305477734993555,
    0.8885051866051462,
    0.8195221494337145,
    0.742462091805914,
    0.6344624268629244,
    0.5220470485019024,
    0.3982305519219,
    0.2672149380113261,
    0.1480389070071165,
    0.030084244038604553,
    -0.08842572797495461,
    -0.2188115155857182,
    -0.3701806817173465,
    -0.5429741567657574,
    -0.764665425891651,
    -0.962840579547285,
    -1.0,
    -0.7913527268620806,
    -0.5237239057470491,
    -0.014713716848598377
  ],
  "raw_ctrl_y": [
    0.014031377268857555,
    0.13564249844775295,
    0.16544216897758737,
    0.2250873723349818,
    0.27852544419017194,
    0.310336988755336,
    0.36069571054120747,
    0.3895282841809596,
    0.4066519572520117,
    0.4157499087757279,
    0.4182815451892287,
    0.42184194258869384,
    0.424810169392719,
    0.4371485379421232,
    0.4392051403409149,
    0.43256871235833283,
    0.42056659740175145,
    0.42793945787700427,
    0.5009243424793071,
    0.5967973686614149,
    0.6894921847134146,
    0.7717489267391082,
    0.843869335066204,
    0.9028726489737622,
    0.9452810428550609,
    0.9733479535551941,
    0.9859279649180082,
    0.9900649199597085,
    0.9882068370068895,
    0.9783504860304169,
    0.9966759719395598,
    0.9942947234540991,
    0.9781877481779148,
    0.9400990359068242,
    0.8866169863670805,
    0.8184451196380723,
    0.7314632138065978,
    0.643697576707992,
    0.5610928693665348,
    0.47260651718879787,
    0.37611492851276845,
    0.2869935314715396,
    0.2542628508836787,
    0.2347541016033927,
    0.3531691171206883,
    0.4571238102702711,
    0.5566308862368419,
    0.6550766281991899,
    0.7231357465384995,
    0.7666497925667026,
    0.7877327476357302,
    0.7900596753830396,
    0.7959904704838784,
    0.8059748356984333,
    0.8256008061007515,
    0.8529522698740426,
    0.8753944739734459,
    0.8953187947305078,
    0.8863826148124718,
    0.8019210788793958,
    0.5827849843641435,
    0.28722957581549197,
    0.0916533879439216,
    -0.05065626958247045
  ],
  "amplitudes": [
    0.0,
    0.02272821891301933,
    0.03384455124876502,
    0.057568339721268874,
    0.08660516609381178,
    0.11921844973887459,
    0.16757991592285207,
    0.21699648214511136,
    0.26806559397984336,
    0.31854765518104783,
    0.36542787200519516,
    0.41047531279260135,
    0.45392131314615825,
    0.49875470379988107,
    0.5445516887282763,
    0.5931167497360773,
    0.6442200543539957,
    0.6941450545444219,
    0.7424516988311537,
    0.787125379037574,
    0.8272597632904874,
    0.8645311366828623,
    0.8988882553852277,
    0.9288741996572817,
    0.9527607096494336,
    0.9734331131423624,
    0.98650852357095,
    0.9971755230608764,
    1.0004900061589685,
    0.9904314615140885,
    0.9970522123880075,
    0.9979419606466295,
    1.0000167852079849,
    0.9992451445368719,
    0.999238810346481,
    0.9973125698614176,
    0.9964731446770976,
    1.0003600727436617,
    0.9993923213340268,
    0.9998539437255737,
    0.9960498184825531,
    0.9824696531357131,
    0.9758352050794905,
    0.9745426905850819,
    0.9953128071377432,
    0.9992015034717755,
    0.9906838531667241,
    0.9901390541644306,
    0.9620124110543402,
    0.9275155121571369,
    0.8826723368168724,
    0.8278654527244836,
    0.768023873357944,
    0.7014321459518125,
    0.6347732699630302,
    0.5668143649441406,
    0.4925600250413124,
    0.41652921069642795,
    0.33900080657753384,
    0.24806901704224907,
    0.14412929803132327,
    0.05774727798087298,
    0.014909270921071744,
    0.0
  ],