{
  "ctrl_x": [
    -0.0,
    -0.0162514347933145,
    -0.020449539899371087,
    -0.01779899061127135,
    -0.04082018259640455,
    -0.06935422675069954,
    -0.09216090041104949,
    -0.11188214800411013,
    -0.12261740727554785,
    -0.12290390044943184,
    -0.11317816203115087,
    -0.09612202608211323,
    -0.06715030736479045,
    -0.029904746358790563,
    -0.08692878329333835,
    -0.15065430920983153,
    -0.21746256861984992,
    -0.2886512714017708,
    -0.36047217336128257,
    -0.43617399565476966,
    -0.5133679243387361,
    -0.5818748427835623,
    -0.6443023625348553,
    -0.7001086525147752,
    -0.7493556110360701,
    -0.7887008947030991,
    -0.7885148448284172,
    -0.7751327344263567,
    -0.745892046307907,
    -0.7025897009959903,
    -0.6386847316523971,
    -0.5588258257387584,
    -0.4670330281430309,
    -0.3591039250428308,
    -0.24230240013148957,
    -0.12629852274952916,
    -0.021469212532064547,
    0.08351277413576672,
    0.18077227815727034,
    0.25340026617173983,
    0.25750310846811886,
    0.20731631714390847,
    0.13115053064985543,
    0.05351147552784387,
    -0.017147828665063224,
    -0.08442282372884642,
    -0.12950372311780858,
    -0.1324722085375479,
    -0.1585632019967288,
    -0.20142205472852956,
    -0.21618016633389237,
    -0.21796430157133373,
    -0.23067644826154576,
    -0.2315974391055974,
    -0.2285102622026493,
    -0.22192765096478112,
    -0.20729475335556738,
    -0.1853472543493445,
    -0.15600440885141445,
    -0.12471615799542439,
    -0.10069520528408839,
    -0.05701153165771591,
    -0.028041641451684026,
    -0.0
  ],
  "ctrl_y": [
    0.0,
    0.0019162735850517657,
    0.00501667385657437,
    0.00646766360979204,
    0.02068911901228015,
    0.04793783944979586,
    0.0794645647943218,
    0.12506345849299247,
    0.1724195671260699,
    0.22413915852332722,
    0.27878489653524857,
    0.3323725297569073,
    0.3837488720886761,
    0.42994986714262845,
    0.46088221881169356,
    0.4845446001573256,
    0.4989832299226688,
    0.5038872499979847,
    0.49485152288954865,
    0.46946502582183175,
    0.4336298527527143,
    0.39001823134277275,
    0.33495555673640026,
    0.27282159618799223,
    0.2043009167934233,
    0.1307040973616908,
    0.21842740280063205,
    0.3075407370602353,
    0.4037059859931637,
    0.49754832284503303,
    0.5949908594871226,
    0.6878038950436441,
    0.7668910880157687,
    0.8150683667670863,
    0.845378338738074,
    0.8563834476255504,
    0.8510513038403721,
    0.8336761985956435,
    0.8030614804462621,
    0.7651297944546036,
    0.7441936707769213,
    0.7385991756705534,
    0.7340624099380325,
    0.7201290763350495,
    0.6950663913013521,
    0.6632509833227563,
    0.6266862711684253,
    0.5931054656639362,
    0.5540995783459439,
    0.5037867988397471,
    0.4586449783755558,
    0.417284429091909,
    0.36465115164414386,
    0.3153744545367884,
    0.2672672556853925,
    0.21786754676178569,
    0.1660551489171543,
    0.12234041050077725,
    0.08333589063799914,
    0.05167343850406264,
    0.031882913296273505,
    0.011698759460494115,
    0.0028586731673318315,
    -0.0
  ],
  "raw_ctrl_x": [
    -0.08987627001827245,
    -0.5795464870098987,
    -0.2981230017969129,
    -0.14293444062985966,
    -0.2061918631173584,
    -0.23949357867500237,
    -0.23168027636454117,
    -0.21588848095123198,
    -0.1904916196388427,
    -0.16076590547603006,
    -0.13013699917150973,
    -0.10133044729252616,
    -0.06764994425990077,
    -0.029904746358790563,
    -0.08692878329333835,
    -0.15065430920983153,
    -0.21746256861984992,
    -0.2886512714017708,
    -0.36047217336128257,
    -0.43617399565476966,
    -0.5133679243387361,
    -0.5818748427835623,
    -0.6443023625348553,
    -0.7001086525147752,
    -0.7493556110360701,
    -0.7887008947030991,
    -0.7885148448284172,
    -0.7751327344263567,
    -0.745892046307907,
    -0.7025897009959903,
    -0.6386847316523971,
    -0.5588258257387584,
    -0.4670330281430309,
    -0.3591039250428308,
    -0.24230240013148957,
    -0.12629852274952916,
    -0.021469212532064547,
    0.08351277413576672,
    0.18077227815727034,
    0.25340026617173983,
    0.25750310846811886,
    0.20731631714390847,
    0.13115053064985543,
    0.05351147552784387,
    -0.017147828665063224,
    -0.08442282372884642,
    -0.12950372311780858,
    -0.1324722085375479,
    -0.1585632019967288,
    -0.20142205472852956,
    -0.21618016633389237,
    -0.21958608129440155,
    -0.24317576974735985,
    -0.2663004523144083,
    -0.2989055601916314,
    -0.34477451949316645,
    -0.3999972310993672,
    -0.46593840684651683,
    -0.538713441348065,
    -0.6299691804950519,
    -0.808630846306287,
    -0.8311408979602798,
    -1.0,
    -0.014713716848598377
  ],
  "raw_ctrl_y": [
    0.014031377268857555,
    0.06833671232668517,
    0.07313542879290123,
    0.0519384441757224,
    0.1045053628881746,
    0.1655386450352648,
    0.19976337308580785,
    0.24132321874592297,
    0.2678614996765064,
    0.2931878861522716,
    0.3205585706494455,
    0.35038230550035276,
    0.3866041843348417,
    0.42994986714262845,
    0.46088221881169356,
    0.4845446001573256,
    0.4989832299226688,
    0.5038872499979847,
    0.49485152288954865,
    0.46946502582183175,
    0.4336298527527143,
    0.39001823134277275,
    0.33495555673640026,
    0.27282159618799223,
    0.2043009167934233,
    0.1307040973616908,
    0.21842740280063205,
    0.3075407370602353,
    0.4037059859931637,
    0.49754832284503303,
    0.5949908594871226,
    0.6878038950436441,
    0.7668910880157687,
    0.8150683667670863,
    0.845378338738074,
    0.8563834476255504,
    0.8510513038403721,
    0.8336761985956435,
    0.8030614804462621,
    0.7651297944546036,
    0.7441936707769213,
    0.7385991756705534,
    0.7340624099380325,
    0.7201290763350495,
    0.6950663913013521,
    0.6632509833227563,
    0.6266862711684253,
    0.5931054656639362,
    0.5540995783459439,
    0.5037867988397471,
    0.4586449783755558,
    0.42038926516357056,
    0.3844099610454602,
    0.36263077957983675,
    0.34960210544363035,
    0.33846696624509426,
    0.3204210367192629,
    0.30754756072210804,
    0.2877749722840315,
    0.26101408374815477,
    0.2560351020561408,
    0.1705500126078519,
    0.10194385989341417,
    -0.05065626958247045
  ],
  "amplitudes": [
    0.0,
    0.016364022650134664,
    0.021055894630226633,
    0.018937654008602908,
    0.0457638170688165,
    0.084309223809153,
    0.12168914751335204,
    0.16780489770040102,
    0.21157394852608602,
    0.255624199029022,
    0.300882559974683,
    0.34599269130306304,
    0.3895797230458959,
    0.4309886101867977,
    0.46900856386813444,
    0.5074250589250733,
    0.5443107866787152,
    0.5807081170367695,
    0.6122239928930522,
    0.6408160149023588,
    0.6719981212311557,
    0.7004945063625695,
    0.726168547485078,
    0.7513878816381178,
    0.7767063128325116,
    0.7994577301975405,
    0.8182091363514663,
    0.8339137011290998,
    0.8481352886610185,
    0.860921960174986,
    0.8728873405652756,
    0.8862056767758901,
    0.8979096782274142,
    0.8906694513036431,
    0.8794174143812631,
    0.865646536535402,
    0.8513220594200201,
    0.83784866625706,
    0.8231563386907204,
    0.805999564055746,
    0.7874846477837981,
    0.7671432706185558,
    0.7456863170085467,
    0.7221145093379157,
    0.695277884262552,
    0.6686023332631701,
    0.6399272589696107,
    0.6077194907481989,
    0.5763407253965386,
    0.5425605798583809,
    0.5070395255848043,
    0.47078098041662614,
    0.43148822252520636,
    0.3912779323890471,
    0.3516372077774542,
    0.3109954182857757,
    0.265603891633093,
    0.2220828240462087,
    0.17686787794709313,
    0.13499727520203067,
    0.10562217819881578,
    0.058199447719658334,
    0.028186976914568666,
    0.0
  ],