{
  "ctrl_x": [
    0.0,
    0.028041495823687836,
    0.06179118922993494,
    0.08160949644872277,
    0.08948582471906083,
    0.0810249378222639,
    0.05906910340323411,
    0.01845356363295701,
    -0.042477842378674587,
    -0.12290912169478176,
    -0.2181122935113975,
    -0.3208570161511981,
    -0.4277129989193087,
    -0.5314613348734928,
    -0.6269778326125235,
    -0.7112025970324211,
    -0.7812953021192272,
    -0.8332217509829406,
    -0.8677437427353691,
    -0.8816352090238347,
    -0.873908021822476,
    -0.8473883390742377,
    -0.8041922513976045,
    -0.749614736791662,
    -0.6838700816680521,
    -0.6376116280377032,
    -0.697760547088444,
    -0.7480000211744035,
    -0.817919755240934,
    -0.8488047660410233,
    -0.8648418029455748,
    -0.8458986747353003,
    -0.7359622887205715,
    -0.6168064296142007,
    -0.49628122116843665,
    -0.37099097786208357,
    -0.24386090226631374,
    -0.12334051784580509,
    -0.0062115573357384,
    0.1021560923323825,
    0.1965966558355646,
    0.2756265614368134,
    0.34183775289970475,
    0.38757277176082977,
    0.41227134645643465,
    0.41508576394161173,
    0.39725674302952957,
    0.3623139522263962,
    0.31087090399914397,
    0.25083382503641055,
    0.18754967484668844,
    0.12722227683691076,
    0.07767528502531218,
    0.04146654908278514,
    0.01690939128195004,
    0.003110339931708947,
    -0.0008951673082114298,
    -0.005028288288178127,
    -0.016933651409980127,
    -0.03213073817530441,
    -0.048497196672495836,
    -0.04435885240291024,
    -0.02343891234885063,
    -0.0
  ],
  "ctrl_y": [
    0.0,
    -0.006111528506756683,
    -0.02848605440094242,
    -0.06216421136401549,
    -0.10564427367873691,
    -0.1534004939060095,
    -0.20819144199695083,
    -0.26706840898024065,
    -0.32122857997033033,
    -0.36451817964423405,
    -0.38945383264076094,
    -0.39235200294787653,
    -0.3719217688178302,
    -0.33067308514365923,
    -0.27092994596606507,
    -0.18907964108810113,
    -0.0921478390026425,
    0.019627702737962365,
    0.14128547028054234,
    0.2680169857143633,
    0.3979591417516425,
    0.5237342964653116,
    0.64177310991956,
    0.7491166157183915,
    0.8451120048696622,
    0.910223634086263,
    0.8912916269499049,
    0.8687531507705358,
    0.8273606327120997,
    0.7787195655446241,
    0.7414126310050639,
    0.7347308999493507,
    0.8132933586157999,
    0.8709351907513779,
    0.9087454186064886,
    0.928628612860539,
    0.9296162216949558,
    0.9096603988917391,
    0.8738176845951052,
    0.8186130927776872,
    0.7497356078350337,
    0.6663541711797294,
    0.5695800587191824,
    0.4676910202517921,
    0.36036178108525735,
    0.2557711396244698,
    0.15833187511214716,
    0.07199332293533195,
    0.002446475072396976,
    -0.049248015708300306,
    -0.07956986470187978,
    -0.08889407273980138,
    -0.08293725859127808,
    -0.06763552238956709,
    -0.04751520369784184,
    -0.025763427934353156,
    -0.009942767170120168,
    -0.01603839933687878,
    -0.030068309916916534,
    -0.036499625848143556,
    -0.036161650256092887,
    -0.020271241091989745,
    -0.005061590682431362,
    -0.0
  ],
  "raw_ctrl_x": [
    0.08575324615825125,
    0.9999948067235576,
    0.9008209919870039,
    0.6553634405310533,
    0.4520128952838567,
    0.2797948045866982,
    0.14849188907692332,
    0.03560810988996772,
    -0.06599122566091659,
    -0.16077273518797022,
    -0.2507946661315842,
    -0.33824281789245664,
    -0.4308954295464307,
    -0.5314613348734928,
    -0.6269778326125235,
    -0.7112025970324211,
    -0.7812953021192272,
    -0.8332217509829406,
    -0.8677437427353691,
    -0.8816352090238347,
    -0.873908021822476,
    -0.8473883390742377,
    -0.8041922513976045,
    -0.749614736791662,
    -0.6838700816680521,
    -0.6376116280377032,
    -0.697760547088444,
    -0.7480000211744035,
    -0.817919755240934,
    -0.8488047660410233,
    -0.8648418029455748,
    -0.8458986747353003,
    -0.7359622887205715,
    -0.6168064296142007,
    -0.49628122116843665,
    -0.37099097786208357,
    -0.24386090226631374,
    -0.12334051784580509,
    -0.0062115573357384,
    0.1021560923323825,
    0.1965966558355646,
    0.2756265614368134,
    0.34183775289970475,
    0.38757277176082977,
    0.41227134645643465,
    0.41508576394161173,
    0.39725674302952957,
    0.3623139522263962,
    0.31087090399914397,
    0.25083382503641055,
    0.18754967484668844,
    0.1281688837234935,
    0.08188416012439817,
    0.047679977893142475,
    0.02211852992907802,
    0.004832052025754735,
    -0.0017273203439021295,
    -0.012640449638076885,
    -0.05847517831593768,
    -0.16229953778515385,
    -0.3894557747622927,
    -0.6466841943484705,
    -0.8358609245195602,
    -0.014654897506334544
  ],
  "raw_ctrl_y": [
    0.47656127743761406,
    -0.21794474896510416,
    -0.41528308652168217,
    -0.4992084648263798,
    -0.5336328314077047,
    -0.5297216186711006,
    -0.5233656637842807,
    -0.5153368446473553,
    -0.4990429485702917,
    -0.4768123305988243,
    -0.44781035657534635,
    -0.4136117971635749,
    -0.37468908061562417,
    -0.33067308514365923,
    -0.27092994596606507,
    -0.18907964108810113,
    -0.0921478390026425,
    0.019627702737962365,
    0.14128547028054234,
    0.2680169857143633,
    0.3979591417516425,
    0.5237342964653116,
    0.64177310991956,
    0.7491166157183915,
    0.8451120048696622,
    0.910223634086263,
    0.8912916269499049,
    0.8687531507705358,
    0.8273606327120997,
    0.7787195655446241,
    0.7414126310050639,
    0.7347308999493507,
    0.8132933586157999,
    0.8709351907513779,
    0.9087454186064886,
    0.928628612860539,
    0.9296162216949558,
    0.9096603988917391,
    0.8738176845951052,
    0.8186130927776872,
    0.7497356078350337,
    0.6663541711797294,
    0.5695800587191824,
    0.4676910202517921,
    0.36036178108525735,
    0.2557711396244698,
    0.15833187511214716,
    0.07199332293533195,
    0.002446475072396976,
    -0.049248015708300306,
    -0.07956986470187978,
    -0.08955549575095967,
    -0.08743125642286033,
    -0.07777016133866091,
    -0.06215282605700948,
    -0.04002463617286272,
    -0.019185624687239312,
    -0.04031840806936647,
    -0.10383169828418212,
    -0.1843677656007861,
    -0.29039541423961934,
    -0.2955236780011232,
    -0.18050265321138648,
    -0.010654546416055722
  ],
  "amplitudes": [
    0.0,
    0.028699760778076216,
    0.06804121076070795,
    0.10258898130464153,
    0.13845008265349049,
    0.17348415512579063,
    0.21640895429171064,
    0.2677051906220585,
    0.324024949167348,
    0.38468188869106995,
    0.4463712136096814,
    0.5068424992348813,
    0.5668017392043995,
    0.6259359709298872,
    0.6830111552593211,
    0.7359077691529459,
    0.7867106033011322,
    0.833452897904763,
    0.8791705108616761,
    0.9214736818932563,
    0.9602534608682111,
    0.9961749898953548,
    1.0288818697128312,
    1.0597631610697784,
    1.0871488349694756,
    1.1113305773972446,
    1.1319322176456386,
    1.146401355830776,
    1.1634080722494387,
    1.1519000358607359,
    1.1391417969401365,
    1.12043476528503,
    1.096853033723019,
    1.0672292528330345,
    1.0354290349042357,
    0.9999927031125546,
    0.9610694352087917,
    0.9179841636184958,
    0.8738397618303289,
    0.8249625827076478,
    0.7750830450612984,
    0.7211087870897882,
    0.6642849483452615,
    0.6074105233156027,
    0.5475657735614421,
    0.4875603216954713,
    0.42764693680530236,
    0.369397399185731,
    0.3108805304188811,
    0.25562271971325556,
    0.20373081235732118,
    0.15520200994779887,
    0.11363115227084523,
    0.07933497703878574,
    0.05043433449519772,
    0.02595049967571707,
    0.009982982696013748,
    0.016808150891702008,
    0.034508720801189705,
    0.04862722511869697,
    0.06049498354685886,
    0.04877121078989888,
    0.023979205832003248,
    0.0
  ],