{
  "ctrl_x": [
    0.0,
    0.028041641451683794,
    0.06551615613224443,
    0.07944588808876327,
    0.09130535344859458,
    0.08753544034349142,
    0.06246192304770008,
    0.0108562201147692,
    -0.06608914732451068,
    -0.16361033673853417,
    -0.2775556240664072,
    -0.39728479134234973,
    -0.5154839573764012,
    -0.6311331680658707,
    -0.7382225388983723,
    -0.8303273188253751,
    -0.9021279549643246,
    -0.9557218522389523,
    -0.9877814773846788,
    -0.9999811989655571,
    -0.9904813719358551,
    -0.9571787624595205,
    -0.908118741169625,
    -0.8458962682304236,
    -0.7685138254558234,
    -0.8029488102447526,
    -0.8388056935745636,
    -0.8590126367718063,
    -0.8789530824078082,
    -0.8837755824668037,
    -0.8778890086720416,
    -0.8669433307544246,
    -0.7872465898226897,
    -0.7155148836270608,
    -0.6077799803756545,
    -0.4773585379174896,
    -0.34483705416985516,
    -0.2070431696594105,
    -0.07477311922299888,
    0.0477117159658083,
    0.16687433891407574,
    0.27049228111762313,
    0.3526446844813721,
    0.41562352697755717,
    0.4580373349713675,
    0.4795820599936246,
    0.47754885095226723,
    0.45205613054198623,
    0.4072594394201733,
    0.34577028216379607,
    0.27479137293244466,
    0.20166716888376532,
    0.13438654060874253,
    0.0794304944560182,
    0.038689906168832285,
    0.012064702252840337,
    -0.0032017431267669398,
    -0.011076779439509729,
    -0.0189540981597861,
    -0.037489701334027306,
    -0.049045982893645014,
    -0.047911513860362895,
    -0.023182363141059172,
    -0.0
  ],
  "ctrl_y": [
    0.0,
    -0.00635834589879849,
    -0.031064847114773895,
    -0.06226679671729308,
    -0.11226815686119569,
    -0.17490073827481506,
    -0.24559182392913612,
    -0.31668098304823666,
    -0.3767140422581873,
    -0.4192704506079518,
    -0.43672251831901915,
    -0.4272804600617871,
    -0.395735266160237,
    -0.34205932101075853,
    -0.2639956981617857,
    -0.16747185294512051,
    -0.05302930780827315,
    0.07331429082871778,
    0.21259636469410848,
    0.3534168232816174,
    0.48980613107572185,
    0.630389179103167,
    0.762626585828966,
    0.882782584780941,
    0.9915463462246378,
    0.999031858430578,
    0.9961264635956706,
    0.9986264300504308,
    0.9670605096342856,
    0.9421000860397085,
    0.9176322589194558,
    0.8963648561244043,
    0.9294868584609902,
    0.9437777987327545,
    0.9722065429231077,
    0.9947982084243141,
    1.0,
    1.0,
    0.9790432156385326,
    0.9388378515832532,
    0.8770481717060485,
    0.7953730797567231,
    0.6986614007306777,
    0.5923065469001608,
    0.4810639114392348,
    0.36312115109150284,
    0.24699662751933826,
    0.1362540670176813,
    0.041782462156664216,
    -0.03405238924883624,
    -0.08806662663895841,
    -0.11678758295550788,
    -0.12338824015727244,
    -0.1142953243351674,
    -0.09531872187278179,
    -0.07296106681508782,
    -0.05617547139911926,
    -0.03940567555509324,
    -0.0354355361427641,
    -0.04387212301932457,
    -0.036718491219559404,
    -0.021708527124656558,
    -0.004886366748151521,
    -0.0
  ],
  "raw_ctrl_x": [
    0.08575324615825125,
    1.0,
    0.9551253098335294,
    0.6379886265639588,
    0.46120374145050685,
    0.3022768308572265,
    0.15702098752734034,
    0.020948229107682417,
    -0.10267244263373598,
    -0.214012442524807,
    -0.3191451015897948,
    -0.41881187122344077,
    -0.5193194543986794,
    -0.6311331680658707,
    -0.7382225388983723,
    -0.8303273188253751,
    -0.9021279549643246,
    -0.9557218522389523,
    -0.9877814773846788,
    -0.9999811989655571,
    -0.9904813719358551,
    -0.9571787624595205,
    -0.908118741169625,
    -0.8458962682304236,
    -0.7685138254558234,
    -0.8029488102447526,
    -0.8388056935745636,
    -0.8590126367718063,
    -0.8789530824078082,
    -0.8837755824668037,
    -0.8778890086720416,
    -0.8669433307544246,
    -0.7872465898226897,
    -0.7155148836270608,
    -0.6077799803756545,
    -0.4773585379174896,
    -0.34483705416985516,
    -0.2070431696594105,
    -0.07477311922299888,
    0.0477117159658083,
    0.16687433891407574,
    0.27049228111762313,
    0.3526446844813721,
    0.41562352697755717,
    0.4580373349713675,
    0.4795820599936246,
    0.47754885095226723,
    0.45205613054198623,
    0.4072594394201733,
    0.34577028216379607,
    0.27479137293244466,
    0.20316768856954123,
    0.14166834413525842,
    0.09133251508688,
    0.05060879089491672,
    0.018743053891519174,
    -0.006178103230627715,
    -0.02784555392068407,
    -0.06545217229746784,
    -0.1893688581015133,
    -0.39386279161276844,
    -0.6984765624543439,
    -0.8267120589571253,
    -0.014654897506334544
  ],
  "raw_ctrl_y": [
    0.47656127743761406,
    -0.22674656580835412,
    -0.4528779384666441,
    -0.5000322744686111,
    -0.5670915453964857,
    -0.6039661270091649,
    -0.6173852619386105,
    -0.6110695727249988,
    -0.5852420928228839,
    -0.5484316883748022,
    -0.5021618745586189,
    -0.45043287061417897,
    -0.3986797640699164,
    -0.34205932101075853,
    -0.2639956981617857,
    -0.16747185294512051,
    -0.05302930780827315,
    0.07331429082871778,
    0.21259636469410848,
    0.3534168232816174,
    0.48980613107572185,
    0.630389179103167,
    0.762626585828966,
    0.882782584780941,
    0.9915463462246378,
    0.999031858430578,
    0.9961264635956706,
    0.9986264300504308,
    0.9670605096342856,
    0.9421000860397085,
    0.9176322589194558,
    0.8963648561244043,
    0.9294868584609902,
    0.9437777987327545,
    0.9722065429231077,
    0.9947982084243141,
    1.0,
    1.0,
    0.9790432156385326,
    0.9388378515832532,
    0.8770481717060485,
    0.7953730797567231,
    0.6986614007306777,
    0.5923065469001608,
    0.4810639114392348,
    0.36312115109150284,
    0.24699662751933826,
    0.1362540670176813,
    0.041782462156664216,
    -0.03405238924883624,
    -0.08806662663895841,
    -0.11765654972014736,
    -0.13007409514124518,
    -0.13142155925998517,
    -0.12468278528719759,
    -0.11334827653753121,
    -0.10839653513471771,
    -0.09906064027387528,
    -0.12236577005758838,
    -0.22160789611620327,
    -0.2948671145383136,
    -0.3164771091593754,
    -0.17425394859893528,
    -0.010654546416055722
  ],
  "amplitudes": [
    0.0,
    0.028753473144536093,
    0.07250787157687712,
    0.10093960128534785,
    0.1447093867493841,
    0.19558302984974005,
    0.2534104098328571,
    0.31686701080986307,
    0.3824673123661474,
    0.45006227684698424,
    0.5174588703054561,
    0.5834413397956532,
    0.649869303164374,
    0.7178674354803982,
    0.784006534147189,
    0.8470479785210565,
    0.9036852076994173,
    0.9585297304136016,
    1.0104006439751556,
    1.0605969306306064,
    1.1049721237168388,
    1.1461159192829948,
    1.1858663320444887,
    1.2226387809155557,
    1.2545029520205095,
    1.2817142606808736,
    1.3022530180608995,
    1.3172537557087924,
    1.3068146580017808,
    1.2917475961969367,
    1.269936248067911,
    1.2470207271872027,
    1.218073484334642,
    1.1843471121561828,
    1.146552252035611,
    1.1034013998572543,
    1.0577866485868233,
    1.021208536050603,
    0.9818944125750869,
    0.9400494239165622,
    0.8927824709753951,
    0.8401097607729063,
    0.7826148646453881,
    0.7235813442026104,
    0.6642444483146913,
    0.6015446140044366,
    0.5376432265468966,
    0.4721439567964967,
    0.40939714842766906,
    0.34744302157502804,
    0.28855853715609175,
    0.23304288562018527,
    0.18244012745526667,
    0.13918557617227673,
    0.1028716072529917,
    0.07395183778139257,
    0.05626663972517877,
    0.04093290007689192,
    0.04018625459999909,
    0.057708239310667916,
    0.06126790379509144,
    0.052600126523742276,
    0.02369173992769167,
    0.0
  ],