{
  "ctrl_x": [
    0.0,
    0.027793182402025267,
    0.05262565368819114,
    0.09126494229650284,
    0.1212283198346679,
    0.13807783535215457,
    0.1514102469198064,
    0.162149665881611,
    0.16340458813163022,
    0.15942191871636932,
    0.13928328998284353,
    0.11156627718572092,
    0.07686423106449995,
    0.03097106042924598,
    -0.02251720361192222,
    -0.08510978750952043,
    -0.1561258649606218,
    -0.23172079678278507,
    -0.3097115591526349,
    -0.38957049020869644,
    -0.46765932785973446,
    -0.53866671458804,
    -0.6005895726390942,
    -0.6537792061921319,
    -0.6970898773991481,
    -0.7262966601060457,
    -0.736796660698492,
    -0.7288946198119035,
    -0.7026515947575372,
    -0.655724916986942,
    -0.5883897730154002,
    -0.5028564838276581,
    -0.40205977507547785,
    -0.2804352275265098,
    -0.1519921946082225,
    -0.025040516134267672,
    0.1029138346183338,
    0.2206484723465947,
    0.33048521958177846,
    0.4253267518914054,
    0.4950725389379959,
    0.545040123114067,
    0.5804038465768422,
    0.5974430563611418,
    0.595189220270759,
    0.5734153736503103,
    0.5343075231208766,
    0.48089453314511865,
    0.41575517363694253,
    0.34293432440200566,
    0.2658953162099474,
    0.18920276939596067,
    0.11772166161293657,
    0.05498847718125541,
    0.0010705753953523277,
    -0.04188610905120816,
    -0.07447848706415088,
    -0.0943856656241792,
    -0.10003722976422766,
    -0.09238869191612424,
    -0.07015083002546692,
    -0.05161701006724284,
    -0.02739226821630335,
    -0.0
  ],
  "ctrl_y": [
    0.0,
    0.0002544558816162811,
    -0.006061101269096491,
    -0.02280395951319729,
    -0.0446565337748878,
    -0.07012553554775931,
    -0.10130193450662565,
    -0.13952639242084167,
    -0.18500525421329045,
    -0.23399565312542525,
    -0.2802291602670995,
    -0.3294859376165748,
    -0.37286648952156737,
    -0.41045463625236334,
    -0.4388350151659841,
    -0.46087356214329617,
    -0.47423206359643033,
    -0.4737459275056702,
    -0.45934581581213824,
    -0.4315726300346542,
    -0.3894275938576494,
    -0.3309835812217133,
    -0.25602033511085653,
    -0.16861361693390534,
    -0.07324434295426993,
    0.032527963579524435,
    0.146620809602212,
    0.26291103782336733,
    0.3791269985861659,
    0.4924803547741611,
    0.5980495957058327,
    0.6928845618061265,
    0.76928847652948,
    0.8109140111453108,
    0.8343153557064503,
    0.835627416097895,
    0.8157301977743907,
    0.7730103121116454,
    0.7091053773290893,
    0.6292020080691124,
    0.5402683104813713,
    0.4437853754147943,
    0.33909990887691516,
    0.231414994205334,
    0.12316402893648731,
    0.01963109573113872,
    -0.07298118868868461,
    -0.15253383922341168,
    -0.21902762021354075,
    -0.26997633725770576,
    -0.30299127784564844,
    -0.31664359286214144,
    -0.3136985409074984,
    -0.29802404765189644,
    -0.27292760809512784,
    -0.2396750136840701,
    -0.20280770172703633,
    -0.15970975523093378,
    -0.11494733301893316,
    -0.073505646123471,
    -0.037966696623563556,
    -0.017386917929714786,
    -0.004261944431009938,
    -0.0
  ],
  "raw_ctrl_x": [
    0.0571688307721675,
    0.991139639593259,
    0.7672015080168539,
    0.7329013066620904,
    0.6123513306258181,
    0.4768095107318273,
    0.3806252726953441,
    0.3128849926321115,
    0.25385632710095307,
    0.208533732627211,
    0.16015377054907048,
    0.11761155305167613,
    0.07743614513699228,
    0.03097106042924598,
    -0.02251720361192222,
    -0.08510978750952043,
    -0.1561258649606218,
    -0.23172079678278507,
    -0.3097115591526349,
    -0.38957049020869644,
    -0.46765932785973446,
    -0.53866671458804,
    -0.6005895726390942,
    -0.6537792061921319,
    -0.6970898773991481,
    -0.7262966601060457,
    -0.736796660698492,
    -0.7288946198119035,
    -0.7026515947575372,
    -0.655724916986942,
    -0.5883897730154002,
    -0.5028564838276581,
    -0.40205977507547785,
    -0.2804352275265098,
    -0.1519921946082225,
    -0.025040516134267672,
    0.1029138346183338,
    0.2206484723465947,
    0.33048521958177846,
    0.4253267518914054,
    0.4950725389379959,
    0.545040123114067,
    0.5804038465768422,
    0.5974430563611418,
    0.595189220270759,
    0.5734153736503103,
    0.5343075231208766,
    0.48089453314511865,
    0.41575517363694253,
    0.34293432440200566,
    0.2658953162099474,
    0.190610546783095,
    0.12410047013644897,
    0.06322805814261234,
    0.0014003788503440559,
    -0.06507194150340655,
    -0.14371414673978905,
    -0.23727304094393584,
    -0.3454479312859852,
    -0.46667592611011915,
    -0.5633448473791982,
    -0.7524970273537076,
    -0.9768425383906448,
    -0.009769931670889695
  ],
  "raw_ctrl_y": [
    0.3177075182917427,
    0.009074214933341644,
    -0.0883615823842421,
    -0.18312674400202983,
    -0.22557013011054938,
    -0.24215705735144072,
    -0.254659623311838,
    -0.26923098501142845,
    -0.28741392678112365,
    -0.306080790882971,
    -0.3222192456834118,
    -0.3473393018865805,
    -0.3756408305845678,
    -0.41045463625236334,
    -0.4388350151659841,
    -0.46087356214329617,
    -0.47423206359643033,
    -0.4737459275056702,
    -0.45934581581213824,
    -0.4315726300346542,
    -0.3894275938576494,
    -0.3309835812217133,
    -0.25602033511085653,
    -0.16861361693390534,
    -0.07324434295426993,
    0.032527963579524435,
    0.146620809602212,
    0.26291103782336733,
    0.3791269985861659,
    0.4924803547741611,
    0.5980495957058327,
    0.6928845618061265,
    0.76928847652948,
    0.8109140111453108,
    0.8343153557064503,
    0.835627416097895,
    0.8157301977743907,
    0.7730103121116454,
    0.7091053773290893,
    0.6292020080691124,
    0.5402683104813713,
    0.4437853754147943,
    0.33909990887691516,
    0.231414994205334,
    0.12316402893648731,
    0.01963109573113872,
    -0.07298118868868461,
    -0.15253383922341168,
    -0.21902762021354075,
    -0.26997633725770576,
    -0.30299127784564844,
    -0.31899960324843446,
    -0.3306964570015935,
    -0.3426805537952629,
    -0.35700619658424426,
    -0.37234584026916484,
    -0.39133898867808536,
    -0.4014891354683378,
    -0.39693540586657655,
    -0.37129344260156905,
    -0.30489080324679124,
    -0.253474659611413,
    -0.1519862679348961,
    -0.0071030309440371486
  ],
  "amplitudes": [
    0.0,
    0.027794347191972976,
    0.052973544101784134,
    0.09407077262286907,
    0.1291917626581673,
    0.15486471306077687,
    0.18217339214907707,
    0.2139161712622325,
    0.2468359850366067,
    0.2831418617032865,
    0.3129348448678233,
    0.34786206647485224,
    0.38070661804764305,
    0.411621446240562,
    0.43941232913316197,
    0.46866631649027907,
    0.49927080412600844,
    0.5273800636067469,
    0.5540034552030112,
    0.5813949619978424,
    0.6085713580115129,
    0.6322277757607803,
    0.6528814951835326,
    0.6751724240997613,
    0.7009272650904387,
    0.7270246948321822,
    0.7512436229512081,
    0.7748610072781438,
    0.7984087578880037,
    0.820068330443272,
    0.83896712922082,
    0.8561271280112456,
    0.8680189069685015,
    0.8580358094564717,
    0.8480470151998676,
    0.8360025155361167,
    0.822196456400109,
    0.8038847498117061,
    0.7823368306037026,
    0.7594721935875576,
    0.7327937405033621,
    0.7028614338802829,
    0.6722033719950583,
    0.6406957976584498,
    0.6077989683689682,
    0.5737513142975187,
    0.5392687485530563,
    0.5045058216880111,
    0.4699206984399509,
    0.43645294538145407,
    0.40311789048977575,
    0.3688642742903501,
    0.33505994117531296,
    0.3030545587869176,
    0.272929707786098,
    0.24330753855133402,
    0.21605094055608143,
    0.1855151201148956,
    0.15238220600538108,
    0.11806248517628903,
    0.07976596395560993,
    0.05446669297264601,
    0.027721842081054417,
    0.0
  ],