{
  "ctrl_x": [
    0.0,
    0.028041641451683794,
    0.06859430428418169,
    0.11059200587805285,
    0.08358612886161812,
    0.09839459807897193,
    0.12800280735382266,
    0.1523133390524378,
    0.1799907988366285,
    0.19420524031445474,
    0.22164310060750778,
    0.25067187366183624,
    0.275228770957344,
    0.2927299754740722,
    0.3237399019838671,
    0.33630584148708403,
    0.3463465897384719,
    0.35162432144112077,
    0.3407411605687422,
    0.3244384486611273,
    0.3006172038900827,
    0.26797107963647626,
    0.22204735576820922,
    0.15428210786317126,
    0.06197884344131354,
    -0.05623284269665255,
    -0.20156718044462482,
    -0.33441806108327493,
    -0.4541076321280075,
    -0.5696793350188343,
    -0.654714528159635,
    -0.7253150811050386,
    -0.782273517044688,
    -0.8067657789005734,
    -0.8240240449561115,
    -0.8123817964591113,
    -0.787089810589795,
    -0.7243244289943939,
    -0.6338816090816661,
    -0.5227918527126387,
    -0.38883478168785723,
    -0.23409130472033635,
    -0.07640116197873072,
    0.06521332893054202,
    0.2028801220735857,
    0.3204075955145702,
    0.4074724866651768,
    0.46589614656242595,
    0.4909544432158499,
    0.48305036537149765,
    0.44756562878028533,
    0.39204210024966335,
    0.3226154911800197,
    0.24466587639475698,
    0.16575007951785178,
    0.09725758676693783,
    0.0414122361412647,
    -0.004905445585438465,
    -0.03732032965915616,
    -0.05667854114010796,
    -0.06677435874089632,
    -0.06859430428418226,
    -0.028041641451684026,
    -0.0
  ],
  "ctrl_y": [
    0.0,
    0.002772980833458562,
    0.012676747780535453,
    0.02398710087409879,
    0.010311900926415268,
    0.008081055798525902,
    -0.00823074352789467,
    -0.02952748314056732,
    -0.04420772255433535,
    -0.036484590724766085,
    -0.05224247290674413,
    -0.07835276834393583,
    -0.04836518998380991,
    -0.09145436365329523,
    -0.09181646322015478,
    -0.13057096054268985,
    -0.16115596838942237,
    -0.21115989174376637,
    -0.2548331461458787,
    -0.2992085523007809,
    -0.3492107885229936,
    -0.4027038946435953,
    -0.46643077095480817,
    -0.5286959667271431,
    -0.5802234340682192,
    -0.6198891997615681,
    -0.6318577937330618,
    -0.6114269629877278,
    -0.5683880463421361,
    -0.4795916536326807,
    -0.3764554880649644,
    -0.26103738713699753,
    -0.1336716830371219,
    -0.016970390080106416,
    0.10310459409233978,
    0.21085584109689365,
    0.31153215154557584,
    0.4271473233816041,
    0.5335237092874805,
    0.6205987240059803,
    0.6886628612851471,
    0.7294901567416773,
    0.738416330958527,
    0.714565085422575,
    0.6594248921999417,
    0.5761445315847687,
    0.476304365082015,
    0.3621961582998541,
    0.23598980139494585,
    0.11314838191201132,
    0.002999240876218834,
    -0.0849261129190994,
    -0.15457158264583795,
    -0.1947102540146846,
    -0.2113355355791606,
    -0.20952500989484643,
    -0.20083030494202767,
    -0.16967555242849644,
    -0.13587328148880562,
    -0.10112972678345859,
    -0.06966615399608372,
    -0.043460958949237585,
    -0.008644841406878583,
    -0.0
  ],
  "raw_ctrl_x": [
    0.02858441538608375,
    1.0,
    1.0,
    0.8881069069334455,
    0.42221221328546155,
    0.33977560590398787,
    0.32178207516313745,
    0.29390475588145454,
    0.2796237463529853,
    0.2540324692151596,
    0.25485453626814636,
    0.26425465751325994,
    0.2772766312570611,
    0.2927299754740722,
    0.3237399019838671,
    0.33630584148708403,
    0.3463465897384719,
    0.35162432144112077,
    0.3407411605687422,
    0.3244384486611273,
    0.3006172038900827,
    0.26797107963647626,
    0.22204735576820922,
    0.15428210786317126,
    0.06197884344131354,
    -0.05623284269665255,
    -0.20156718044462482,
    -0.33441806108327493,
    -0.4541076321280075,
    -0.5696793350188343,
    -0.654714528159635,
    -0.7253150811050386,
    -0.782273517044688,
    -0.8067657789005734,
    -0.8240240449561115,
    -0.8123817964591113,
    -0.787089810589795,
    -0.7243244289943939,
    -0.6338816090816661,
    -0.5227918527126387,
    -0.38883478168785723,
    -0.23409130472033635,
    -0.07640116197873072,
    0.06521332893054202,
    0.2028801220735857,
    0.3204075955145702,
    0.4074724866651768,
    0.46589614656242595,
    0.4909544432158499,
    0.48305036537149765,
    0.44756562878028533,
    0.39495911888156876,
    0.34009657679128585,
    0.2813270898048121,
    0.21681135845949126,
    0.15109400563139963,
    0.07990930557574644,
    -0.012331639381306868,
    -0.12887432714851754,
    -0.2862959754982099,
    -0.5362301617825183,
    -1.0,
    -1.0,
    -0.004884965835444848
  ],
  "raw_ctrl_y": [
    0.15885375914587135,
    0.09888796410996316,
    0.18480758588958818,
    0.19262793720449245,
    0.052087715660695186,
    0.02790545094847916,
    -0.02069099723118233,
    -0.05697641308509746,
    -0.06867867178919937,
    -0.047724101857961033,
    -0.060070587217270134,
    -0.08259835322360229,
    -0.04872505480503338,
    -0.09145436365329523,
    -0.09181646322015478,
    -0.13057096054268985,
    -0.16115596838942237,
    -0.21115989174376637,
    -0.2548331461458787,
    -0.2992085523007809,
    -0.3492107885229936,
    -0.4027038946435953,
    -0.46643077095480817,
    -0.5286959667271431,
    -0.5802234340682192,
    -0.6198891997615681,
    -0.6318577937330618,
    -0.6114269629877278,
    -0.5683880463421361,
    -0.4795916536326807,
    -0.3764554880649644,
    -0.26103738713699753,
    -0.1336716830371219,
    -0.016970390080106416,
    0.10310459409233978,
    0.21085584109689365,
    0.31153215154557584,
    0.4271473233816041,
    0.5335237092874805,
    0.6205987240059803,
    0.6886628612851471,
    0.7294901567416773,
    0.738416330958527,
    0.714565085422575,
    0.6594248921999417,
    0.5761445315847687,
    0.476304365082015,
    0.3621961582998541,
    0.23598980139494585,
    0.11314838191201132,
    0.002999240876218834,
    -0.08555801202779859,
    -0.1629471230125373,
    -0.22388601926950522,
    -0.27643995522033527,
    -0.3255064625532426,
    -0.3875233916791997,
    -0.42654182743018265,
    -0.46919675922623877,
    -0.5108288463135728,
    -0.5594526661505212,
    -0.6335942816648644,
    -0.30828585486957727,
    -0.0035515154720185743
  ],
  "amplitudes": [
    0.0,
    0.02817841510815538,
    0.06975584932120185,
    0.11316347808580057,
    0.08421980906406304,
    0.0987258851261477,
    0.12826715803151567,
    0.15514904290365236,
    0.18534025574410098,
    0.19760263339831483,
    0.22771679784838383,
    0.26263195645673826,
    0.2794460018766777,
    0.3066834510896864,
    0.3365082273210893,
    0.3607636272621956,
    0.38200419679762926,
    0.41015626694001367,
    0.4254932089708838,
    0.4413457428587797,
    0.46078072669713793,
    0.4837136821329934,
    0.5165875456272154,
    0.5507471234970289,
    0.5835243015301419,
    0.6224345367818078,
    0.6632296734417185,
    0.6969062854122449,
    0.7275154381740198,
    0.7446762376910052,
    0.7552283415481202,
    0.7708582777409344,
    0.7936119796950161,
    0.8069442459950501,
    0.8304493867712696,
    0.8392999278820483,
    0.8465002370825981,
    0.8408928078596721,
    0.8285248594362358,
    0.8114518454600766,
    0.790853351743349,
    0.7661296415938142,
    0.7423582796587865,
    0.7175346957291856,
    0.6899286429664286,
    0.6592446803262512,
    0.626817098989238,
    0.5901231028089736,
    0.5447269514865326,
    0.4961251977221513,
    0.4475756779711401,
    0.4011352054154742,
    0.35773332149936005,
    0.31268750229338793,
    0.26858108172152567,
    0.23099733322089228,
    0.20505556487285997,
    0.1697464476456198,
    0.14090548473499637,
    0.11592962807267128,
    0.09649967874487442,
    0.0812036546777194,
    0.029343942104885744,
    0.0
  ],