{
  "ctrl_x": [
    0.0,
    0.028041641451683794,
    0.06110542211323417,
    0.08075080320211277,
    0.08789489063003651,
    0.08233730978826473,
    0.061438004392623216,
    0.023499654761829365,
    -0.03019155511134286,
    -0.09855140364079622,
    -0.1790390068328737,
    -0.26775158989290465,
    -0.36023119324238645,
    -0.45175591454114095,
    -0.5378903560731159,
    -0.6158166933199731,
    -0.6843381177033662,
    -0.7380572008853266,
    -0.7772056974544027,
    -0.7974590419105437,
    -0.7975828483981927,
    -0.776470782258124,
    -0.7354930730318604,
    -0.6800819784606049,
    -0.6138185389847663,
    -0.5407249994492725,
    -0.6121973103650027,
    -0.6814572916897226,
    -0.7640140291530422,
    -0.8060215049784599,
    -0.8255295237020933,
    -0.7748022797917615,
    -0.6792028339649007,
    -0.5674603688779744,
    -0.4441866732260715,
    -0.3136885364518571,
    -0.1872666107836121,
    -0.06981188068160195,
    0.03516489908971048,
    0.1254040457298973,
    0.20265796656399576,
    0.2667060504355163,
    0.31835463861059415,
    0.3516893299270544,
    0.3612282520699742,
    0.352759602088634,
    0.3263260032283143,
    0.2868793269653142,
    0.2351631750922668,
    0.1797941321526447,
    0.12667492640240224,
    0.08057486728323719,
    0.04574973444440703,
    0.021958276312533533,
    0.008200990435249711,
    0.0013535835960756023,
    -0.0013398065922085283,
    -0.006620770315998197,
    -0.017186301315638332,
    -0.03279673288547075,
    -0.049660212788216695,
    -0.04452919593105616,
    -0.023613613341705343,
    -0.0
  ],
  "ctrl_y": [
    0.0,
    -0.0060783099079634115,
    -0.027698555490835705,
    -0.05965263271523865,
    -0.0993843459798872,
    -0.14612161026238507,
    -0.1955437534419923,
    -0.2424339241367335,
    -0.2835181707254317,
    -0.31530466373579985,
    -0.33404009382146294,
    -0.3373421614554308,
    -0.3226996520783966,
    -0.2896477392880771,
    -0.2408472818514361,
    -0.1757331381222453,
    -0.09768157595649829,
    -0.0051684860144807915,
    0.09829461785414237,
    0.2127829241601275,
    0.3335698215431902,
    0.45760532519132535,
    0.5764536686442001,
    0.6858232720562742,
    0.7785154102832006,
    0.855917341304572,
    0.8321988784967906,
    0.7980620012290324,
    0.737702681284508,
    0.6729517357154983,
    0.6221851904405672,
    0.6532331256955177,
    0.7229971332921803,
    0.7808424069610578,
    0.8224753119633934,
    0.8445912072438023,
    0.8447351748107026,
    0.8234304214556151,
    0.7848927971591518,
    0.7281469138389811,
    0.6609597385660974,
    0.5815901816173131,
    0.489939203320922,
    0.392731824603281,
    0.2958742823193203,
    0.20325152046838268,
    0.11935001362960002,
    0.0463861389884623,
    -0.008818970848840643,
    -0.043164857511328904,
    -0.05935174681626722,
    -0.06088751796715672,
    -0.053197837134863334,
    -0.04048681267883477,
    -0.028049425559641183,
    -0.01806639836905792,
    -0.009841092733308826,
    -0.018379118899144935,
    -0.027751023103716858,
    -0.03435476186215379,
    -0.03408892895905618,
    -0.018538323380696293,
    -0.0045825781398750685,
    -0.0
  ],
  "raw_ctrl_x": [
    0.08575324615825125,
    1.0,
    0.890823556720955,
    0.6484677214671242,
    0.44397673172338953,
    0.2843266791877962,
    0.15444699187490013,
    0.04534507836963724,
    -0.04690392955097154,
    -0.12891133303588798,
    -0.20586656176184134,
    -0.2822598469153759,
    -0.3629115204363597,
    -0.45175591454114095,
    -0.5378903560731159,
    -0.6158166933199731,
    -0.6843381177033662,
    -0.7380572008853266,
    -0.7772056974544027,
    -0.7974590419105437,
    -0.7975828483981927,
    -0.776470782258124,
    -0.7354930730318604,
    -0.6800819784606049,
    -0.6138185389847663,
    -0.5407249994492725,
    -0.6121973103650027,
    -0.6814572916897226,
    -0.7640140291530422,
    -0.8060215049784599,
    -0.8255295237020933,
    -0.7748022797917615,
    -0.6792028339649007,
    -0.5674603688779744,
    -0.4441866732260715,
    -0.3136885364518571,
    -0.1872666107836121,
    -0.06981188068160195,
    0.03516489908971048,
    0.1254040457298973,
    0.20265796656399576,
    0.2667060504355163,
    0.31835463861059415,
    0.3516893299270544,
    0.3612282520699742,
    0.352759602088634,
    0.3263260032283143,
    0.2868793269653142,
    0.2351631750922668,
    0.1797941321526447,
    0.12667492640240224,
    0.08117439062264087,
    0.04822870723517456,
    0.025248547378825963,
    0.010727402859485695,
    0.0021028525823709016,
    -0.0025852990411814347,
    -0.01664373817655001,
    -0.05934762737770125,
    -0.165663625875431,
    -0.3987953525830037,
    -0.649167542345415,
    -0.8420909803868575,
    -0.014654897506334544
  ],
  "raw_ctrl_y": [
    0.47656127743761406,
    -0.2167601321925622,
    -0.40380255736806386,
    -0.4790392823653541,
    -0.5020125378885015,
    -0.5045862235518267,
    -0.49157105276468044,
    -0.46780199117202226,
    -0.4404581432484713,
    -0.4124380071009811,
    -0.38409331475916625,
    -0.35562121923756757,
    -0.3251007230272121,
    -0.2896477392880771,
    -0.2408472818514361,
    -0.1757331381222453,
    -0.09768157595649829,
    -0.0051684860144807915,
    0.09829461785414237,
    0.2127829241601275,
    0.3335698215431902,
    0.45760532519132535,
    0.5764536686442001,
    0.6858232720562742,
    0.7785154102832006,
    0.855917341304572,
    0.8321988784967906,
    0.7980620012290324,
    0.737702681284508,
    0.6729517357154983,
    0.6221851904405672,
    0.6532331256955177,
    0.7229971332921803,
    0.7808424069610578,
    0.8224753119633934,
    0.8445912072438023,
    0.8447351748107026,
    0.8234304214556151,
    0.7848927971591518,
    0.7281469138389811,
    0.6609597385660974,
    0.5815901816173131,
    0.489939203320922,
    0.392731824603281,
    0.2958742823193203,
    0.20325152046838268,
    0.11935001362960002,
    0.0463861389884623,
    -0.008818970848840643,
    -0.043164857511328904,
    -0.05935174681626722,
    -0.06134055610833483,
    -0.05608038918432404,
    -0.04655343587036167,
    -0.03669038396412469,
    -0.028066956909540565,
    -0.018989433068591036,
    -0.046202666498472385,
    -0.09582965806672727,
    -0.17353357836117522,
    -0.2737504670263809,
    -0.2702603893158984,
    -0.16342046694273898,
    -0.010654546416055722
  ],
  "amplitudes": [
    0.0,
    0.028692847656550873,
    0.06709010797364566,
    0.10039486444856383,
    0.13267539344096932,
    0.16772285941051993,
    0.20496826069889615,
    0.24357019798460694,
    0.2851211727170332,
    0.3303474082433779,
    0.3789957127039217,
    0.4306862521437156,
    0.4836337230139683,
    0.5366369528811787,
    0.5893500219154051,
    0.6404001371063548,
    0.6912744387167309,
    0.7380752976670911,
    0.7833967883867513,
    0.825359010576014,
    0.864527168979281,
    0.9012821474677072,
    0.9344778716327138,
    0.9658493971219659,
    0.9913926784326246,
    1.0124119814459442,
    1.033121735416238,
    1.0494222211306465,
    1.062037043947629,
    1.0500165261033958,
    1.0337375903522954,
    1.0134259170143851,
    0.9919885807884399,
    0.9652596203902165,
    0.9347552831949795,
    0.9009632652083277,
    0.8652434912074457,
    0.8263845095734031,
    0.7856801341260367,
    0.7388667693289899,
    0.6913306209168066,
    0.6398275210496743,
    0.584285973540031,
    0.5271846648383873,
    0.4669340863885412,
    0.40712469519600597,
    0.3474666691012988,
    0.2906052685866665,
    0.23532847929289993,
    0.18490304183678535,
    0.13988983819132936,
    0.10099306452381826,
    0.07016443598833534,
    0.046058092660341755,
    0.029223732108423616,
    0.018117034486390526,
    0.00993187735980007,
    0.019535265830955804,
    0.03264181729338823,
    0.04749605615802448,
    0.060234473615584455,
    0.0482339996686327,
    0.024054162996446693,
    0.0
  ],