{
  "ctrl_x": [
    0.0,
    0.027897926377835433,
    0.05916257700773536,
    0.1148293293541612,
    0.14446128030113145,
    0.14052033253137824,
    0.10433987377708107,
    0.04044636582473836,
    -0.05392988358801649,
    -0.17159725272015652,
    -0.3031393164210241,
    -0.4419671973051008,
    -0.5796799982127763,
    -0.7077184748439586,
    -0.8191638805512803,
    -0.9052277174000827,
    -0.965357123444244,
    -0.9987709690411062,
    -1.0,
    -1.0,
    -0.9903712474704481,
    -0.9518955099574312,
    -0.8813942589083024,
    -0.7931885124537219,
    -0.7043586209437886,
    -0.6596648313214911,
    -0.6368808860925218,
    -0.6119754056164428,
    -0.5882641474402213,
    -0.553077034738695,
    -0.5439503160100246,
    -0.48653463272654185,
    -0.4440902283316017,
    -0.3703079458133212,
    -0.32613500051669986,
    -0.22954290530549493,
    -0.11065895887743671,
    0.004893684179432804,
    0.1158593125255377,
    0.22720317292037367,
    0.3318427038098064,
    0.4201622713824192,
    0.5010600626337198,
    0.5752403873583743,
    0.6379878616866483,
    0.682561489926871,
    0.7078721503194505,
    0.7121517205773845,
    0.68829472984467,
    0.6381648571009458,
    0.5628589896296473,
    0.4699883722402852,
    0.36571558314284686,
    0.2584376829521248,
    0.15748106741646567,
    0.0684150653634205,
    1.3938956429179937e-05,
    -0.04800563441207546,
    -0.07504521629131251,
    -0.084452524703526,
    -0.07984910315275473,
    -0.05115878442945642,
    -0.022679352090235416,
    -0.0
  ],
  "ctrl_y": [
    0.0,
    -0.006142216144696901,
    -0.026851566507323732,
    -0.08419735315492992,
    -0.16474868415222485,
    -0.25424226205008077,
    -0.3391331398999495,
    -0.42688339238238876,
    -0.494343538727245,
    -0.5380771467811786,
    -0.5560450355045523,
    -0.5464507316529725,
    -0.5071053526306596,
    -0.43401077966721774,
    -0.3310340256570479,
    -0.20466284721713363,
    -0.06706112547995313,
    0.07802007102636786,
    0.22844185255537197,
    0.36981616705580317,
    0.5023116455124252,
    0.6397223144292153,
    0.7754559662713649,
    0.8957151488674171,
    0.9935828008893254,
    1.0,
    1.0,
    1.0,
    0.9955103641030338,
    1.0,
    0.9971855131660018,
    1.0,
    0.9991106359689982,
    1.0,
    0.9984091640744036,
    1.0,
    1.0,
    1.0,
    1.0,
    0.9765863553659334,
    0.9301017081483145,
    0.8704701911064928,
    0.7963974753700445,
    0.7019061727059355,
    0.5913411420612615,
    0.47034421939658017,
    0.3425837083267647,
    0.21084268378132312,
    0.07981874604488344,
    -0.04299494546853245,
    -0.15157194753148845,
    -0.23570497859211506,
    -0.2955673694504387,
    -0.3241160833059716,
    -0.3223608946408869,
    -0.2957246742516608,
    -0.2557940323420208,
    -0.20915852344497293,
    -0.1537886801934324,
    -0.1048247667522292,
    -0.06312717885649517,
    -0.024451286417555087,
    -0.005126801698291157,
    -0.0
  ],
  "raw_ctrl_x": [
    0.0571688307721675,
    0.994874940752096,
    0.8624998478390961,
    0.9221346489584219,
    0.7297062050925971,
    0.4852439265960338,
    0.2622965995850583,
    0.07804555627212136,
    -0.08378248325320906,
    -0.22445982275481685,
    -0.34856230444064656,
    -0.46591541623656796,
    -0.583993150688627,
    -0.7077184748439586,
    -0.8191638805512803,
    -0.9052277174000827,
    -0.965357123444244,
    -0.9987709690411062,
    -1.0,
    -1.0,
    -0.9903712474704481,
    -0.9518955099574312,
    -0.8813942589083024,
    -0.7931885124537219,
    -0.7043586209437886,
    -0.6596648313214911,
    -0.6368808860925218,
    -0.6119754056164428,
    -0.5882641474402213,
    -0.553077034738695,
    -0.5439503160100246,
    -0.48653463272654185,
    -0.4440902283316017,
    -0.3703079458133212,
    -0.32613500051669986,
    -0.22954290530549493,
    -0.11065895887743671,
    0.004893684179432804,
    0.1158593125255377,
    0.22720317292037367,
    0.3318427038098064,
    0.4201622713824192,
    0.5010600626337198,
    0.5752403873583743,
    0.6379878616866483,
    0.682561489926871,
    0.7078721503194505,
    0.7121517205773845,
    0.68829472984467,
    0.6381648571009458,
    0.5628589896296473,
    0.4734853559512967,
    0.38553206931004974,
    0.297162490790146,
    0.20599497905240685,
    0.10628586020815471,
    2.689669606120281e-05,
    -0.12067979585745545,
    -0.25914566788627197,
    -0.4265885722696036,
    -0.6412266371278059,
    -0.7458167986879569,
    -0.8087740558737306,
    -0.009769931670889695
  ],
  "raw_ctrl_y": [
    0.3177075182917427,
    -0.21903910850868127,
    -0.3914547539702343,
    -0.6761451724174509,
    -0.8321824149427625,
    -0.8779477768193477,
    -0.8525357198764392,
    -0.8237168196069765,
    -0.7679847702091214,
    -0.703838197176067,
    -0.639363911077309,
    -0.5760604444024277,
    -0.5108785080163198,
    -0.43401077966721774,
    -0.3310340256570479,
    -0.20466284721713363,
    -0.06706112547995313,
    0.07802007102636786,
    0.22844185255537197,
    0.36981616705580317,
    0.5023116455124252,
    0.6397223144292153,
    0.7754559662713649,
    0.8957151488674171,
    0.9935828008893254,
    1.0,
    1.0,
    1.0,
    0.9955103641030338,
    1.0,
    0.9971855131660018,
    1.0,
    0.9991106359689982,
    1.0,
    0.9984091640744036,
    1.0,
    1.0,
    1.0,
    1.0,
    0.9765863553659334,
    0.9301017081483145,
    0.8704701911064928,
    0.7963974753700445,
    0.7019061727059355,
    0.5913411420612615,
    0.47034421939658017,
    0.3425837083267647,
    0.21084268378132312,
    0.07981874604488344,
    -0.04299494546853245,
    -0.15157194753148845,
    -0.23745875915228504,
    -0.31158283873358217,
    -0.3726822710997266,
    -0.421667993672245,
    -0.45942149175259756,
    -0.49358173814003264,
    -0.5257967782389499,
    -0.5310621011120854,
    -0.5294933188120624,
    -0.506941556150959,
    -0.3564623429411109,
    -0.18282815958276472,
    -0.0071030309440371486
  ],
  "amplitudes": [
    0.0,
    0.028566083304354156,
    0.06497089457667522,
    0.14239020035881125,
    0.2191145600733361,
    0.2904911214943945,
    0.35482121672500916,
    0.42879521825729944,
    0.4972765494422517,
    0.5647766222404034,
    0.6333083977569417,
    0.7028110739151703,
    0.7701848732574731,
    0.8301992510854277,
    0.8835230553542693,
    0.9280754825876976,
    0.9676836106575244,
    1.001813645386341,
    1.0257610248000897,
    1.0661913512197732,
    1.1104738614814722,
    1.1468869610627674,
    1.173962433497074,
    1.196433719099862,
    1.2179194756308451,
    1.1979806716647858,
    1.1855873072321563,
    1.1723966466513838,
    1.1563284966652536,
    1.1427572823462329,
    1.1358965155134282,
    1.1120773124393604,
    1.0933609622654314,
    1.0663620279869692,
    1.0503260910163934,
    1.0260067959697379,
    1.0061040727379242,
    1.0000119740007356,
    1.0066893166706847,
    1.0026675377571583,
    0.9875265908177943,
    0.9665685117456536,
    0.9409092013272523,
    0.9075096575413989,
    0.8698924404510129,
    0.828923321092469,
    0.7864137450533278,
    0.7427076884114235,
    0.6929074017154997,
    0.6396115619456176,
    0.582910196758811,
    0.5257812349011539,
    0.47022117948616976,
    0.4145374186093054,
    0.3587712822792571,
    0.3035353424725562,
    0.25579403272180784,
    0.2145968985446601,
    0.17112201098586852,
    0.13461226041285734,
    0.10178860439498714,
    0.05670173393973862,
    0.023251604393814775,
    0.0
  ],