{
  "ctrl_x": [
    0.0,
    0.02797509608980511,
    0.05781524398066637,
    0.0783437985633585,
    0.09862095173340506,
    0.10744025466169463,
    0.10507080578948265,
    0.0890603708967101,
    0.059299824480964436,
    0.015717489059262523,
    -0.04130542181952212,
    -0.11093457101905543,
    -0.18979676494950795,
    -0.27623816474279345,
    -0.3662153247117456,
    -0.4566420275672959,
    -0.5425804446669303,
    -0.6197679721594985,
    -0.6856724754087837,
    -0.7383572002597036,
    -0.7745593251345624,
    -0.7918327389417297,
    -0.7908127784193605,
    -0.7721710350539167,
    -0.7354191718971271,
    -0.6803471955249103,
    -0.6093766859755166,
    -0.5280727912726318,
    -0.43831924783021936,
    -0.3373037916482489,
    -0.22529782162882447,
    -0.1031870317830004,
    0.02145371777133321,
    0.14079437982841822,
    0.249232337500139,
    0.3494363270774351,
    0.4410969112358264,
    0.5228947317135051,
    0.5922674947780521,
    0.6463227374354074,
    0.6838318028692505,
    0.7047863848505782,
    0.7092756696736643,
    0.6975960698838942,
    0.6698670077310134,
    0.626040980892559,
    0.5677140219275936,
    0.49807266077545026,
    0.42058339920812454,
    0.3388494121643197,
    0.25625604470536534,
    0.1775550990022441,
    0.10528788947001666,
    0.04292654755905122,
    -0.007729718993040801,
    -0.04530702025527755,
    -0.06880496867921132,
    -0.07864276336936221,
    -0.074526024763957,
    -0.0604867458105395,
    -0.04345900500014212,
    -0.044114966612857756,
    -0.026522121829094757,
    -0.0
  ],
  "ctrl_y": [
    0.0,
    -0.004889722206474848,
    -0.020810787686167863,
    -0.04457150052038986,
    -0.08104675517975803,
    -0.12406916348689281,
    -0.1731280063905252,
    -0.22360922384930035,
    -0.2742337066495334,
    -0.321124211935114,
    -0.36114247614923084,
    -0.3914348227560434,
    -0.4079032312912475,
    -0.40796885576947184,
    -0.3909016486189705,
    -0.3558395725255157,
    -0.3027125131309861,
    -0.23284825055355546,
    -0.14819811572091002,
    -0.04965767188272441,
    0.06079409388305906,
    0.17691922032098775,
    0.29310592123779244,
    0.4089658313548152,
    0.523175586259644,
    0.6318291252135878,
    0.7304445260804856,
    0.8157147468093501,
    0.8878174212242103,
    0.9467985691530507,
    0.990008670606644,
    1.0,
    0.9922579069948322,
    0.9690998163460827,
    0.9304889908698708,
    0.8766029816713872,
    0.8077499947189966,
    0.726913036172759,
    0.6366359110654,
    0.5393482241525337,
    0.435821229847311,
    0.32709716896253166,
    0.21681100674266798,
    0.10944965990309315,
    0.00744567241530321,
    -0.08624233758112881,
    -0.16826497394857448,
    -0.23619553630924978,
    -0.28840159310794894,
    -0.3232282946392451,
    -0.34082098128830807,
    -0.34130888131722725,
    -0.32758794756151893,
    -0.30143518352052423,
    -0.26522088080367456,
    -0.2217910058624192,
    -0.17629148185299678,
    -0.1297473063692648,
    -0.08566327088779328,
    -0.04934678416129866,
    -0.02443578019425972,
    -0.01567959065279159,
    -0.004558811044243063,
    -0.0
  ],
  "raw_ctrl_x": [
    0.0571688307721675,
    0.9976269091809998,
    0.8428577938649486,
    0.6291383185168271,
    0.4981564629774332,
    0.37101201020056523,
    0.2641340656892478,
    0.17185143947305803,
    0.09212492631077401,
    0.020559448082460074,
    -0.0474947070056369,
    -0.116945617562853,
    -0.19120896200508058,
    -0.27623816474279345,
    -0.3662153247117456,
    -0.4566420275672959,
    -0.5425804446669303,
    -0.6197679721594985,
    -0.6856724754087837,
    -0.7383572002597036,
    -0.7745593251345624,
    -0.7918327389417297,
    -0.7908127784193605,
    -0.7721710350539167,
    -0.7354191718971271,
    -0.6803471955249103,
    -0.6093766859755166,
    -0.5280727912726318,
    -0.43831924783021936,
    -0.3373037916482489,
    -0.22529782162882447,
    -0.1031870317830004,
    0.02145371777133321,
    0.14079437982841822,
    0.249232337500139,
    0.3494363270774351,
    0.4410969112358264,
    0.5228947317135051,
    0.5922674947780521,
    0.6463227374354074,
    0.6838318028692505,
    0.7047863848505782,
    0.7092756696736643,
    0.6975960698838942,
    0.6698670077310134,
    0.626040980892559,
    0.5677140219275936,
    0.49807266077545026,
    0.42058339920812454,
    0.3388494121643197,
    0.25625604470536534,
    0.17887621102477821,
    0.11099296768223388,
    0.04935874539639941,
    -0.010110950656954637,
    -0.07038647987428755,
    -0.13276649076764513,
    -0.19769747333437007,
    -0.2573527989764783,
    -0.30553206819020257,
    -0.34899667659198047,
    -0.6431287127002847,
    -0.9458120301121669,
    -0.009769931670889695
  ],
  "raw_ctrl_y": [
    0.3177075182917427,
    -0.1743736084387185,
    -0.3033894417814946,
    -0.3579305497740452,
    -0.409385269423137,
    -0.4284348533435302,
    -0.4352208386430864,
    -0.43147773371079734,
    -0.4260343135607169,
    -0.4200503361833203,
    -0.4152567710588357,
    -0.41264491909333006,
    -0.41093826585751797,
    -0.40796885576947184,
    -0.3909016486189705,
    -0.3558395725255157,
    -0.3027125131309861,
    -0.23284825055355546,
    -0.14819811572091002,
    -0.04965767188272441,
    0.06079409388305906,
    0.17691922032098775,
    0.29310592123779244,
    0.4089658313548152,
    0.523175586259644,
    0.6318291252135878,
    0.7304445260804856,
    0.8157147468093501,
    0.8878174212242103,
    0.9467985691530507,
    0.990008670606644,
    1.0,
    0.9922579069948322,
    0.9690998163460827,
    0.9304889908698708,
    0.8766029816713872,
    0.8077499947189966,
    0.726913036172759,
    0.6366359110654,
    0.5393482241525337,
    0.435821229847311,
    0.32709716896253166,
    0.21681100674266798,
    0.10944965990309315,
    0.00744567241530321,
    -0.08624233758112881,
    -0.16826497394857448,
    -0.23619553630924978,
    -0.28840159310794894,
    -0.3232282946392451,
    -0.34082098128830807,
    -0.3438484156310245,
    -0.34533846826837,
    -0.3466028209335765,
    -0.3469253204953923,
    -0.34456223522258045,
    -0.3401731277136985,
    -0.32616751423993223,
    -0.2958118670931153,
    -0.24926163279741226,
    -0.19623104757462564,
    -0.22858444030326402,
    -0.1625729025919517,
    -0.0071030309440371486
  ],
  "amplitudes": [
    0.0,
    0.02839921450481197,
    0.06144665426744352,
    0.09013528405666234,
    0.12765057244670017,
    0.16412362916444156,
    0.20251711242758946,
    0.24069240672432124,
    0.2805719070866068,
    0.32150862967154714,
    0.36349694077239003,
    0.4068509549125293,
    0.44989760844345433,
    0.49269271451719154,
    0.5356470507216093,
    0.5789160066157376,
    0.6213118416230623,
    0.6620654401949616,
    0.7015051140486699,
    0.7400251614317991,
    0.7769414842856384,
    0.8113565781941672,
    0.8433836206472138,
    0.8737855335217974,
    0.9025264829643386,
    0.9284828215571779,
    0.9512566168450282,
    0.9717260010129968,
    0.9901229905661498,
    1.0050877466224277,
    1.0153207750790034,
    1.005309685384651,
    0.9924898064967604,
    0.97927397158981,
    0.9632894270082142,
    0.943683492573932,
    0.9203404473727782,
    0.8954448406304195,
    0.8695320975264466,
    0.8418013945239639,
    0.8109044820452235,
    0.7769918958483739,
    0.7416731006553994,
    0.7061299489260867,
    0.6699083863366823,
    0.6319533610547339,
    0.5921252503914342,
    0.5512392464115294,
    0.5099665426247721,
    0.4682899257719513,
    0.4264107195350082,
    0.3847305104195842,
    0.3440921432648803,
    0.30447636747273443,
    0.2653334961326751,
    0.22637132408031677,
    0.18924272849669216,
    0.15172029442513404,
    0.11354437170689433,
    0.07806248475298883,
    0.049857722263502505,
    0.04681858436873827,
    0.02691107029559503,
    0.0
  ],