{
  "phases": [
    0.9002310577294564,
    0.8958987689468751,
    0.8363558455937594,
    0.7214971187044075,
    0.6251307636217536,
    0.6394046660053073,
    0.570959505443038,
    0.4874499885176959,
    0.477319679454132,
    0.31311121616728393,
    6.2609024216238405,
    6.225427150898164,
    0.00031261433357065505,
    6.266005059903842,
    0.0,
    6.2216961722734645,
    6.141038868981832,
    2.0543795471530263e-05,
    0.007513052739094919,
    6.231738666566693,
    6.19539570687185,
    6.206423252570714,
    0.00347060079888604,
    6.225319148862495,
    6.018521001836279,
    6.124975651189981,
    0.020547497976747934,
    6.26215918504355,
    0.05301067306668834,
    0.012954712499586329,
    6.077865026529051,
    5.79626020145477,
    5.702352664961937,
    5.6657679241411785,
    5.604906051805674,
    5.630539677783379,
    5.92834427793454,
    0.0,
    5.877996995551655,
    5.683379153734862,
    5.66717087472106,
    5.765815501117386,
    5.837462207353872,
    6.101250937575879,
    6.198451258181293,
    6.2223280291463805,
    6.1852339975451835,
    0.027146388563169442,
    0.11657058914069152,
    0.22498906298798865,
    0.0824806307488798,
    0.23823546948794347,
    0.4524104888721503,
    0.5895411028398836,
    0.677492668324109,
    0.7213977835253804,
    0.6382512147018446,
    0.5151618932920473,
    0.5242419017713005,
    0.5782335913329096,
    0.8426352955153311,
    0.9977684987575163,
    1.085860026594313,
    1.0424236774693436,
    0.9511734436187974,
    0.8391230902413432,
    0.8467512084495931,
    0.8335112764580842,
    0.840118396668353,
    0.9478713407806929,
    1.0984403589540919,
    1.1833286860892815,
    1.218711640685485,
    1.1406359077057278,
    0.9992084012995548,
    0.7458076784517784,
    0.427008809014179,
    6.269718823288917,
    6.213326359245596,
    0.0037094065425657937,
    6.25663337678084,
    6.26721036721447,
    0.11263132596609536,
    6.177499705242512,
    5.9042970422504215,
    5.935478901452618,
    6.183306963645397,
    0.21824262706910533,
    0.5279902407592639,
    0.6234525023247092,
    0.5185822130719501,
    0.0,
    6.249182815341516,
    6.058820300902536,
    5.989172337005066,
    6.052526928293022,
    0.00012199554454771484,
    0.006497202181660555,
    6.215335057598358,
    0.014467401304173521
  ],
  "theta": 2.4478594422293654,
  "fidelity": 0.9999999953888787,
  "objective": 2.523801677235654e-05,
  "iterations": 126,
  "success": true,
  "message": "CONVERGENCE: NORM OF PROJECTED GRADIENT <= PGTOL",
  "evo_time": 8.0,
  "num_tslots": 100,
  "smoothness_cost": 0.01261670282554697
}