{
  "t_star": 7.679798014709655,
  "scale": 0.05304673120524195
}