{
  "durations": [
    10.0,
    9.5,
    9.0,
    8.5,
    8.0,
    7.5,
    7.0,
    6.5,
    6.0,
    5.5,
    5.0,
    4.5,
    4.0,
    3.5,
    3.0,
    2.5,
    2.0,
    1.5,
    1.0
  ],
  "fidelities": [
    0.9999999444187011,
    0.9999999845700106,
    0.9999999901544498,
    0.9999999937345214,
    0.9999999953888787,
    0.9958986119057254,
    0.9762152723493799,
    0.9378152105548871,
    0.8879973929250827,
    0.8322450674089872,
    0.7706955079646675,
    0.7150033247995048,
    0.6727930889346869,
    0.6428005585446465,
    0.6229039322741098,
    0.6107336140681082,
    0.6041806766637189,
    0.6011776453421128,
    0.6002004407252011
  ],
  "best_duration": 8.0,
  "best_fidelity": 0.9999999953888787,
  "target_reached": true
}