{
  "phases": [
    0.9416632845118222,
    0.9408376582601988,
    0.9374509702208139,
    0.9298387136461347,
    0.9163650541371525,
    0.8961680540434933,
    0.8694815698073723,
    0.8374304241234383,
    0.8015191855123289,
    0.7630745565215106,
    0.7228941310608618,
    0.6810518508435085,
    0.6370452849295607,
    0.5901236847492501,
    0.5397429894435507,
    0.48596056092573137,
    0.42964815994286837,
    0.3724490180935271,
    0.31630970047336127,
    0.2632082272637864,
    0.21399577702787803,
    0.16663677600281834,
    0.12436747878709585,
    0.0,
    0.014771520282019255,
    0.007331808389531731,
    0.0,
    6.243571282243904,
    6.221412211315732,
    0.0,
    0.0,
    0.0,
    6.189211929519692,
    6.191941255404897,
    6.2071153610875385,
    6.226861833093349,
    6.250382573299168,
    0.0,
    0.000291371171690189,
    6.28018049620571,
    0.0,
    0.0,
    0.15265105265732307,
    0.2186662551346072,
    0.2842829538465938,
    0.33081812393842247,
    0.3676406670998288,
    0.4053424415207098,
    0.4597724685311559,
    0.5238067024905174,
    0.592324580873595,
    0.659974785185879,
    0.7218048897183726,
    0.7758075075370374,
    0.8230985499816701,
    0.866395997009909,
    0.9085140291611261,
    0.9516228805015327,
    0.9966342670880437,
    1.042583529182984,
    1.0865275230656628,
    1.1247476657182929,
    1.1545381582245382,
    1.175279548637344,
    1.1880764298729043,
    1.1948320122572378,
    1.1975537509031382,
    1.197941648940909,
    1.1970407161227468,
    1.1948136568472076,
    1.1901389547275736,
    1.1811567165036667,
    1.166007865672054,
    1.1435075331990991,
    1.113405830994076,
    1.0763677024184912,
    1.0336537002630797,
    0.98683843298041,
    0.9374990106632002,
    0.8869285999230476,
    0.836228913003745,
    0.7860779327880079,
    0.7370150713789615,
    0.6890745089195035,
    0.6419380914854257,
    0.5949004223919843,
    0.5471527184017437,
    0.4980991998286725,
    0.44742923427952075,
    0.39791440099911823,
    0.35316747893798833,
    0.30519920318988614,
    0.2748125625838967,
    0.24800869469345585,
    0.22404685437086017,
    0.2086942769296559,
    0.19471329486908376,
    0.18756643563665656,
    0.18381093271481544,
    0.18220527078061582
  ],
  "theta": 2.386915514952059,
  "fidelity": 0.9999498015169292,
  "objective": 5.2112736857223355e-05,
  "iterations": 50,
  "success": true,
  "message": "CONVERGENCE: NORM OF PROJECTED GRADIENT <= PGTOL",
  "evo_time": 7.65,
  "num_tslots": 100,
  "smoothness_cost": 0.0009571268932359942
}