{
  "durations": [
    8.5,
    8.475,
    8.45,
    8.425,
    8.4,
    8.375,
    8.35,
    8.325,
    8.3,
    8.275,
    8.25,
    8.225,
    8.2,
    8.175,
    8.15,
    8.125,
    8.1,
    8.075,
    8.05,
    8.025,
    8.0,
    7.975,
    7.95,
    7.925,
    7.9,
    7.875,
    7.85,
    7.825,
    7.8,
    7.775,
    7.75,
    7.725,
    7.7,
    7.675,
    7.65,
    7.625,
    7.6,
    7.575,
    7.55,
    7.525,
    7.5
  ],
  "fidelities": [
    0.9999999970814171,
    0.9999999938037789,
    0.9999999193039502,
    0.9999999897468168,
    0.9999999977275055,
    0.9999999195749887,
    0.9999999997915502,
    0.9999999864300418,
    0.9999999756893102,
    0.9999999775621011,
    0.9999999802795987,
    0.9999999857186905,
    0.9999999863908655,
    0.9999999910435855,
    0.9999999898581564,
    0.9999999969746012,
    0.999999997901759,
    0.9999999998241428,
    0.9999999991737599,
    0.9999999998161563,
    0.9999999999041004,
    0.9999999985316192,
    0.9999999966896223,
    0.999999996636024,
    0.9999999976610189,
    0.9999999918950007,
    0.9999999371525317,
    0.9999999731763143,
    0.9999999979834854,
    0.999999999586171,
    0.9999999998149335,
    0.9999999998985928,
    0.9999999951853853,
    0.9999999986101799,
    0.9999994465023733,
    0.9999830246396886,
    0.9999846682663278,
    0.999916049919195,
    0.9997849252984548,
    0.9995844485798864,
    0.9993139422968076
  ],
  "best_duration": 7.575,
  "best_fidelity": 0.9999999999041004,
  "target_reached": true
}