{
  "t_star": 7.613153254568148,
  "scale": 0.05390622186806152
}