{
  "phases": [
    0.9371383320026244,
    0.9320190886911208,
    0.9218866981468821,
    0.9068692528531574,
    0.8871320213455944,
    0.8628760775952786,
    0.8343390451954438,
    0.8017935844265363,
    0.765548469411038,
    0.7259450694070086,
    0.6833581749059254,
    0.6381911770884929,
    0.5908753965884773,
    0.5418649734153973,
    0.4916327666213289,
    0.4406684297980044,
    0.38946745972185115,
    0.33851898387089974,
    0.28834330361426874,
    0.23941939222242362,
    0.18241034572860768,
    0.13761704853727308,
    0.09963994029281847,
    0.05358494493855828,
    0.013493130106708839,
    6.263984393935297,
    6.231411146189249,
    6.203295962374121,
    6.179848395569102,
    0.0,
    0.0,
    6.142809727469193,
    6.141912453950942,
    0.0,
    0.0,
    6.174432287149577,
    0.0,
    0.0,
    6.257341072113927,
    0.006868765864354745,
    0.05650266057702838,
    0.10308262993500777,
    0.15425571449952635,
    0.20977481641257506,
    0.2667917996985871,
    0.3269253638299125,
    0.389949637899007,
    0.453703420976104,
    0.5192525684661281,
    0.5854658605557337,
    0.6517870340149798,
    0.717652214343016,
    0.7825090468965619,
    0.8458186760655859,
    0.907064474483734,
    0.9657562237207826,
    1.0214440179086164,
    1.0737070985340789,
    1.1221695080659253,
    1.1665041613446654,
    1.2064166771996603,
    1.241666666772476,
    1.2720503142370394,
    1.2974121575763717,
    1.3176358953606733,
    1.3326436722653083,
    1.3424024299610418,
    1.3469113268589268,
    1.3462133855316227,
    1.3403825506085698,
    1.3295357794476383,
    1.3138206519456976,
    1.293423464766801,
    1.2685683651057875,
    1.2395103679058548,
    1.2065419172262373,
    1.1699875063858478,
    1.130204984544366,
    1.0875785029202591,
    1.042520208173614,
    0.9954653499129091,
    0.946867045989814,
    0.8971913466956188,
    0.8469153805958698,
    0.7965179586834134,
    0.746476676252651,
    0.6972630796929558,
    0.6493351888160274,
    0.6031358030842865,
    0.5590850869094238,
    0.5175792603837178,
    0.4789812514229433,
    0.44447963797467627,
    0.4120849024647718,
    0.38440049109956426,
    0.36080779492367726,
    0.34219419529001227,
    0.3269106865156266,
    0.3175951261959953,
    0.3125601184551139
  ],
  "theta": 2.170982223290416,
  "fidelity": 0.999916049919195,
  "objective": 8.395008080497313e-05,
  "iterations": 17,
  "success": true,
  "message": "CONVERGENCE: NORM OF PROJECTED GRADIENT <= PGTOL",
  "evo_time": 7.575,
  "num_tslots": 100
}