{
  "phases": [
    0.4278186657408378,
    0.6270808363961572,
    0.5944934916707482,
    6.2197714561336985,
    6.2292007971823695,
    6.243141381535019,
    0.4123623031053127,
    6.226790283365137,
    0.3369815785413477,
    5.562345187708948,
    0.5439710916284903,
    6.219283318172156,
    0.16027036820578067,
    6.207343802289394,
    6.073990481069473,
    0.0020327632862813076,
    0.013102108796791781,
    5.888608954794825,
    5.811824378310795,
    0.012402587971232898,
    5.611063969346574,
    5.4674999528084784,
    0.0034670557997673605,
    5.434655866411745,
    5.271453802858557,
    5.299248936988872,
    5.276246925702951,
    5.148286512528612,
    5.077059287429941,
    0.004807891699888007,
    0.025039847956394513,
    5.148414704933748,
    5.068270890519033,
    0.004910320255431733,
    0.014453926383188263,
    5.161672649273861,
    0.0067710323641675925,
    0.024789927504945387,
    5.303476126294412,
    5.2338310122490155,
    0.006309364157626404,
    0.016177896758463685,
    0.20615449305265493,
    5.282105268637151,
    5.632040482914629,
    5.702327798383704,
    5.478214427487138,
    0.010196806609807811,
    0.16127427836572186,
    6.164883253671643,
    0.6358906016920668,
    0.5928206056896164,
    0.6705725896907765,
    0.7275527595318617,
    1.0374441465471862,
    5.8967081390270035,
    1.0301328786067878,
    1.1324562465869785,
    5.2164221762001555,
    1.1034248206614712,
    6.28316961102322,
    1.3094784689473167,
    0.0,
    0.0,
    1.3183132599136391,
    6.263224986364721,
    1.3674339936007835,
    0.0,
    1.3123531056458635,
    6.281371236877931,
    1.3216401445978745,
    1.195793393400821,
    6.282890076528341,
    1.0659912664132782,
    1.090399739540126,
    1.0821044829823205,
    5.941826953286285,
    0.8904284107154303,
    0.6993310775310888,
    6.281476999930057,
    6.213787019092045,
    0.7204493651143218,
    5.948177571243773,
    0.34893522421777795,
    0.5550501657901373,
    5.673952627303277,
    6.084940675027484,
    5.574366615461897,
    0.11445946916717666,
    0.6498142827412072,
    1.0694759824520423,
    5.44963021531673,
    5.682559517485188,
    0.10363488327542347,
    0.5448142449552766,
    0.10951054037851812,
    5.508610067011138,
    0.11604625838007858,
    5.583547787989145,
    5.522554196382002
  ],
  "theta": 2.1724967830947812,
  "fidelity": 0.9999999999965314,
  "objective": 3.468558773533914e-12,
  "iterations": 26,
  "success": true,
  "message": "CONVERGENCE: NORM OF PROJECTED GRADIENT <= PGTOL",
  "evo_time": 8.8,
  "num_tslots": 100
}