{
  "phases": [
    0.0,
    0.0,
    0.0,
    0.0,
    6.28318411017152,
    6.283181900910358,
    0.0,
    0.0,
    0.0,
    6.283185157362816,
    0.0,
    0.0,
    0.0,
    0.0,
    0.0,
    0.0,
    6.283185217407951,
    0.0,
    0.0,
    6.28318490086627,
    6.283183939404033,
    0.0,
    0.0,
    0.0,
    0.0,
    0.0,
    6.283182517465506,
    0.0,
    0.0,
    0.0,
    0.0,
    0.0,
    6.283184061190808,
    6.283184460474038,
    1.238556643479122e-06,
    6.283184154064903,
    6.2831846959299895,
    1.018579644607532e-06,
    6.283184602545294,
    0.0
  ],
  "gamma": 3.141592559159795,
  "fidelity_to_cz": 0.0782697778241692,
  "leakage": 0.43713795482694984,
  "objective": 3.9342415934426267,
  "iterations": 11,
  "success": true,
  "message": "CONVERGENCE: NORM OF PROJECTED GRADIENT <= PGTOL",
  "best_entangling_phase": 3.141592559159795,
  "fidelity_to_entangling_family": 0.48429657418566113
}