{
  "durations": [
    7.4,
    7.6,
    7.8,
    8.0,
    8.2,
    8.4,
    8.6,
    8.8
  ],
  "fidelities": [
    0.9713473750530224,
    0.9997436020209289,
    0.9999999979250054,
    0.9999999987236265,
    0.9999999997405368,
    0.9999999996875403,
    0.9999999996190502,
    0.9999999612695788
  ],
  "best_duration": 7.6,
  "best_fidelity": 0.9999999997405368,
  "target_reached": true
}