{
  "calibration": {
    "effective_rabi_hz": 4600000.0,
    "effective_rabi_hz_max": 15000000.0,
    "intermediate_detuning_hz": 7800000000.0,
    "blockade_shift_hz": 160000000.0,
    "rydberg_lifetime_s": 5.6e-05,
    "rydberg_t2_star_s": 3.4e-06,
    "uv_pulse_area_fractional_error": 0.004,
    "residual_common_detuning_hz": 10000.0,
    "residual_differential_detuning_hz": 5000.0,
    "doppler_detuning_01_hz": 10000.0,
    "doppler_detuning_11_hz": 15000.0,
    "unwanted_mf_error_per_gate": 0.00048,
    "leakage_reference_t_omega": 8.0,
    "resolved_effective_rabi_hz": 15000000.0,
    "omega_ref_rad_s": 94247779.60769379,
    "derived_one_photon_rabi_hz": 483735464.897913,
    "derived_one_photon_rabi_over_omega_ref": 32.2490309931942,
    "intermediate_detuning_dimensionless": 520.0,
    "blockade_shift_dimensionless": 10.666666666666666,
    "rydberg_decay_rate_dimensionless": 0.00018947017034749448,
    "rydberg_dephasing_rate_dimensionless": 0.0031206851586646146,
    "residual_common_detuning_dimensionless": 0.0006666666666666666,
    "residual_differential_detuning_dimensionless": 0.0003333333333333333,
    "doppler_detuning_01_dimensionless": 0.0006666666666666666,
    "doppler_detuning_11_dimensionless": 0.001,
    "extra_rydberg_leakage_rate_dimensionless": 6e-05
  },
  "omega_max_hz": 15000000.0,
  "omega_max_mhz": 15.0,
  "gate_times_ns": [
    136.0
  ],
  "dimensionless_gate_times": [
    12.817698026646356
  ],
  "best_gate_time_ns": 136.0,
  "best_probe_fidelity": 0.7618146763951152,
  "fidelity_target": 0.999,
  "target_reached": false,
  "results": [
    {
      "ctrl_x": [
        1.320776339659043,
        4.9732121370234035,
        9.478237148854271,
        14.151989796845026,
        18.28527932102743,
        21.246542963267757,
        22.576962580955932,
        22.070236251082825,
        19.810011742496165,
        16.14752049231587,
        11.640991026539076,
        6.974017766332314,
        2.8553505480310766,
        -0.08847891065826445,
        -1.409479552088279,
        -0.9067423879510202
      ],
      "ctrl_y": [
        1.9898119488196289,
        6.528238597741219,
        11.194273037546115,
        15.277445231775074,
        18.15310645367463,
        19.378259300386322,
        18.76673628966903,
        16.420945062207768,
        12.70462631263493,
        8.180117901759093,
        3.530061160667182,
        -0.5397318867438757,
        -3.408903854613566,
        -4.639709267525241,
        -4.044299545337264,
        -1.7130086068741683
      ],
      "amplitudes": [
        2.3882633295071356,
        8.206749548321499,
        14.667949014400515,
        20.82496453826255,
        25.765999180440044,
        28.756434434800703,
        29.358297470184894,
        27.50895790310233,
        23.53389247407942,
        18.10129130577265,
        12.164456579642769,
        6.994872001308305,
        4.446757497563882,
        4.640552833961799,
        4.282871865952818,
        1.938189940468193
      ],
      "phases": [
        0.9848021866606682,
        0.9197858953640621,
        0.8682188029842356,
        0.823622045683709,
        0.7817708817583606,
        0.7394417990643122,
        0.6934979767824203,
        0.6396701400217951,
        0.5702515546334432,
        0.4689030140122535,
        0.2944303152281777,
        6.205947452711925,
        5.409649093205073,
        4.6933213659238575,
        4.377042013199361,
        4.22555564841903
      ],
      "target_theta": 0.0,
      "optimized_theta": 1.1733714370281398,
      "fid_err": 0.23818532360488476,
      "probe_fidelity": 0.7618146763951152,
      "objective": 0.23818532360488476,
      "num_iter": 2,
      "num_fid_func_calls": 3,
      "wall_time": 0.44874691599943617,
      "termination_reason": "STOP: TOTAL NO. OF ITERATIONS REACHED LIMIT",
      "evo_time": 12.817698026646356,
      "num_tslots": 16,
      "control_smoothness_cost": 22.286147629361697,
      "control_curvature_cost": 3.2966435566783288,
      "success": false,
      "gate_time_ns": 136.0,
      "gate_time_us": 0.136,
      "slot_duration_ns": 8.5,
      "slot_midpoints_ns": [
        4.25,
        12.75,
        21.25,
        29.75,
        38.25,
        46.75,
        55.25,
        63.75,
        72.25,
        80.75,
        89.25,
        97.75,
        106.25,
        114.75,
        123.25,
        131.75
      ],
      "omega_max_hz": 15000000.0,
      "omega_max_mhz": 15.0,
      "effective_rabi_hz_reference": 15000000.0,
      "effective_rabi_sequence_hz": [
        1115314.7899267955,
        3832537.65838164,
        6849906.487082868,
        9725221.947790187,
        12032676.46751372,
        13429204.491161445,
        13710273.474041466,
        12846635.136811018,
        10990286.546963144,
        8453271.320909102,
        5680779.90691996,
        3266592.9674991006,
        2076627.959310651,
        2167130.0418209746,
        2000093.6565250217,
        905131.305909059
      ],
      "effective_rabi_sequence_mhz": [
        1.1153147899267954,
        3.83253765838164,
        6.849906487082868,
        9.725221947790187,
        12.032676467513719,
        13.429204491161444,
        13.710273474041466,
        12.846635136811019,
        10.990286546963144,
        8.453271320909101,
        5.68077990691996,
        3.2665929674991006,
        2.076627959310651,
        2.1671300418209745,
        2.0000936565250216,
        0.905131305909059
      ],
      "effective_rabi_fraction": [
        0.07435431932845303,
        0.255502510558776,
        0.4566604324721912,
        0.6483481298526791,
        0.8021784311675813,
        0.895280299410763,
        0.9140182316027644,
        0.8564423424540678,
        0.732685769797543,
        0.5635514213939401,
        0.3787186604613307,
        0.21777286449994004,
        0.1384418639540434,
        0.14447533612139832,
        0.1333395771016681,
        0.060342087060603934
      ],
      "dimensionless_gate_time": 12.817698026646356,
      "physical_time_from_dimensionless_ns": 136.0
    }
  ]
}