{
  "ctrl_x": [
    5.188079633435712,
    21.876404117589885,
    18.413857175012605,
    1.740703244803717
  ],
  "ctrl_y": [
    7.830928614580085,
    21.699265650420383,
    11.816465951671185,
    -2.068039744239559
  ],
  "amplitudes": [
    9.393594266813933,
    30.81290617393331,
    21.879191110476814,
    2.703116011240474
  ],
  "phases": [
    0.9856759523283048,
    0.7813331084621337,
    0.5705295778861316,
    5.41205436507633
  ],
  "target_theta": 0.0,
  "optimized_theta": 1.4636136779671025,
  "fid_err": 0.3165951409162926,
  "probe_fidelity": 0.6834048590837074,
  "phase_gate_fidelity": 0.6834048590837074,
  "fidelity_metric": "paper_eq7_special_state_phase_gate_fidelity",
  "objective": 0.3165951409162926,
  "num_iter": 1,
  "num_fid_func_calls": 2,
  "wall_time": 0.647253583996644,
  "termination_reason": "STOP: TOTAL NO. OF ITERATIONS REACHED LIMIT",
  "evo_time": 9.42477796076938,
  "num_tslots": 4,
  "control_smoothness_cost": 350.42115594781524,
  "control_curvature_cost": 580.3539516556042,
  "success": false,
  "gate_time_ns": 100.0,
  "gate_time_us": 0.1,
  "slot_duration_ns": 25.0,
  "slot_midpoints_ns": [
    12.5,
    37.5,
    62.5,
    87.5
  ],
  "omega_max_hz": 15000000.0,
  "omega_max_mhz": 15.0,
  "effective_rabi_hz_reference": 15000000.0,
  "effective_rabi_sequence_hz": [
    4386792.062210001,
    14389573.189781629,
    10217543.909693377,
    1262350.440580015
  ],
  "effective_rabi_sequence_mhz": [
    4.386792062210001,
    14.389573189781629,
    10.217543909693378,
    1.262350440580015
  ],
  "effective_rabi_fraction": [
    0.29245280414733343,
    0.9593048793187753,
    0.6811695939795585,
    0.08415669603866767
  ],
  "dimensionless_gate_time": 9.42477796076938,
  "physical_time_from_dimensionless_ns": 100.00000000000001
}