{
  "ctrl_x": [
    1.0,
    1.0,
    1.0,
    1.0,
    1.0,
    1.0,
    1.0,
    1.0,
    1.0,
    1.0,
    1.0,
    1.0,
    1.0,
    1.0,
    1.0,
    1.0,
    1.0,
    1.0,
    1.0,
    1.0,
    1.0,
    1.0,
    1.0,
    1.0,
    0.999118951340863,
    1.0,
    1.0,
    1.0,
    1.0,
    1.0,
    1.0,
    1.0,
    1.0,
    1.0,
    1.0,
    0.9836752944984796,
    0.9653175318447209,
    0.9615100449832437,
    0.9474237225298512,
    0.9655836340303017,
    0.9500159758060511,
    0.9953625311236378,
    0.9973208134719991,
    0.9982857491561131,
    1.0,
    1.0,
    1.0,
    1.0,
    1.0,
    1.0,
    1.0,
    1.0,
    1.0,
    1.0,
    1.0,
    1.0,
    0.9797722038009616,
    0.985129289723393,
    0.9966012780082242,
    0.9590072221570112,
    0.9447323471878432,
    0.9372493373097588,
    0.9361814938053372,
    0.9601452745586256,
    0.9807477889191832,
    0.9997945741723901,
    1.0,
    1.0,
    1.0,
    1.0,
    1.0,
    1.0,
    1.0,
    1.0,
    1.0,
    1.0,
    1.0,
    0.9985484616195356,
    0.9970149875551404,
    1.0,
    1.0,
    1.0,
    1.0,
    1.0,
    1.0,
    1.0,
    1.0,
    1.0,
    1.0,
    1.0,
    1.0,
    1.0,
    1.0,
    1.0,
    1.0,
    1.0,
    1.0,
    0.9999800556524336,
    1.0,
    1.0
  ],
  "ctrl_y": [
    -0.3255802545233759,
    -0.3009604424444613,
    -0.26084542351635165,
    -0.2243882853079448,
    -0.1649019378933686,
    -0.06073235955096442,
    0.04117483621370679,
    0.15006410703183407,
    0.2562851987567151,
    0.3473509325404798,
    0.4271026453795484,
    0.4935756698768126,
    0.5523152736572935,
    0.6055691707270346,
    0.6567561612533717,
    0.704341009307982,
    0.7492892565850696,
    0.7909584404138907,
    0.8292740718306985,
    0.8643129638423886,
    0.8960584161709871,
    0.9240054497377289,
    0.948759848775925,
    0.9700274555601399,
    0.9886776451633155,
    1.0,
    1.0,
    1.0,
    1.0,
    1.0,
    1.0,
    1.0,
    1.0,
    1.0,
    1.0,
    1.0,
    0.9999380524753525,
    0.9809682801818066,
    0.9686040863870455,
    0.9197905426390439,
    0.9005144644459736,
    0.8077162717881343,
    0.7562165842048473,
    0.6995733231297561,
    0.634496501692432,
    0.56072690706524,
    0.4751764169996321,
    0.3655387670087224,
    0.2420021888158966,
    0.11033083556034498,
    -0.021689425167002622,
    -0.15325862404162327,
    -0.2819610000556614,
    -0.40484075875680425,
    -0.510761613845881,
    -0.5984359691783582,
    -0.7008993148392142,
    -0.7540371069236562,
    -0.7919468075202034,
    -0.8816646200859632,
    -0.933452656562247,
    -0.9725911424429418,
    -1.0,
    -1.0,
    -1.0,
    -1.0,
    -1.0,
    -1.0,
    -1.0,
    -1.0,
    -1.0,
    -1.0,
    -1.0,
    -1.0,
    -1.0,
    -1.0,
    -1.0,
    -0.9875377262772922,
    -0.9698705284484851,
    -0.9420147902401284,
    -0.9119410996656506,
    -0.8782783585786048,
    -0.8434715283801757,
    -0.8064848792444139,
    -0.7646408481719446,
    -0.7218584752947417,
    -0.6763485335503694,
    -0.6229825878907109,
    -0.5676683268571663,
    -0.5074423662688202,
    -0.4474517700621229,
    -0.38159987674318513,
    -0.3094223911986241,
    -0.20892622073544648,
    -0.10355420322819747,
    0.0006936674660908016,
    0.1047974902471755,
    0.21337873636630786,
    0.26284057016615836,
    0.28629461670721973
  ],
  "amplitudes": [
    1.05166653561645,
    1.0443070371860788,
    1.0334603693269642,
    1.0248658949264726,
    1.0135051302884404,
    1.0018425123224846,
    1.0008473245891332,
    1.0111969324613588,
    1.0323187991612712,
    1.05860883726556,
    1.0873898425542738,
    1.1151757448466786,
    1.1423887961264023,
    1.1690654474985684,
    1.1963814840360347,
    1.2231501368977509,
    1.2495736833151563,
    1.2749961782146542,
    1.2991133461752544,
    1.321755234325181,
    1.3427288204216286,
    1.36153812695239,
    1.3784575621502884,
    1.3931809877185661,
    1.4056038435399016,
    1.4142135623730951,
    1.4142135623730951,
    1.4142135623730951,
    1.4142135623730951,
    1.4142135623730951,
    1.4142135623730951,
    1.4142135623730951,
    1.4142135623730951,
    1.4142135623730951,
    1.4142135623730951,
    1.4027177495870902,
    1.3898611607189348,
    1.3736085080278626,
    1.3549190330709815,
    1.3335540471369693,
    1.3089907008696213,
    1.2818549621841693,
    1.2516039018838576,
    1.2190066740600694,
    1.184308156967575,
    1.1464792472203542,
    1.107155195658047,
    1.0647152624933376,
    1.028865909334975,
    1.0060680361066263,
    1.0002351879253575,
    1.0116759391441172,
    1.038990859224656,
    1.0788401364200282,
    1.122887984697694,
    1.165386463455982,
    1.204663198111021,
    1.240585215166098,
    1.272946916909369,
    1.3027000247411653,
    1.3281013025617314,
    1.350692359734832,
    1.3698305695755197,
    1.3863184873099177,
    1.4006663505167343,
    1.4140683118380637,
    1.4142135623730951,
    1.4142135623730951,
    1.4142135623730951,
    1.4142135623730951,
    1.4142135623730951,
    1.4142135623730951,
    1.4142135623730951,
    1.4142135623730951,
    1.4142135623730951,
    1.4142135623730951,
    1.4142135623730951,
    1.404396593211357,
    1.390930525713819,
    1.3738238114951833,
    1.3533796840722103,
    1.330929327630708,
    1.3082217775239753,
    1.284685899529483,
    1.258838999512293,
    1.233320582150014,
    1.207247836542164,
    1.1781796572743086,
    1.1498901379335396,
    1.121382073641495,
    1.0955423709431447,
    1.070335679088768,
    1.0467770613531204,
    1.0215919761386132,
    1.0053474389514436,
    1.000000240587248,
    1.0054762622569002,
    1.0224923456123898,
    1.0339657466885792,
    1.040175277323747
  ],