{
  "ctrl_x": [
    -1.2513380991955576,
    -1.8539773420102421,
    -2.3425071968950273,
    -1.3822357239797733,
    0.29517570760237444,
    2.597779257929011,
    4.496024542060583,
    5.32057164082761,
    5.8943231205755255,
    6.424647516474543,
    6.480407680407317,
    5.473257371291727,
    3.129139768558923,
    2.085194261942432,
    1.124147581149286,
    0.5925003894476776,
    -0.5044228892605768,
    -0.8285424274621963
  ],
  "ctrl_y": [
    2.704328018128091,
    4.718868519417487,
    6.258786190708538,
    7.249922968504151,
    7.748823998719295,
    7.760965768183271,
    7.113043501428842,
    5.917553417302262,
    3.966634887690116,
    1.5363943384112169,
    -0.02913298768158982,
    -2.2456886649517855,
    -2.3743906418644123,
    -2.271969029490634,
    -2.802684631276491,
    -2.762771248625079,
    -1.9174763792490361,
    0.021605339906964574
  ],
  "amplitudes": [
    2.979804870814691,
    5.070005136904375,
    6.682794666044206,
    7.380512085613703,
    7.754444020140105,
    8.184194934618723,
    8.414845484976546,
    7.957758543195734,
    7.104733449045895,
    6.605800729210999,
    6.480473164457468,
    5.916051371674537,
    3.9280079698684784,
    3.0838090701277627,
    3.019726631103754,
    2.8255905017756957,
    1.9827148348131107,
    0.8288240735026006
  ],
  "phases": [
    2.0041751056331583,
    1.9451549350066315,
    1.9289312285243518,
    1.7591905966540602,
    1.5327217676266178,
    1.2477949554560024,
    1.007120762100422,
    0.8384693999743038,
    0.5923458532235536,
    0.23473226855497045,
    6.278689788863163,
    5.893829529777391,
    5.634076071316185,
    5.454947231409529,
    5.093840438349928,
    4.923647719404671,
    4.45515118691211,
    3.1155222386534267
  ],
  "target_theta": 0.0,
  "optimized_theta": 0.7237281171710735,
  "fid_err": 0.011753825626479308,
  "probe_fidelity": 0.9882461743735207,
  "phase_gate_fidelity": 0.9882461743735207,
  "fidelity_metric": "paper_eq7_special_state_phase_gate_fidelity",
  "objective": 0.011753825626479308,
  "num_iter": 6,
  "num_fid_func_calls": 7,
  "wall_time": 23.733863834997464,
  "termination_reason": "STOP: TOTAL NO. OF ITERATIONS REACHED LIMIT",
  "evo_time": 113.09733552923255,
  "num_tslots": 18,
  "control_smoothness_cost": 3.295362194952286,
  "control_curvature_cost": 1.314778659530324,
  "success": false,
  "gate_time_ns": 180.0,
  "gate_time_us": 0.18,
  "slot_duration_ns": 10.0,
  "slot_midpoints_ns": [
    5.0,
    15.0,
    25.0,
    35.0,
    45.0,
    55.0,
    65.0,
    75.0,
    85.0,
    95.0,
    105.0,
    115.0,
    125.0,
    135.0,
    145.0,
    155.0,
    165.0,
    175.0
  ],
  "omega_max_hz": 100000000.0,
  "omega_max_mhz": 100.0,
  "effective_rabi_hz_reference": 100000000.0,
  "effective_rabi_sequence_hz": [
    23953346.017217003,
    40755550.319016345,
    53720058.841975026,
    59328703.53441042,
    62334578.55069945,
    65789157.894650705,
    67643256.62973732,
    63968934.93717834,
    57111839.88318114,
    53101138.31189034,
    52093684.920079574,
    47556545.37963339,
    31575535.358770475,
    24789390.21520789,
    24274259.55997488,
    22713684.259966463,
    15938176.005049285,
    6662553.650561409
  ],
  "effective_rabi_sequence_mhz": [
    23.953346017217005,
    40.75555031901634,
    53.720058841975025,
    59.328703534410415,
    62.33457855069945,
    65.7891578946507,
    67.64325662973732,
    63.968934937178346,
    57.11183988318114,
    53.10113831189034,
    52.093684920079575,
    47.55654537963339,
    31.575535358770473,
    24.789390215207888,
    24.27425955997488,
    22.713684259966463,
    15.938176005049284,
    6.662553650561409
  ],
  "effective_rabi_fraction": [
    0.23953346017217003,
    0.4075555031901635,
    0.5372005884197503,
    0.5932870353441042,
    0.6233457855069945,
    0.6578915789465071,
    0.6764325662973733,
    0.6396893493717835,
    0.5711183988318114,
    0.5310113831189034,
    0.5209368492007957,
    0.47556545379633386,
    0.31575535358770473,
    0.2478939021520789,
    0.24274259559974878,
    0.22713684259966463,
    0.15938176005049284,
    0.06662553650561409
  ],
  "dimensionless_gate_time": 113.09733552923255,
  "physical_time_from_dimensionless_ns": 180.00000000000003,
  "scan_stage": "coarse",
  "ensemble_size": 2,
  "omega_mode": "exploratory_high_drive_override",
  "wall_clock_scan_s": 49.4196932800005
}