{
  "ctrl_x": [
    8.743104254346365,
    -6.493777906208644,
    -1.1514152139113591,
    8.31066090897094,
    6.959171886447949,
    7.84589958906344,
    -0.01947891131254209,
    9.870465545389418,
    1.4832116986915307,
    6.112726303890793,
    5.5642344305069225,
    6.963799465442472,
    5.192097803339379,
    14.132088522060556,
    9.284722983952179,
    15.591397190049745,
    18.796251403295916,
    10.917207983592203,
    16.29362498712538,
    12.274862476173563,
    21.98099581752065,
    23.925820263560343,
    21.607702927954648,
    27.91643218628642,
    26.863099190712166,
    23.6482010504279,
    28.507396578293594,
    31.722494576280937,
    21.962762423592647,
    23.85964321232679,
    23.33787894111838,
    26.00065827208908,
    29.288295062035886,
    19.716354050347263,
    33.71953098005085,
    37.27741587085792,
    46.20987811356815,
    51.45422041869851,
    57.633901029657885,
    57.689876795996916,
    58.001966983138104,
    58.001966983138104,
    58.001966983138104,
    58.001966983138104,
    58.001966983138104,
    58.001966983138104,
    58.001966983138104,
    58.001966983138104,
    48.43280067123601,
    51.1449809659166,
    46.36700546491254,
    46.04652841585789,
    45.6294249719629,
    39.94830137514121,
    38.52035518309104,
    29.554272601706714,
    30.76405639873725,
    27.419248560169823,
    28.14376358390657,
    25.101129194995785,
    16.628025078743242,
    20.04376920922911,
    18.42845190444035,
    17.195972890742453,
    17.8905588739561,
    13.055495987303525,
    10.64680296144249,
    9.226568589471357,
    13.104082983866675,
    7.852022816378801,
    -4.271386121750965,
    9.174506691425668,
    -1.754109952688397,
    5.475599872363767,
    1.101423325627176,
    2.120471378051951,
    5.176435652972498,
    3.9143717076223443,
    6.9942932541827725,
    -7.332504647261585,
    -4.715195532555905,
    5.051716111612818,
    2.6394619649696685,
    -1.501966368062992,
    -3.1626899430491955,
    -2.4400734506634136,
    -3.7681751212050374,
    -2.804443153963539,
    -0.8077675213959465,
    -1.6514751050031753,
    -0.665990640098961,
    -2.5545360406388604,
    -0.1352735493844247,
    -0.28596073002917216,
    3.7002154351827663,
    4.84224545705832,
    4.100407799326142,
    8.594225307564571,
    0.12294407701878932,
    8.062679231138313
  ],
  "ctrl_y": [
    -4.4878092302757935,
    -1.7702437214783702,
    -1.2493645040743084,
    -2.2556039645909367,
    -6.136136544933239,
    -7.019489743468899,
    -3.7533243728440455,
    -4.482699237451146,
    10.3782788888747,
    4.634749413426954,
    5.536001852543239,
    9.108320477943971,
    4.3227961311506125,
    10.629945653783661,
    4.826973170654677,
    8.355949972042625,
    14.991625366242825,
    5.258276418417587,
    15.42583949510655,
    20.47405483037871,
    21.387302664190237,
    22.124904605092922,
    17.03172251329139,
    25.04687352474739,
    29.02160279026549,
    26.068801480430274,
    31.918946013974747,
    37.27059559013172,
    43.31342676795873,
    46.07727877627046,
    45.9467810541559,
    47.672544318871545,
    53.79497778458906,
    58.001966983138104,
    58.001966983138104,
    42.97546879338071,
    56.686065070283696,
    58.001966983138104,
    58.001137810156855,
    40.7761844979675,
    52.47423134930348,
    43.51660560417632,
    41.466648275789396,
    25.097989092011236,
    19.838979884236466,
    20.374546356265572,
    15.126425172556656,
    8.313298222358766,
    4.546320228545621,
    7.7286687068998825,
    9.77368130699614,
    10.728190952915954,
    10.191717143108322,
    13.223983546748036,
    12.562323589577701,
    23.634461077092926,
    13.725912556367332,
    13.86199840686452,
    11.905013989642157,
    15.895632750059145,
    10.230213032164311,
    10.137275642358608,
    8.671708829351434,
    16.05160585224916,
    19.585651268591132,
    2.7676800772626606,
    8.71277044480426,
    8.488701675951202,
    10.241412787066142,
    7.918204237507285,
    7.498615460829644,
    2.290162780902988,
    3.183463495160273,
    1.578460946649884,
    1.2644372750636759,
    -4.092628713610888,
    -4.905142894971189,
    1.1014055137040542,
    1.646375352671543,
    -1.020818349400098,
    -1.4322252972338483,
    -0.19963031232984252,
    9.619720848166077,
    -0.7363804371797739,
    -0.21646047519435968,
    -0.03470520957225931,
    -0.9715199658276672,
    -0.9261693431048224,
    -0.23914421701064836,
    -2.4801718136004367,
    12.720003636038312,
    -3.420366218054521,
    3.744552403891266,
    1.2297631583258108,
    -7.0399220402898965,
    -0.49902262533831776,
    6.804677193236212,
    4.3496362299309625,
    1.9562650755565942,
    6.279592918319666
  ],
  "amplitudes": [
    9.82762960686442,
    6.730743965461553,
    1.6990199112627797,
    8.611320107217942,
    9.278051791361845,
    10.527648199874982,
    3.7533749180931912,
    10.840695666614975,
    10.483729757982019,
    7.671135834512376,
    7.849077736205756,
    11.465426504226974,
    6.756067346536172,
    17.68365546479997,
    10.464499552245673,
    17.689363082744677,
    24.042626685486738,
    12.117545174229631,
    22.43744057039184,
    23.871723230766722,
    30.668891280571902,
    32.58767066036873,
    27.513131366540172,
    37.505640367499666,
    39.54591668738994,
    35.19687235462184,
    42.79592006622991,
    48.942966377052784,
    48.56352408607202,
    51.88832425166259,
    51.53409825260199,
    54.30198626585151,
    61.25115396860132,
    61.261429880077785,
    67.09124341840484,
    56.89021578461212,
    73.13455276696004,
    77.53557230593614,
    81.76673244767218,
    70.64572957334072,
    78.21619480397436,
    72.51153795929633,
    71.30014791808689,
    63.19918694394539,
    61.30100567494943,
    61.47642078989844,
    59.941946184737766,
    58.594701989573394,
    48.645711100570445,
    51.725635791017446,
    47.38590552130406,
    47.279772210477454,
    46.75377547960292,
    42.08016781815125,
    40.51703021447585,
    37.84234109328614,
    33.68720590386992,
    30.724097894589022,
    30.558154177901535,
    29.71090418328972,
    19.523024271428305,
    22.461456799637865,
    20.366795860304656,
    23.523510241779583,
    26.526775764071942,
    13.345637058026682,
    13.757426435334306,
    12.537448866476634,
    16.631401826759706,
    11.151332685191111,
    8.62983042883695,
    9.45602551784034,
    3.6347409193969455,
    5.698572884707973,
    1.676882513715878,
    4.609339285907455,
    7.131333177565829,
    4.066374302871289,
    7.185449876478924,
    7.403221900266443,
    4.927914184751166,
    5.055659000954222,
    9.975258826775505,
    1.6727698942333373,
    3.170088770552946,
    2.4403202445998584,
    3.891400106397489,
    2.9534202301603103,
    0.8424240767878058,
    2.979701704436759,
    12.737426585991667,
    4.269023242913003,
    3.746995014495071,
    1.2625731522150667,
    7.9531186713216,
    4.867891190957486,
    7.944619300188254,
    9.632239821033911,
    1.9601245603064232,
    10.219593123213839
  ],