{
  "ctrl_x": [
    -0.693892638785683,
    -1.470600685195468,
    -1.8076107844031615,
    -1.9215947167535647,
    -1.6010857263476863,
    -0.9365919496684464,
    -0.2880585724916512,
    0.5732511883713465,
    1.7824143144895686,
    2.7886049270363884,
    3.449758083489121,
    4.147082294797116,
    4.830005136074114,
    5.061870851328513,
    5.27024114983865,
    5.591267492167804,
    5.648592631785381,
    5.640684485592718,
    5.425030122694623,
    4.638267303283104,
    3.5736937771967896,
    2.74660168334498,
    2.0753029826857072,
    1.662968759866874,
    1.0593267520915115,
    0.7335404002287127,
    0.2584186416359158,
    -0.13847643596501882,
    -0.7181646442250216,
    -0.5297687034733602
  ],
  "ctrl_y": [
    2.075143552974326,
    3.8770916118268386,
    4.639770084745384,
    5.249509354602418,
    5.773972683905198,
    6.3169400491805545,
    6.7028061000279076,
    6.724720267614541,
    6.750628684101923,
    6.848418904930617,
    6.476743201005407,
    5.631541264247022,
    4.948881593774277,
    4.199631290450564,
    3.0736256388495478,
    1.9805320315450687,
    0.9344172492391382,
    -0.18086016345645095,
    -1.0465292029901392,
    -1.9046869047143018,
    -2.2126662162664474,
    -2.094996710366826,
    -2.3406128490192852,
    -2.378866996035276,
    -2.493268708891661,
    -2.5499848094275688,
    -2.221029817681597,
    -1.9332295186229764,
    -0.8667530127012308,
    -0.2932945454951262
  ],
  "amplitudes": [
    2.188083124474906,
    4.146625826113976,
    4.979450088833987,
    5.5901587383108815,
    5.9918474661491254,
    6.385995307320933,
    6.708993020994824,
    6.749109541460632,
    6.981975968099359,
    7.394400512313537,
    7.33819005793447,
    6.993750679766663,
    6.915228025430553,
    6.577190851059495,
    6.101034039017149,
    5.931675926494002,
    5.72535888093801,
    5.64358324690368,
    5.525049792070223,
    5.0141156530035556,
    4.203234349614822,
    3.454393148354903,
    3.128154564425864,
    2.9024943206006566,
    2.7089780402275396,
    2.653394815529542,
    2.2360128902525807,
    1.9381826784368905,
    1.1256203806086276,
    0.6055382478399178
  ],
  "phases": [
    1.893491245424727,
    1.933335993271152,
    1.942296995296339,
    1.9216994129293838,
    1.8412936352461384,
    1.7179907005956192,
    1.6137457160493265,
    1.4857565590636306,
    1.3126508196780808,
    1.1841074286053583,
    1.0813806821088825,
    0.9360544244500115,
    0.7975540054361653,
    0.6925664311182903,
    0.5279779341589617,
    0.340428255982301,
    0.16394012206972994,
    6.251132774686738,
    6.092618630749639,
    5.8935349841212465,
    5.728801023898022,
    5.63156796352463,
    5.437778905247023,
    5.322483228227558,
    5.1141534783311595,
    4.992490844239008,
    4.8282189910654525,
    4.640881521228216,
    4.020469060536028,
    3.6472166593242763
  ],
  "target_theta": 0.0,
  "optimized_theta": 0.511683659681645,
  "fid_err": 0.01594087307427794,
  "probe_fidelity": 0.9840591269257221,
  "phase_gate_fidelity": 0.9840591269257221,
  "fidelity_metric": "paper_eq7_special_state_phase_gate_fidelity",
  "objective": 0.01594087307427794,
  "num_iter": 6,
  "num_fid_func_calls": 7,
  "wall_time": 40.381042805001925,
  "termination_reason": "STOP: TOTAL NO. OF ITERATIONS REACHED LIMIT",
  "evo_time": 188.4955592153876,
  "num_tslots": 30,
  "control_smoothness_cost": 0.8887582759675914,
  "control_curvature_cost": 0.21992414091010887,
  "success": false,
  "gate_time_ns": 300.0,
  "gate_time_us": 0.3,
  "slot_duration_ns": 10.0,
  "slot_midpoints_ns": [
    5.0,
    15.0,
    25.0,
    35.0,
    45.0,
    55.0,
    65.0,
    75.0,
    85.0,
    95.0,
    105.0,
    115.0,
    125.0,
    135.0,
    145.0,
    155.0,
    165.0,
    175.0,
    185.0,
    195.0,
    205.0,
    215.0,
    225.0,
    235.0,
    245.0,
    255.0,
    265.0,
    275.0,
    285.0,
    295.0
  ],
  "omega_max_hz": 100000000.0,
  "omega_max_mhz": 100.0,
  "effective_rabi_hz_reference": 100000000.0,
  "effective_rabi_sequence_hz": [
    17589041.721598063,
    33332908.536954075,
    40027617.95630339,
    44936837.26119964,
    48165836.979726344,
    51334218.813717425,
    53930655.940919444,
    54253135.07542115,
    56125046.26923878,
    59440346.51265849,
    58988495.29356888,
    56219698.01827856,
    55588488.79786108,
    52871156.03433066,
    49043540.0085246,
    47682144.331303425,
    46023651.9817351,
    45366293.4825304,
    44413454.96412577,
    40306279.2409964,
    33787959.65933472,
    27768353.28127576,
    25145864.21779469,
    23331880.370860133,
    21776287.76506822,
    21329478.570619244,
    17974328.112476036,
    15580201.50778605,
    9048369.148204772,
    4867656.711093039
  ],
  "effective_rabi_sequence_mhz": [
    17.58904172159806,
    33.33290853695407,
    40.02761795630339,
    44.936837261199635,
    48.16583697972634,
    51.33421881371743,
    53.93065594091944,
    54.25313507542115,
    56.12504626923878,
    59.44034651265849,
    58.98849529356888,
    56.219698018278564,
    55.588488797861075,
    52.87115603433066,
    49.043540008524594,
    47.68214433130343,
    46.0236519817351,
    45.3662934825304,
    44.41345496412577,
    40.306279240996396,
    33.78795965933472,
    27.76835328127576,
    25.145864217794692,
    23.331880370860134,
    21.776287765068222,
    21.329478570619244,
    17.974328112476037,
    15.58020150778605,
    9.048369148204772,
    4.867656711093039
  ],
  "effective_rabi_fraction": [
    0.17589041721598062,
    0.33332908536954076,
    0.4002761795630339,
    0.44936837261199636,
    0.48165836979726345,
    0.5133421881371742,
    0.5393065594091945,
    0.5425313507542114,
    0.5612504626923878,
    0.5944034651265849,
    0.5898849529356888,
    0.5621969801827856,
    0.5558848879786108,
    0.5287115603433066,
    0.490435400085246,
    0.4768214433130343,
    0.46023651981735103,
    0.453662934825304,
    0.4441345496412577,
    0.403062792409964,
    0.3378795965933472,
    0.2776835328127576,
    0.2514586421779469,
    0.23331880370860134,
    0.21776287765068222,
    0.21329478570619245,
    0.17974328112476037,
    0.1558020150778605,
    0.09048369148204771,
    0.048676567110930394
  ],
  "dimensionless_gate_time": 188.4955592153876,
  "physical_time_from_dimensionless_ns": 300.00000000000006,
  "scan_stage": "coarse",
  "ensemble_size": 2,
  "omega_mode": "exploratory_high_drive_override",
  "wall_clock_scan_s": 84.76284898499944
}