{
  "ctrl_x": [
    0.17890401665572994,
    0.2377608353875142,
    0.2902999727000634,
    0.34124208385827054,
    0.38708061687059403,
    0.4279168024482167,
    0.4627279651955745,
    0.4917534373111361,
    0.5159040141079365,
    0.5400887910198687,
    0.551811787411863,
    0.5575000909716334,
    0.5567637293491758,
    0.552770924179915,
    0.5494411972116058,
    0.5387726956072137,
    0.5302782131710534,
    0.5203390560761292,
    0.5034941170474917,
    0.4824947828728483,
    0.4550050483919638,
    0.42540496557292534,
    0.38673012847389365,
    0.34407643197724136,
    0.29852057781557223,
    0.31461277962404965,
    0.36644815024925,
    0.37874670556864604,
    0.37893476284550454,
    0.40606882066238875,
    0.44911746310323236,
    0.48915772470352414,
    0.5295522428116682,
    0.572820970030425,
    0.5995397358281891,
    0.6049348837899443,
    0.593729087706018,
    0.5982436840615124,
    0.6247842097897972,
    0.66288702917296,
    0.694231051712779,
    0.7095152809631297,
    0.7238009300645352,
    0.7373792424351135,
    0.748309609160358,
    0.7573617851410724,
    0.7737769992332514,
    0.7923564197565847,
    0.8000087213839284,
    0.80553483138941,
    0.8086659240813291,
    0.8128752735206306,
    0.8187528175206688,
    0.8212359104888027,
    0.8281889007603166,
    0.8262082759994297,
    0.812267482952386,
    0.7876046563966328,
    0.7566333600160883,
    0.7190352849290583,
    0.6860753257107505,
    0.6806383924751723,
    0.6961308775560177,
    0.703729011017187,
    0.6964620839112129,
    0.6734328632084112,
    0.6422262417165178,
    0.6075067700285766,
    0.5664147327581321,
    0.5157281216381886,
    0.4606246847307519,
    0.40728081749997164,
    0.3569778703279306,
    0.2995887680324429,
    0.2581963509615239,
    0.2808446001369928,
    0.33046878961429155,
    0.3820786817958296,
    0.42913124027384225,
    0.46601944115133703,
    0.5024679105788589,
    0.530128146974917,
    0.5516323234979255,
    0.5669670622943792,
    0.5751309923895002,
    0.5776538323193715,
    0.5739950203010329,
    0.5715470704933785,
    0.5723464821175935,
    0.5625064546099057,
    0.555084559097598,
    0.5418838580248658,
    0.5223881854775135,
    0.4955146829187079,
    0.46346212859912905,
    0.42688353407834295,
    0.38354434136553983,
    0.33429086713441775,
    0.2811346582452816,
    0.2227581428717254
  ],
  "ctrl_y": [
    -0.6358920602872683,
    -0.6054219885501357,
    -0.5749505581999177,
    -0.5349842046062386,
    -0.49117117968772483,
    -0.44339762603248994,
    -0.39220583189760977,
    -0.338959057342023,
    -0.2841284549272384,
    -0.23156875600019244,
    -0.17389336676954523,
    -0.11627543726223878,
    -0.06073893635065856,
    -0.005208036745874686,
    0.04656541491344987,
    0.09929542208225374,
    0.1526190286230878,
    0.20709694262624365,
    0.2604030496010372,
    0.3138873365528121,
    0.36020004998251787,
    0.40798373963275575,
    0.4516204533558988,
    0.4920001196960774,
    0.5293338117279355,
    0.5236593951234888,
    0.49765675441473856,
    0.4930280074346716,
    0.4940930448088738,
    0.48128865410627575,
    0.44137198367498764,
    0.41139219596695475,
    0.3755388796843363,
    0.32669218561507934,
    0.29848800052488833,
    0.3094864494251913,
    0.3498777562867773,
    0.3608165253774858,
    0.3345784704655639,
    0.27399713117641045,
    0.2174474909788983,
    0.1981525527046757,
    0.18375133297886068,
    0.17026256118143399,
    0.16595008448179627,
    0.1660693606109362,
    0.12986305410634527,
    0.05479744617462768,
    -0.0004531045550379141,
    -0.022919742788881193,
    -0.01612215198081096,
    -0.02082543993932936,
    -0.036650554552433434,
    -0.05195441416083982,
    -0.04990584701175397,
    -0.07820351134520809,
    -0.12738438372758656,
    -0.19695711060223067,
    -0.2643029491339563,
    -0.32904739032242125,
    -0.3716781426208402,
    -0.359881826825074,
    -0.3040103188803626,
    -0.25669199488153044,
    -0.2475942962512234,
    -0.27939442465750514,
    -0.32278084573159044,
    -0.36435819368401035,
    -0.40794691876731054,
    -0.4549968209872308,
    -0.4965474083977055,
    -0.532383668388703,
    -0.5692822806619044,
    -0.6002889505872939,
    -0.6153699551784972,
    -0.6060838691680039,
    -0.5691791476976236,
    -0.5296349973796666,
    -0.48459693753931027,
    -0.43612963621126977,
    -0.3838672587638348,
    -0.3264620747283298,
    -0.27081808022773274,
    -0.21095875284739565,
    -0.1508225329010128,
    -0.09122624755095404,
    -0.033203546621507866,
    0.023719353954030725,
    0.08100040874119384,
    0.13788154202622213,
    0.19619901633747278,
    0.254895719601944,
    0.31291659704791774,
    0.3675793842798684,
    0.420926534197152,
    0.47123225369586375,
    0.5191687607072833,
    0.5616948818735575,
    0.600432480300656,
    0.6317829933119833
  ],
  "amplitudes": [
    0.660579563347172,
    0.6504352381783826,
    0.6440824625186239,
    0.6345504384791683,
    0.6253643191874244,
    0.6162095784623556,
    0.6065827102288137,
    0.5972559632699453,
    0.5889702290201277,
    0.5876393374688084,
    0.5785630058456231,
    0.5694965572713363,
    0.5600670216213518,
    0.5527954578914915,
    0.5514108876866546,
    0.547846327338567,
    0.5518039065299738,
    0.5600373888619712,
    0.566847487551064,
    0.5756096555372706,
    0.5803220399653813,
    0.5894235459657428,
    0.5945765099285557,
    0.6003771388245422,
    0.6077078406749156,
    0.6109012712409992,
    0.6180181971719831,
    0.6217118971791559,
    0.6226712546932631,
    0.6297068013651858,
    0.6296949449038612,
    0.6391547688468279,
    0.6491956777593597,
    0.6594328228474485,
    0.6697335151344007,
    0.6795057586244321,
    0.68915069029385,
    0.698630138560435,
    0.708729893331541,
    0.7172821211619984,
    0.727488944586273,
    0.736665709846446,
    0.7467612327469834,
    0.7567810032725739,
    0.7664898575331857,
    0.7753553418438524,
    0.7845987875113258,
    0.7942489886910364,
    0.8000088496973554,
    0.8058608311557732,
    0.8088266195884024,
    0.8131419982081276,
    0.8195727175467924,
    0.8228776833935703,
    0.8296911768293924,
    0.829901141411837,
    0.822195381329439,
    0.8118578682222876,
    0.8014674606059451,
    0.7907489652544655,
    0.7802845597928937,
    0.7699243797868329,
    0.7596186363384267,
    0.749082973497254,
    0.7391632903912964,
    0.7290905744684791,
    0.7187781437415329,
    0.7083935127704294,
    0.6980303274337075,
    0.6877482115985039,
    0.6772993643654055,
    0.6703059261788289,
    0.6719490419514594,
    0.6708951141038303,
    0.6673421441706137,
    0.6679905282949493,
    0.6581599525061731,
    0.6530676454489215,
    0.6472926797449855,
    0.6382657590007308,
    0.6323195976026246,
    0.6225860088782792,
    0.6145247374239337,
    0.6049423485999695,
    0.5945780813632541,
    0.5848129429445663,
    0.5749545711085614,
    0.5720390384768854,
    0.5780497918074405,
    0.5791587270423668,
    0.5887384153937695,
    0.5988404991809637,
    0.6089385954548603,
    0.6169679122414673,
    0.6260801001763766,
    0.6358375488994801,
    0.6454784767038032,
    0.6536447996981469,
    0.662990090021479,
    0.6699036802809114
  ],