{
  "ctrl_x": [
    -0.76478821910249,
    -1.4955573035357703,
    -2.099388222600752,
    -1.9499482900115148,
    -1.2616939748389722,
    -0.7132359833063826,
    0.1837197915016673,
    1.6346719125241647,
    2.83715025913871,
    3.700839875132765,
    4.447950970957818,
    5.085444946196234,
    5.311797919534022,
    5.615061036765466,
    5.958840830017431,
    5.785488493916199,
    5.640005729374742,
    4.932708231896941,
    3.457795977669867,
    2.667036159210821,
    1.9461931424897945,
    1.4233262963271642,
    0.8769097897424424,
    0.4174315283833722,
    0.004520384058732476,
    -0.7575009423182505,
    -0.5213901744876699
  ],
  "ctrl_y": [
    1.9488376938428214,
    4.2719496637482255,
    4.909419126561724,
    5.476051253846439,
    6.335209222521413,
    6.90974947559143,
    6.937254566742529,
    7.011972600104254,
    7.12105003699323,
    6.6682194448296315,
    5.8011974979303655,
    4.990178052179895,
    3.9626659007334823,
    2.498433956046284,
    1.392374760938635,
    0.2178047203666147,
    -1.0883000089678185,
    -1.944143404983892,
    -2.209993689734021,
    -2.2440161976273516,
    -2.325747506339423,
    -2.5230864635401598,
    -2.562038655911141,
    -2.4784263637972357,
    -2.0278175060323647,
    -1.104452223245355,
    -0.150926860671175
  ],
  "amplitudes": [
    2.0935303620966583,
    4.526173392365537,
    5.339459436070737,
    5.812868110362731,
    6.459624414721441,
    6.946462652553389,
    6.939686872300471,
    7.1999938893174225,
    7.665427269388976,
    7.626359966968298,
    7.310140918616968,
    7.124859808673484,
    6.627059542421651,
    6.145818308356239,
    6.119353847620004,
    5.789586859997067,
    5.744045746414218,
    5.302009437955218,
    4.10370870455666,
    3.4854971768388974,
    3.0326175510799818,
    2.8968643475861953,
    2.7079536284303507,
    2.513333706783416,
    2.027822544416389,
    1.3392618829208294,
    0.5427952020093206
  ],
  "phases": [
    1.9447624539152866,
    1.9075493297817276,
    1.9748879031726723,
    1.9128831533772528,
    1.7673800719185262,
    1.673653738386562,
    1.5443194464967762,
    1.341761194483554,
    1.1916550019259173,
    1.0641249635858434,
    0.9166738443862233,
    0.7759432587019237,
    0.6409440094503815,
    0.4186482806592977,
    0.22954680481761008,
    0.03762895933878399,
    6.092567281391418,
    5.907746843765044,
    5.714486980114376,
    5.583711375445463,
    5.40917160255121,
    5.226009041918522,
    5.042161143255538,
    4.879248986852824,
    4.714618163512674,
    4.111215295593148,
    3.4233612044291846
  ],
  "target_theta": 0.0,
  "optimized_theta": 0.507051682286751,
  "fid_err": 0.014965083855793981,
  "probe_fidelity": 0.985034916144206,
  "phase_gate_fidelity": 0.985034916144206,
  "fidelity_metric": "paper_eq7_special_state_phase_gate_fidelity",
  "objective": 0.014965083855793981,
  "num_iter": 6,
  "num_fid_func_calls": 8,
  "wall_time": 41.54362755799957,
  "termination_reason": "STOP: TOTAL NO. OF ITERATIONS REACHED LIMIT",
  "evo_time": 169.64600329384882,
  "num_tslots": 27,
  "control_smoothness_cost": 1.2554676011726196,
  "control_curvature_cost": 0.3890994604961715,
  "success": false,
  "gate_time_ns": 270.0,
  "gate_time_us": 0.27,
  "slot_duration_ns": 10.0,
  "slot_midpoints_ns": [
    5.0,
    15.0,
    25.0,
    35.0,
    45.0,
    55.0,
    65.0,
    75.0,
    85.0,
    95.0,
    105.0,
    115.0,
    125.0,
    135.0,
    145.0,
    155.0,
    165.0,
    175.0,
    185.0,
    195.0,
    205.0,
    215.0,
    225.0,
    235.0,
    245.0,
    255.0,
    265.0
  ],
  "omega_max_hz": 100000000.0,
  "omega_max_mhz": 100.0,
  "effective_rabi_hz_reference": 100000000.0,
  "effective_rabi_sequence_hz": [
    16828973.48481092,
    36383925.156686835,
    42921575.39232725,
    46727100.34261294,
    51926090.95399653,
    55839570.282598525,
    55785102.75335713,
    57877596.83254557,
    61619011.88626642,
    61304966.95600698,
    58763020.54985737,
    57273626.871634096,
    53272028.59861267,
    49403541.13145524,
    49190804.92467107,
    46539952.569554314,
    46173867.5072928,
    42620531.262897424,
    32987916.59711465,
    28018384.94076586,
    24377884.01864167,
    23286623.484074082,
    21768052.967386495,
    20203588.67285766,
    16300777.12257684,
    10765739.597070139,
    4363292.851004611
  ],
  "effective_rabi_sequence_mhz": [
    16.82897348481092,
    36.383925156686836,
    42.92157539232725,
    46.727100342612935,
    51.92609095399653,
    55.83957028259852,
    55.78510275335713,
    57.87759683254557,
    61.61901188626642,
    61.30496695600698,
    58.76302054985737,
    57.27362687163409,
    53.27202859861267,
    49.40354113145524,
    49.19080492467107,
    46.539952569554316,
    46.1738675072928,
    42.62053126289742,
    32.98791659711465,
    28.018384940765863,
    24.37788401864167,
    23.28662348407408,
    21.768052967386495,
    20.20358867285766,
    16.30077712257684,
    10.765739597070139,
    4.363292851004611
  ],
  "effective_rabi_fraction": [
    0.1682897348481092,
    0.36383925156686836,
    0.4292157539232725,
    0.46727100342612937,
    0.5192609095399653,
    0.5583957028259853,
    0.5578510275335713,
    0.5787759683254557,
    0.6161901188626642,
    0.6130496695600698,
    0.5876302054985737,
    0.572736268716341,
    0.5327202859861268,
    0.4940354113145524,
    0.4919080492467107,
    0.4653995256955431,
    0.461738675072928,
    0.42620531262897426,
    0.32987916597114647,
    0.2801838494076586,
    0.24377884018641668,
    0.23286623484074082,
    0.21768052967386495,
    0.2020358867285766,
    0.1630077712257684,
    0.1076573959707014,
    0.043632928510046104
  ],
  "dimensionless_gate_time": 169.64600329384882,
  "physical_time_from_dimensionless_ns": 270.0,
  "scan_stage": "coarse",
  "ensemble_size": 2,
  "omega_mode": "exploratory_high_drive_override",
  "wall_clock_scan_s": 84.22475558699807
}