{
  "ctrl_x": [
    49.064958147069014,
    18.07550592254787,
    -15.878815893629227,
    -34.817849432094974,
    -18.695320691112528,
    4.803490275964643,
    -27.196508275794702,
    -25.638534984473345,
    -8.463492301282853,
    3.771655834425109,
    -57.99472630799552,
    10.428933113461138,
    -49.646708747767434,
    54.48705661888003,
    -3.2758676857408973,
    38.89332503462772,
    -39.22454884242948,
    14.068774372698686,
    11.327755118793506,
    18.21179061688688,
    53.052217840352306,
    51.01845910865999,
    -10.503532119191167,
    -37.19807205818374,
    -24.59096174967756,
    -29.622022112483712,
    -54.79482847461838,
    54.81622534275671,
    -37.06303100553413,
    -43.204184687754115,
    -56.07676693287004,
    34.44817649388641,
    39.248609008211915,
    -30.215374463892196,
    -47.02346381974654,
    -2.8288909754651126,
    -32.01773619484723,
    -0.9044283990084114,
    -56.068018127241686,
    15.109919980020178,
    11.52849265712533,
    -50.206749532465835,
    -3.830243276673313,
    -7.7298362966165675,
    -0.5280925492271544,
    -40.46140597866666,
    -38.59321197707262,
    -40.768621294695635,
    51.15737466817963,
    -6.5748030376721065,
    -23.72631563975926,
    47.6116316508788,
    -35.05616750937293,
    -30.91894178509524,
    -12.60945734399811,
    11.235828021133836,
    -32.02525018960486,
    -24.020779226703848,
    -42.46709290632814,
    -11.049524687325837,
    40.72739925561023,
    -29.95678088696758,
    -27.009413840009092,
    6.03343869395583,
    10.07285891961646,
    30.531711044744252,
    -1.5979432329298717,
    -0.23763605420643752,
    -39.91353819135881,
    45.936327671547915,
    -53.31577534346687,
    57.372970040766766,
    -52.63528760818656,
    47.202239316773124,
    -39.05190600995523,
    32.30397673207393,
    -50.53317945956076,
    -19.0303702340342,
    2.2563362167403818,
    -42.08785248186714,
    51.36258190617314,
    0.4467144713535587,
    16.381041221266578,
    29.13490144198707,
    20.003674700614546,
    -13.722705004144288,
    38.77447241760868,
    50.15307761239685,
    58.001966983138104,
    53.677817396998144,
    49.41613442028645,
    49.15171144787338,
    58.001966983138104,
    51.664367117144806,
    15.6787946363376,
    37.85184343322641,
    28.23805398875072,
    37.68137191863858,
    55.14115865406838,
    30.506845216979556
  ],
  "ctrl_y": [
    -44.03600687125872,
    -36.17566287920287,
    -42.720669357709724,
    -45.49854193059385,
    -32.677462075159085,
    -37.852074771349734,
    -44.06881054154841,
    5.250325842844953,
    10.096815936299084,
    -48.902312790939774,
    -33.189453860851415,
    0.3128188411687809,
    54.74359119189356,
    30.805064094760105,
    46.096290356625055,
    41.3351116848672,
    -49.10239296350584,
    -57.9801115580461,
    -24.07885853778843,
    -47.18645323622842,
    -58.00168600462823,
    -34.7254680528147,
    -44.31563468768058,
    -11.650219968152383,
    -41.75761510081839,
    -36.83517894510394,
    -12.044651150657986,
    43.29715099933499,
    -3.956772417407919,
    -53.5018139106015,
    38.42736885313615,
    27.798217160414964,
    4.403861813940626,
    -51.54338547131558,
    53.8252362252489,
    -32.796661621831724,
    54.018654202752856,
    -41.31611267530713,
    31.24123110538968,
    13.136592855462798,
    24.786829421359016,
    50.494805717791365,
    -18.11729627513995,
    55.98813274847667,
    27.153597478448546,
    -4.242744054118062,
    51.4384748303242,
    44.78018906515239,
    55.842607594170104,
    -34.94303745328996,
    31.95631191233217,
    -27.4035172205393,
    -5.13107857374236,
    -4.21622215929364,
    17.8730871876427,
    55.19954695950456,
    30.286767606757724,
    -41.97037673900802,
    55.90544888673031,
    3.449563109889245,
    8.480340193351315,
    -20.446000816221577,
    23.585210366273692,
    -5.341422955929128,
    55.89922690451892,
    33.99312013268352,
    40.21865071040557,
    -18.63133791073345,
    3.386353040031633,
    50.29353014588153,
    48.75714500859326,
    25.789852826926097,
    1.719060616741601,
    12.96334378006227,
    2.245308219216436,
    -12.483304148068708,
    11.599614286135498,
    57.99531388571635,
    43.98873521180569,
    -4.750419335608923,
    23.20371030981524,
    57.99235833670573,
    36.223603728960086,
    57.997713895792565,
    57.996787697852575,
    50.06737274685629,
    36.7355103870362,
    17.879269412477978,
    -48.98233649801965,
    -29.387916163621263,
    -11.612261816956039,
    47.76587941719,
    -28.983619221587112,
    -42.186432997672114,
    31.00340899869423,
    -52.51918883700255,
    -16.538636993152412,
    -33.581714182417855,
    -54.28168741818703,
    -47.60165649821482
  ],
  "amplitudes": [
    65.92829452624403,
    40.440110028359214,
    45.57622608942661,
    57.2922329542674,
    37.64746397059171,
    38.15564287660657,
    51.78523076073194,
    26.170601781504935,
    13.174839429206616,
    49.047544118296734,
    66.82011768263277,
    10.433623604119347,
    73.90302068299248,
    62.59226240416076,
    46.21254476586164,
    56.756340529051414,
    62.84592450298336,
    59.66258248377599,
    26.610326275981272,
    50.57895497623592,
    78.60491967529565,
    61.71500061823758,
    45.54338222783677,
    38.97979207425517,
    48.460435601449156,
    47.26832556744847,
    56.103002138066515,
    69.85314485037233,
    37.27364102526535,
    68.76805701965266,
    67.9798975184459,
    44.26531080938591,
    39.49490230340845,
    59.74687807607904,
    71.47280744668464,
    32.918439174541646,
    62.79450957623142,
    41.326010663111525,
    64.18439980008436,
    20.021981761374402,
    27.33666138556319,
    71.20704391486318,
    18.517753316201752,
    56.519212466501486,
    27.158732256166825,
    40.68324287565135,
    64.30670807604102,
    60.55861470493776,
    75.73291098232637,
    35.55620763588557,
    39.801305567477904,
    54.93469053808675,
    35.429688790266454,
    31.205087572487713,
    21.87340074444725,
    56.33146381779054,
    44.078395408323736,
    48.35814676217765,
    70.20593418751382,
    11.575468952268496,
    41.60092811369538,
    36.26910076755032,
    35.857643313556714,
    8.058112785748913,
    56.7995251330272,
    45.69154840531027,
    40.25038245211184,
    18.63285333056084,
    40.05693345558032,
    68.11450193962013,
    72.24839852802289,
    62.90289500597909,
    52.663352257528665,
    48.949971179542096,
    39.11640029462909,
    34.6320631086218,
    51.84740377183117,
    61.03778685328604,
    44.04656489054882,
    42.355091906399366,
    56.36068658391388,
    57.99407882940981,
    39.755351571902445,
    64.90437041657911,
    61.34960786180944,
    51.91391380355959,
    53.41308299152878,
    53.244713058848134,
    75.91770190619755,
    61.196059488708165,
    50.76218046488305,
    68.5380914145743,
    64.84040682394735,
    66.70008964523355,
    34.74242321411624,
    64.73814368199183,
    32.72482554060251,
    50.47392710202337,
    77.37602320279134,
    56.53835252699521
  ],