{
  "ctrl_x": [
    0.7856840763350841,
    -0.7539586057394072,
    2.9416001099280344,
    6.104455920208184,
    5.125469042505409,
    3.4198436415047575,
    -0.6776583864796605,
    0.19674190432886096
  ],
  "ctrl_y": [
    1.48703843839565,
    4.312682010157497,
    5.77696611098258,
    4.551328685776449,
    1.9481815332203027,
    -0.8583414730619702,
    -1.8537657112793495,
    -1.815619063855374
  ],
  "amplitudes": [
    1.6818391079626753,
    4.378090873874664,
    6.482773222485098,
    7.614392614498961,
    5.483233005450518,
    3.525915571411022,
    1.973744715276332,
    1.8262475084046004
  ],
  "phases": [
    1.0847229364903876,
    1.743870832334755,
    1.0998201006354908,
    0.640662979265423,
    0.36323281221568876,
    6.03727649472204,
    4.361922051210036,
    4.820328600884496
  ],
  "target_theta": 0.0,
  "optimized_theta": 1.6522922512355762,
  "fid_err": 0.2718644848826208,
  "probe_fidelity": 0.7281355151173792,
  "phase_gate_fidelity": 0.7281355151173792,
  "fidelity_metric": "paper_eq7_special_state_phase_gate_fidelity",
  "objective": 0.2718644848826208,
  "num_iter": 6,
  "num_fid_func_calls": 7,
  "wall_time": 12.432029529998545,
  "termination_reason": "STOP: TOTAL NO. OF ITERATIONS REACHED LIMIT",
  "evo_time": 18.84955592153876,
  "num_tslots": 8,
  "control_smoothness_cost": 10.67554720331666,
  "control_curvature_cost": 15.198512776277473,
  "success": false,
  "gate_time_ns": 30.0,
  "gate_time_us": 0.03,
  "slot_duration_ns": 3.75,
  "slot_midpoints_ns": [
    1.875,
    5.625,
    9.375,
    13.125,
    16.875,
    20.625,
    24.375,
    28.125
  ],
  "omega_max_hz": 100000000.0,
  "omega_max_mhz": 100.0,
  "effective_rabi_hz_reference": 100000000.0,
  "effective_rabi_sequence_hz": [
    13519567.839119371,
    35193554.659861974,
    52112174.07899569,
    61208766.65194825,
    44077308.13483488,
    28343290.708968665,
    15866069.143561568,
    14680403.710440213
  ],
  "effective_rabi_sequence_mhz": [
    13.519567839119372,
    35.193554659861974,
    52.11217407899569,
    61.20876665194825,
    44.07730813483488,
    28.343290708968667,
    15.866069143561568,
    14.680403710440213
  ],
  "effective_rabi_fraction": [
    0.1351956783911937,
    0.35193554659861975,
    0.5211217407899569,
    0.6120876665194825,
    0.44077308134834875,
    0.28343290708968666,
    0.15866069143561568,
    0.14680403710440212
  ],
  "dimensionless_gate_time": 18.84955592153876,
  "physical_time_from_dimensionless_ns": 30.000000000000004,
  "scan_stage": "coarse",
  "ensemble_size": 2,
  "omega_mode": "exploratory_high_drive_override",
  "wall_clock_scan_s": 26.09073877099945
}