{
  "ctrl_x": [
    0.5278807041021314,
    0.5837993546847341,
    0.6165014611995966,
    0.6562719642408079,
    0.6925602587006288,
    0.7204368381299251,
    0.7410547466919779,
    0.7536148419026641,
    0.7612301305721757,
    0.7713093754386102,
    0.7759582861609188,
    0.7585935901536973,
    0.7500533319802952,
    0.733934283164764,
    0.7116932956507714,
    0.6789276314839927,
    0.6387927918298958,
    0.6244578422631174,
    0.5996832370008712,
    0.6355902201482511,
    0.6268809495443388,
    0.6123217402325676,
    0.6200512252498357,
    0.5946554839677426,
    0.63986878645418,
    0.6367868142846007,
    0.6770639978217646,
    0.6860039823734777,
    0.7029669415834555,
    0.7100879924474328,
    0.7163592971651549,
    0.7441864018423326,
    0.7483050105545057,
    0.771596418191647,
    0.7660795662966984,
    0.78013120660904,
    0.7719309079987264,
    0.7654980691532287,
    0.7469407160153418,
    0.7450604246168795,
    0.7477677979380145,
    0.7596537121739415,
    0.7812966847294546,
    0.8106375815680721,
    0.8368311532489181,
    0.8533117058689675,
    0.8645103205925259,
    0.8717211078524881,
    0.8714896983705372,
    0.8704532869211524,
    0.8797655866460102,
    0.8824312584489086,
    0.8818679366465075,
    0.8809779759353868,
    0.8707816607595643,
    0.8410238451637371,
    0.812077126351714,
    0.7816327749862919,
    0.7566877886435543,
    0.7479195501284693,
    0.7323675543933222,
    0.7408396295386868,
    0.7409109558463067,
    0.7601362955881789,
    0.7623077876512703,
    0.782859410193761,
    0.7727183862088994,
    0.7828542922903143,
    0.7791371530457096,
    0.7684234039033584,
    0.7406480499431125,
    0.7310010506504451,
    0.6879233797724169,
    0.6947998331977526,
    0.6500133413520792,
    0.6542434460711493,
    0.6171951639655661,
    0.6152063621573022,
    0.5897917575742802,
    0.6090376429624997,
    0.5836332666762258,
    0.6113915210050077,
    0.5954022893703221,
    0.6384675670966637,
    0.6730022465811716,
    0.7040760444252611,
    0.7294233256289523,
    0.7465269973164065,
    0.7595852410672873,
    0.7657714919950729,
    0.7704352619034904,
    0.7729859866141916,
    0.7642289047919374,
    0.7541642077868973,
    0.7361425563384035,
    0.7104409838470124,
    0.6758003671734136,
    0.6327366071497585,
    0.5830839720248948,
    0.544527645395496
  ],
  "ctrl_y": [
    -0.6586344695137848,
    -0.59575756418561,
    -0.5484071144257923,
    -0.4836005008401134,
    -0.41080144535722757,
    -0.33628785899360014,
    -0.2592500900462592,
    -0.18213668425101842,
    -0.10544376681366417,
    -0.02897692160472092,
    0.04793743711086306,
    0.12409308284681471,
    0.20093604236175894,
    0.27771837768471525,
    0.35320278232416885,
    0.4266043949593011,
    0.49670371107567385,
    0.5291710396859363,
    0.5573804155984893,
    0.5208185219102659,
    0.5397973798213377,
    0.5659484489199718,
    0.5668083080425221,
    0.6039075848794047,
    0.5632296373085846,
    0.5781835173989764,
    0.520789332430075,
    0.5268766705000413,
    0.4920475117683538,
    0.48615820443649255,
    0.48889522181076356,
    0.4595102857585017,
    0.4722016185217223,
    0.44712532795128107,
    0.47185454628940976,
    0.4517805511847852,
    0.4830607138800866,
    0.48809962410329644,
    0.526656357042989,
    0.5310851834331565,
    0.5453121479512454,
    0.5199153006816412,
    0.4782807759531563,
    0.41944285407737736,
    0.34791524233969334,
    0.28615413161698205,
    0.21633724658667144,
    0.1428649793232353,
    0.07211107805754266,
    0.007013927810903444,
    -0.048868696249078435,
    -0.09279718309160588,
    -0.14691571397379846,
    -0.2006193453871577,
    -0.25940824043543426,
    -0.33323913359905694,
    -0.38998232513397263,
    -0.460911993420125,
    -0.5167072369504887,
    -0.5419490758962751,
    -0.5696261101009423,
    -0.5431716634108027,
    -0.5386327219147555,
    -0.5047677984090283,
    -0.5114929006441968,
    -0.4946816770402112,
    -0.5144438864784493,
    -0.5026321423989043,
    -0.5167935875276953,
    -0.5272888376610217,
    -0.5491951750840898,
    -0.550015487821759,
    -0.5889734993484963,
    -0.5718400100951018,
    -0.6136024045343202,
    -0.6017944007240866,
    -0.6329153621479862,
    -0.6223348652906103,
    -0.6409910320519809,
    -0.6088373657107233,
    -0.6194414182564904,
    -0.5779419362926783,
    -0.58024737051287,
    -0.5174982487523521,
    -0.4543194475616356,
    -0.3840573937109881,
    -0.3087629649890944,
    -0.23378407524679257,
    -0.15668732847228348,
    -0.08041414663722656,
    -0.004289233859739325,
    0.07259911292174626,
    0.14973215756290925,
    0.22805085644174364,
    0.30601486343956,
    0.38284588713082235,
    0.4579294633097075,
    0.5286121243504793,
    0.5945051394374898,
    0.6427512813211212
  ],
  "amplitudes": [
    0.8440719176676041,
    0.8341155566315036,
    0.825120848611924,
    0.8152069280012877,
    0.8052313577097386,
    0.7950589675245123,
    0.7850941005915819,
    0.7753122607607419,
    0.7684983406948814,
    0.7718534929798434,
    0.7774376243394375,
    0.7686763481678763,
    0.7765019600327803,
    0.7847209881916031,
    0.794518440639228,
    0.8018316772185142,
    0.8091790948178154,
    0.8185166986727902,
    0.8187141823814876,
    0.8217218876924822,
    0.827261105192063,
    0.8338078677947107,
    0.8400804604321238,
    0.8475373240676694,
    0.8524433636442392,
    0.860112566260128,
    0.8541880272629403,
    0.8649858321091044,
    0.8580636775884559,
    0.860566532441821,
    0.8672884067853959,
    0.874621691592941,
    0.8848360059104247,
    0.8917859000128449,
    0.899735858322498,
    0.9015045013498851,
    0.9106179111010705,
    0.9078703304586512,
    0.9139405624302402,
    0.9149680368146825,
    0.9254847477599337,
    0.9205355410317034,
    0.9160660512297081,
    0.91272427188451,
    0.9062733555060536,
    0.9000139190115208,
    0.8911677163540509,
    0.8833504922694037,
    0.8744680108183438,
    0.8704815448331887,
    0.8811218059494857,
    0.8872971560179045,
    0.8940219710374011,
    0.9035321332563567,
    0.9085996565710296,
    0.9046377331815469,
    0.900863737232528,
    0.9074082105707908,
    0.9162765838977229,
    0.9236300419157004,
    0.9278125565203279,
    0.918628767581049,
    0.9160099637069382,
    0.9124679272068781,
    0.9180077072242849,
    0.9260555154677494,
    0.9283028690682462,
    0.930322478246055,
    0.9349493651347752,
    0.9319377908360275,
    0.9220492797134974,
    0.914811222545866,
    0.9056093856472105,
    0.8998598809576916,
    0.8938821257783346,
    0.8889268740846545,
    0.8840315187058653,
    0.8750883113121233,
    0.8710475420283453,
    0.8611676889148189,
    0.8510789978743306,
    0.8413182951074741,
    0.8313789131163484,
    0.8218547753077086,
    0.8119964189182202,
    0.8020119437998409,
    0.7920814077608799,
    0.7822771577652309,
    0.7755776281914211,
    0.7699820861109389,
    0.7704472015079317,
    0.7763877682569063,
    0.7787589729357396,
    0.7878901226888501,
    0.7972145005570158,
    0.8070299652568653,
    0.8163366521471626,
    0.8244915960989018,
    0.832720408810735,
    0.8424010720790343
  ],