{
  "ctrl_x": [
    0.5593077648909414,
    0.6053222525089146,
    0.6331495953026283,
    0.652884503529564,
    0.677240117259714,
    0.7030143438249998,
    0.7260625939854697,
    0.7463602057396568,
    0.7524241675133969,
    0.7566742637380218,
    0.7630297775837969,
    0.7528069653845063,
    0.7468834322312166,
    0.7339684805428239,
    0.710048051170892,
    0.6808561027523262,
    0.6464508126686901,
    0.612341485120811,
    0.5988458887117983,
    0.6242534234090198,
    0.6177556787458497,
    0.6040610236926932,
    0.6141203660801839,
    0.5950448713525506,
    0.633184502759335,
    0.6314368845373662,
    0.6734979633605133,
    0.6798353603978514,
    0.7055230531029487,
    0.7137005064240995,
    0.7211338619298501,
    0.7504907410288439,
    0.7548638562442128,
    0.7796374802516065,
    0.7662896296674303,
    0.784964824341123,
    0.7771277004626891,
    0.7716069245642823,
    0.7426343721515245,
    0.7444305574123838,
    0.7454985494681224,
    0.7599046023513737,
    0.7849366500758114,
    0.8154128083352362,
    0.8376449498544646,
    0.8519428646688844,
    0.860931460501468,
    0.870416821036798,
    0.8697833088976,
    0.8745514479398939,
    0.8712495541579827,
    0.8764880900167658,
    0.8737497272109754,
    0.8772998836957888,
    0.8622124432467969,
    0.8492169105773356,
    0.8261539997151655,
    0.7924296673827524,
    0.7655569176724152,
    0.7453613609665097,
    0.7267695300371882,
    0.7426526092751303,
    0.7477814333143514,
    0.7690309319915747,
    0.7721092090749467,
    0.7895887277724172,
    0.7786474297198105,
    0.7841652489327475,
    0.7744140326187663,
    0.7625019706248022,
    0.7412750670424572,
    0.726798988241456,
    0.690078457455716,
    0.6931096267768675,
    0.650363368563943,
    0.6468531485854807,
    0.6101539431280099,
    0.6100336012027611,
    0.5816488820650609,
    0.5947038593536127,
    0.573091900209044,
    0.5934775265317935,
    0.590367415261516,
    0.6353107021291866,
    0.6730854011845757,
    0.7032606554569664,
    0.7263271622152079,
    0.7430853295715977,
    0.7633456087504615,
    0.7832215534812614,
    0.7832532767893766,
    0.772210755311765,
    0.7577803498324952,
    0.7456714153513198,
    0.7207313672485275,
    0.7005719093036964,
    0.6716097379545449,
    0.6260742970643759,
    0.5765374405896229,
    0.5262285123706487
  ],
  "ctrl_y": [
    -0.6103025250108338,
    -0.5510069446887642,
    -0.5041617285799668,
    -0.4613343702351467,
    -0.40563071435503384,
    -0.3395666142202295,
    -0.27046769484628336,
    -0.1965617772948616,
    -0.11997527676415291,
    -0.043385706513903555,
    0.03249585206935463,
    0.10734412627265844,
    0.18135782104013365,
    0.2578633232021803,
    0.3271763727767464,
    0.3973306667378733,
    0.46632941275304846,
    0.519928129314133,
    0.5491090036968396,
    0.521099979531656,
    0.5405485309621442,
    0.5681929437615167,
    0.5690270058023816,
    0.6009567370315017,
    0.5667239648466957,
    0.5771212626033605,
    0.5265819652819266,
    0.5235536868747416,
    0.4974278604888427,
    0.4922518793526567,
    0.4941319035826544,
    0.4666738940962332,
    0.4785120555102143,
    0.45631383395982583,
    0.4731744437684458,
    0.45950806322479654,
    0.4875124587948639,
    0.5013898249067217,
    0.5347909626500776,
    0.5293997681648013,
    0.5383465985503901,
    0.5048303117482958,
    0.4689840826200171,
    0.41505492654975046,
    0.35234670899865356,
    0.29615938362429267,
    0.23647831319543652,
    0.14927413600755807,
    0.07845221660832823,
    0.008214907106261316,
    -0.06691615900062459,
    -0.10266905136005443,
    -0.16909081407787444,
    -0.19787583889020405,
    -0.273585033040299,
    -0.33949342440390495,
    -0.408710507473588,
    -0.4751111565097069,
    -0.5255386988595809,
    -0.553594902921697,
    -0.5658767781747531,
    -0.5539550020440607,
    -0.5443523253558193,
    -0.5204444793889382,
    -0.5134651253882873,
    -0.49868992659209843,
    -0.5138578453807696,
    -0.5055553620544506,
    -0.5141275161958475,
    -0.5265107155621056,
    -0.5509153115069477,
    -0.5534452825596708,
    -0.5926020716599832,
    -0.5798095796707423,
    -0.6178298079322072,
    -0.6082230469811527,
    -0.635284113878036,
    -0.6290483049718907,
    -0.6414535011131088,
    -0.6151157493190799,
    -0.6215258899142192,
    -0.5875014026673655,
    -0.5759113923895576,
    -0.5095195484315402,
    -0.439718343782213,
    -0.36860401434280343,
    -0.2952116007215114,
    -0.22025957102675267,
    -0.14504816018642602,
    -0.07545900549872109,
    0.00281292233779754,
    0.07998517348263746,
    0.1559427845097887,
    0.23055793283542866,
    0.30313122287330313,
    0.3686878709682248,
    0.43738562412130283,
    0.5006357838180632,
    0.5648320749264641,
    0.6244294718886038
  ],
  "amplitudes": [
    0.8278250708343521,
    0.8185497434351275,
    0.8093562000730099,
    0.7994295316719946,
    0.7894241273574847,
    0.7807270029380854,
    0.774802984209774,
    0.7718096196634618,
    0.7619292584570194,
    0.7579170541247822,
    0.7637214295024671,
    0.7604216518331588,
    0.7685867033678813,
    0.7779480855964709,
    0.7818008786608839,
    0.7883125594492639,
    0.7970958376497853,
    0.8032977991081851,
    0.812488213064017,
    0.8131651279449784,
    0.820862225314381,
    0.8292966548136093,
    0.8372189423125128,
    0.8457111792488751,
    0.8497638888927589,
    0.8554422779493378,
    0.8549199218704261,
    0.8580702653555894,
    0.8632480841856608,
    0.8669949974459129,
    0.8741855552227329,
    0.8837538547587589,
    0.8937523307563982,
    0.9033586860578635,
    0.9006074898486164,
    0.9095699179400635,
    0.9173853390515029,
    0.9202005230141651,
    0.9151541861528503,
    0.9134774049434708,
    0.9195570387038802,
    0.9123095134518114,
    0.9143695174179725,
    0.9149692016949944,
    0.9087338803846098,
    0.9019517864991154,
    0.892818555078774,
    0.8831241192633162,
    0.8733142359584081,
    0.8745900295524351,
    0.8738155171178185,
    0.8824807680898272,
    0.8899608357713121,
    0.8993386089505702,
    0.9045767339442644,
    0.9145628171011569,
    0.9217237710749807,
    0.9239455550996124,
    0.9285840393820638,
    0.9284561782673055,
    0.9210920029334281,
    0.9264982689421469,
    0.9249305520578037,
    0.9285854998255426,
    0.9272535067220558,
    0.9338854329679294,
    0.9329210604700883,
    0.9330066247008992,
    0.9295397768931521,
    0.9266190095224829,
    0.9235780451437748,
    0.9135307603449146,
    0.9096073288953671,
    0.9036482188378017,
    0.8970430216769913,
    0.8878931640203046,
    0.8808369540729204,
    0.8762663776411932,
    0.8658972318340095,
    0.8555933995715808,
    0.8454163222453628,
    0.8350889010365409,
    0.8247470017445606,
    0.8143892548859918,
    0.8039876735039995,
    0.794005333044679,
    0.7840287212673742,
    0.7750419896066401,
    0.777004174488194,
    0.7868481831639802,
    0.7832583278416989,
    0.7763421144033177,
    0.7736596219481311,
    0.7805016464206763,
    0.781883777819054,
    0.7916639099419077,
    0.8014772762239452,
    0.8016266047754271,
    0.8071125654252743,
    0.8165957461283438
  ],