{
  "ctrl_x": [
    4.809743086752604,
    -9.640665649771782,
    -4.704412367296576,
    4.714290591616049,
    3.9264250706950783,
    3.884063575884533,
    -3.490831280417165,
    4.92096375082548,
    -3.117203727838978,
    0.0956547825030837,
    -0.9722488184353724,
    -0.9056494804611978,
    -3.2199708854445768,
    4.460215312241381,
    -0.986408986321323,
    4.229156150370973,
    6.0484443694036765,
    -3.8919982755584868,
    -0.9198311244061712,
    -5.95697531564959,
    3.269874931655086,
    4.897008796342506,
    1.6469888721179684,
    7.480114388400926,
    5.620272259934375,
    1.0897677060753748,
    5.769167323747657,
    8.868566436944363,
    -0.8049525808187148,
    1.4085702722531481,
    1.4584635709507,
    4.141479712743817,
    5.632035635608185,
    -3.710614104879033,
    3.3483893318885,
    2.2384880877370636,
    2.7427223447242293,
    1.3152253033492658,
    10.422340189840824,
    0.900090700936579,
    3.3076765006014566,
    7.656878115015511,
    12.308313834355072,
    4.982771086864862,
    6.159049750771919,
    10.036245018157919,
    3.3563255985327163,
    7.499717409991917,
    5.131277742598419,
    -0.32394101041880974,
    -0.6826239536072851,
    3.743378476466829,
    7.764603300105122,
    6.2017177985727665,
    7.838089536635887,
    2.1766244157303665,
    6.449108458143965,
    5.374196163740319,
    8.01773272959994,
    6.343251380863297,
    -1.1339748564389753,
    4.1078403735633975,
    4.198865527695782,
    4.513698919480122,
    6.79859683892631,
    2.6071193656692846,
    0.5929906742745271,
    0.5872280679995212,
    5.968164565182441,
    1.0397379723129945,
    -10.109589047215094,
    3.8041384033857115,
    -5.371569699195481,
    1.979859288184027,
    -1.154111970021714,
    0.5502186486708175,
    4.466037006365616,
    4.41786591374481,
    7.221344841976661,
    -6.64268735215597,
    -3.903975031232277,
    6.514599981878972,
    4.773444430288618,
    0.46455630146572857,
    -1.2033441247771632,
    -0.5613328605035188,
    -1.8615415426739954,
    -1.0933480172744123,
    0.5404570844797955,
    -0.5227448838575933,
    -0.15070640283241116,
    -2.3234738500661023,
    -0.7485265512177115,
    -1.243726144347859,
    1.8391150077755685,
    2.0626547633713757,
    0.6440371220505661,
    3.1994862129535466,
    -5.360150008880939,
    0.6346441886349272
  ],
  "ctrl_y": [
    4.006286795792084,
    5.769169769294108,
    5.386940063197225,
    3.170096910112077,
    -1.8706696196916408,
    -4.029506890497051,
    -2.3565752379022498,
    -3.3991756773325212,
    9.438210972726283,
    3.121709960311028,
    2.2892935193607373,
    4.216871771417597,
    -1.4216017538966028,
    2.919007219191676,
    -4.0802222859312405,
    -1.9633896427976996,
    2.7975992252630943,
    -8.247811797508142,
    0.7644111630212195,
    5.699690405076697,
    5.678501370272921,
    4.184613449235219,
    -3.200130756122578,
    2.550065801179395,
    3.6763787303408506,
    -2.471287681997315,
    0.2514671947922078,
    2.2014637482452644,
    4.231972572948604,
    2.504053396511044,
    -1.8175340324187734,
    7.7953511565545,
    0.9136372841373099,
    -1.3757522278961465,
    -2.406729837114146,
    2.0256749155162908,
    1.740014821990116,
    8.595959518911053,
    2.7955263711763103,
    -1.6439234417936874,
    -2.303600493934826,
    -1.1737655187015357,
    3.456372013915588,
    0.15966967524823647,
    1.9978353911564688,
    6.918567343360744,
    6.388256461361503,
    2.1928894947991493,
    -1.1245128906631505,
    1.460038294654992,
    3.468545463968694,
    3.9241650122815765,
    2.2482675709450364,
    3.828887170718979,
    2.6018704482215647,
    13.891906360032005,
    2.2796573895449725,
    1.12396694456512,
    -0.6246442651331909,
    3.933347099554513,
    -1.6434707438507328,
    -1.3877997680007983,
    -1.944815373809384,
    7.522898212177817,
    11.60326715108661,
    -5.870304161370178,
    0.8430322255131627,
    2.5900902593805433,
    5.328067853067088,
    3.721052300678403,
    3.727975440564446,
    -0.9098107143632712,
    0.3604018204650233,
    -0.39244160696925295,
    -0.4507536328701565,
    -5.445743832934986,
    -5.7144093896871455,
    0.8232098430225283,
    1.7953530813284198,
    -0.7619678276742718,
    -1.1154137404702624,
    1.0260945179860637,
    10.525089164877743,
    0.6229945432202819,
    0.3759489211193526,
    0.4527991183763444,
    -0.7372146227758957,
    -1.0005068763505178,
    -0.9036499310287485,
    -2.3299810119195024,
    11.119383730242772,
    -3.7392948181099466,
    1.6149105114083517,
    -1.269086150418819,
    -9.609855889047543,
    -3.7824139283279057,
    3.1085553403521713,
    0.5967017141063718,
    -2.014303270665022,
    1.6987807183409567
  ],
  "amplitudes": [
    6.259709454176166,
    11.235023542370822,
    7.151966090946761,
    5.681025453358023,
    4.349277947179292,
    5.596684343615974,
    4.21181076025894,
    5.980825989970565,
    9.939657209710203,
    3.123175133373214,
    2.4871937163671123,
    4.313027766898587,
    3.519824434512697,
    5.330490012864258,
    4.197763284286695,
    4.662688133862901,
    6.664100893216106,
    9.119980812702662,
    1.1959990483180891,
    8.244514881118349,
    6.552668149758371,
    6.441403951855229,
    3.5990844948628364,
    7.902844225587852,
    6.715893153162166,
    2.7008991947861447,
    5.774645215028744,
    9.13771926036985,
    4.30784638950322,
    2.8730390920510986,
    2.3303531806983067,
    8.82719399724874,
    5.705660214885416,
    3.9574425110023315,
    4.123597898287392,
    3.0189713119360158,
    3.2481036684494646,
    8.695995495015376,
    10.790743381468834,
    1.8742058457894386,
    4.030793850879485,
    7.7463222216156336,
    12.784408353285471,
    4.985328686184123,
    6.474970276583589,
    12.189864156302866,
    7.216283124953801,
    7.813739537899656,
    5.253050591128313,
    1.4955432458107711,
    3.535078937966767,
    5.423278847864084,
    8.083549435648084,
    7.288462157357382,
    8.258654697567254,
    14.06139239773399,
    6.840163573965978,
    5.490472301982427,
    8.042028262898725,
    7.4637830546176795,
    1.996721077398913,
    4.335935969400441,
    4.627394359450825,
    8.773110933215436,
    13.448298314572904,
    6.423203432388534,
    1.030699409639025,
    2.6558246093415923,
    8.00045594475629,
    3.863584511234816,
    10.77504485322558,
    3.911422315230637,
    5.383646580665333,
    2.0183788583636053,
    1.2390130253121012,
    5.4734693253269056,
    7.25258307192491,
    4.493908507911287,
    7.441176923940082,
    6.686246348206409,
    4.060193204382634,
    6.594913409874201,
    11.556957802885684,
    0.7771323941991896,
    1.2607040389903263,
    0.7211945797657229,
    2.0022043639787834,
    1.482033702890241,
    1.0529373476198205,
    2.3879015326233026,
    11.120404981844967,
    4.4023694152904636,
    1.779951672865043,
    1.7769170997317933,
    9.784256446970668,
    4.308271091524716,
    3.1745708558183385,
    3.254652817505626,
    5.72613532706992,
    1.8134577952560964
  ],