{
  "ctrl_x": [
    1.0,
    1.0,
    1.0,
    1.0,
    1.0,
    1.0,
    1.0,
    1.0,
    1.0,
    1.0,
    1.0,
    1.0,
    1.0,
    1.0,
    1.0,
    1.0,
    1.0,
    1.0,
    1.0,
    1.0,
    1.0,
    1.0,
    1.0,
    1.0,
    1.0,
    1.0,
    1.0,
    1.0,
    1.0,
    1.0,
    1.0,
    1.0,
    1.0,
    1.0,
    1.0,
    0.9844022977287096,
    0.9650695204305278,
    0.941536415028947,
    0.934896651084291,
    0.952645645710223,
    0.971380957835175,
    0.9953032624140162,
    0.9995627582759106,
    1.0,
    1.0,
    1.0,
    1.0,
    1.0,
    1.0,
    1.0,
    1.0,
    1.0,
    1.0,
    1.0,
    1.0,
    1.0,
    1.0,
    0.9997127147923103,
    0.9977864654482616,
    0.9773677369379967,
    0.9420713229269627,
    0.9335339256948527,
    0.939782029979244,
    0.9638211087610807,
    0.9838425347579853,
    1.0,
    1.0,
    1.0,
    1.0,
    1.0,
    1.0,
    1.0,
    1.0,
    1.0,
    1.0,
    1.0,
    1.0,
    1.0,
    1.0,
    1.0,
    1.0,
    1.0,
    1.0,
    1.0,
    1.0,
    1.0,
    1.0,
    1.0,
    1.0,
    1.0,
    1.0,
    1.0,
    1.0,
    1.0,
    1.0,
    1.0,
    1.0,
    1.0,
    1.0,
    1.0
  ],
  "ctrl_y": [
    -0.3417673798368075,
    -0.30383367711162984,
    -0.2575817231011448,
    -0.18976475752276226,
    -0.0860512875341588,
    0.018378689522207066,
    0.12462159436281045,
    0.23131873008762718,
    0.32175666577187206,
    0.3959636576611309,
    0.4622872400388196,
    0.5237254555094777,
    0.5806284757159337,
    0.6330544306302552,
    0.6817600457566043,
    0.7273284125812198,
    0.7701302293476812,
    0.8101005363590594,
    0.8470483355325927,
    0.8810395537151695,
    0.9120910959691899,
    0.9397620079782834,
    0.9636517321047644,
    0.9837193704725515,
    1.0,
    1.0,
    1.0,
    1.0,
    1.0,
    1.0,
    1.0,
    1.0,
    1.0,
    1.0,
    1.0,
    1.0,
    1.0,
    1.0,
    0.97961415201718,
    0.9306409971033406,
    0.8734302941035593,
    0.801434924196636,
    0.7444212902101737,
    0.6840540995380848,
    0.6153279514417775,
    0.5365742898337483,
    0.44218463241932277,
    0.32454237325249063,
    0.19935710753787372,
    0.06869593369027169,
    -0.06198802127593983,
    -0.19292408895832347,
    -0.3180633338945812,
    -0.43624727072174796,
    -0.5326284953722276,
    -0.6142217487063792,
    -0.6835530662288093,
    -0.7430991415375716,
    -0.797509827012731,
    -0.8656045502028922,
    -0.9400021296671617,
    -0.979554458944632,
    -1.0,
    -1.0,
    -1.0,
    -1.0,
    -1.0,
    -1.0,
    -1.0,
    -1.0,
    -1.0,
    -1.0,
    -1.0,
    -1.0,
    -1.0,
    -1.0,
    -0.9858981219712476,
    -0.9675749542110592,
    -0.9450424347652612,
    -0.9190326099072011,
    -0.889695716182757,
    -0.85667157078714,
    -0.8199484430497618,
    -0.7805991484364431,
    -0.7388058231196908,
    -0.6934431031082515,
    -0.6451381249970889,
    -0.5938769436001542,
    -0.5391296197499341,
    -0.47911271625282686,
    -0.41316360083935055,
    -0.33912304260315157,
    -0.2457915774864107,
    -0.13798002587591127,
    -0.029670308401161333,
    0.07622232354430872,
    0.18084018626674372,
    0.2507118376775117,
    0.29898352285437774,
    0.33473889956568337
  ],
  "amplitudes": [
    1.0567899232678728,
    1.0451387005307833,
    1.0326414402278048,
    1.0178460901323307,
    1.0036955833749028,
    1.0001688738550873,
    1.0077353530473805,
    1.0264055508858827,
    1.0504891013088296,
    1.0755404307548746,
    1.1016848425492243,
    1.1288438123799989,
    1.1563431267630766,
    1.1835361896201555,
    1.2102878831046964,
    1.2365300723184687,
    1.2621808785412303,
    1.2869587712934847,
    1.3105307637474732,
    1.3327530510978487,
    1.3534807598729572,
    1.3722800849824262,
    1.3887493153152273,
    1.4027486588277007,
    1.4142135623730951,
    1.4142135623730951,
    1.4142135623730951,
    1.4142135623730951,
    1.4142135623730951,
    1.4142135623730951,
    1.4142135623730951,
    1.4142135623730951,
    1.4142135623730951,
    1.4142135623730951,
    1.4142135623730951,
    1.4032276664082572,
    1.3897334921717936,
    1.3734958393914274,
    1.354132798155691,
    1.3317756536970284,
    1.3063159816455634,
    1.2778601339325255,
    1.2463100597565302,
    1.2115816155318881,
    1.1741501129862122,
    1.1348620922872485,
    1.0934016870061118,
    1.051345686268964,
    1.019678016005968,
    1.0023567884269444,
    1.0019194153132807,
    1.018439838233167,
    1.049363752169921,
    1.0910140609598824,
    1.133001815568926,
    1.1735707718684556,
    1.211298804734326,
    1.2456411386395712,
    1.27734089217155,
    1.3055722617071996,
    1.3308277053248316,
    1.3531491153829105,
    1.3722937964852528,
    1.3888668509592412,
    1.402835034207165,
    1.4142135623730951,
    1.4142135623730951,
    1.4142135623730951,
    1.4142135623730951,
    1.4142135623730951,
    1.4142135623730951,
    1.4142135623730951,
    1.4142135623730951,
    1.4142135623730951,
    1.4142135623730951,
    1.4142135623730951,
    1.4042774323140115,
    1.3914745028265998,
    1.3759015965929586,
    1.3581682289292596,
    1.3384911159189472,
    1.3167711191376068,
    1.2931803622309335,
    1.2685956923069304,
    1.2433157460096627,
    1.2169072837518893,
    1.1900433606910126,
    1.1630519438700322,
    1.1360725095220412,
    1.1088503031857644,
    1.081990832243295,
    1.0559377055605217,
    1.029763807658464,
    1.0094743620026798,
    1.0004400667709286,
    1.0029007142317194,
    1.016220041609587,
    1.0309492836951948,
    1.04373902242774,
    1.05453787550872
  ],
  "phases": [
    5.953863413084687,
    5.988215099353537,
    6.031083732153893,
    6.095650416569575,
    6.197345479160715,
    0.01837662064667021,
    0.12398239319883844,
    0.22732050084668995,
    0.31129562323368615,
    0.37702193593795985,
    0.43302488536746525,
    0.4824473245573554,
    0.5260539404339859,
    0.5643703103384925,
    0.5983792057279106,
    0.628832706652483,
    0.6562604689799566,
    0.680869532626692,
    0.7027779730396062,
    0.7222404110099808,
    0.7394552456037693,
    0.7543538192719815,
    0.7668897300061486,
    0.7771912243277811,
    0.7853981633974483,
    0.7853981633974483,
    0.7853981633974483,
    0.7853981633974483,
    0.7853981633974483,
    0.7853981633974483,
    0.7853981633974483,
    0.7853981633974483,
    0.7853981633974483,
    0.7853981633974483,
    0.7853981633974483,
    0.7932581528169739,
    0.8031719881127517,
    0.8155010879797268,
    0.8087510593711842,
    0.7737145211780104,
    0.7323527503881817,
    0.6779138427265435,
    0.6401306547736884,
    0.5999436583384521,
    0.5516138818910262,
    0.492477165929483,
    0.41633568830634254,
    0.3138179356793818,
    0.1967773176644337,
    0.06858817692668741,
    6.221276499984271,
    6.092602673382272,
    5.97524012157429,
    5.871826820244985,
    5.793776890795833,
    5.732374215125331,
    5.683583048155227,
    5.6439778363470685,
    5.608884117856267,
    5.558355869475308,
    5.4988865654987835,
    5.473736159126496,
    5.466753431721524,
    5.479366525467633,
    5.489642793757657,
    5.497787143782138,
    5.497787143782138,
    5.497787143782138,
    5.497787143782138,
    5.497787143782138,
    5.497787143782138,
    5.497787143782138,
    5.497787143782138,
    5.497787143782138,
    5.497787143782138,
    5.497787143782138,
    5.5048880322184965,
    5.51426535258469,
    5.52603482928927,
    5.539953908609122,
    5.556092436605481,
    5.5748307810496724,
    5.596398486321662,
    5.620386609484774,
    5.646887050090635,
    5.676873513655555,
    5.71023552146408,
    5.747280218675707,
    5.788726166473272,
    5.836386715985313,
    5.891382756275755,
    5.956233096259939,
    6.042171417532936,
    6.14607105645354,
    6.253523700709072,
    0.07607522275001907,
    0.1789066374008185,
    0.245648515705187,
    0.2905239859417509,
    0.32301503014022764
  ],