{
  "ctrl_x": [
    1.6251498354975684,
    1.8538770952741748,
    8.790482162235266,
    10.165209669447155,
    3.1496301781922917,
    -0.5496453306517504,
    -4.551986476837178,
    -2.703211937715281,
    -3.8548986255346813
  ],
  "ctrl_y": [
    0.5809216346422962,
    -2.6536643742532955,
    -3.790262263845313,
    1.3432690498665776,
    8.57472396244894,
    8.181004494256817,
    5.158164706417004,
    4.8187331383966905,
    2.091393762796165
  ],
  "amplitudes": [
    1.725856869329914,
    3.237096676894798,
    9.572808609457633,
    10.253577881117955,
    9.13488156965243,
    8.199447818271514,
    6.879479923935716,
    5.525173647885542,
    4.385677973154421
  ],
  "phases": [
    0.34330276449715025,
    5.32218160827356,
    5.876093521646035,
    0.1313825581164475,
    1.2187795944440025,
    1.6378810654966482,
    2.2938481275361906,
    2.082030224015496,
    2.6445035311421132
  ],
  "target_theta": 0.0,
  "optimized_theta": 1.5270234912193534,
  "fid_err": 0.3999382630999342,
  "probe_fidelity": 0.6000617369000658,
  "phase_gate_fidelity": 0.6000617369000658,
  "fidelity_metric": "paper_eq7_special_state_phase_gate_fidelity",
  "objective": 0.3999382630999342,
  "num_iter": 30,
  "num_fid_func_calls": 34,
  "wall_time": 0.19235433399990143,
  "termination_reason": "STOP: TOTAL NO. OF ITERATIONS REACHED LIMIT",
  "evo_time": 5.6548667764616285,
  "num_tslots": 9,
  "control_smoothness_cost": 30.121551921316886,
  "control_curvature_cost": 46.67587151163727,
  "success": false,
  "gate_time_ns": 90.0,
  "gate_time_us": 0.09,
  "slot_duration_ns": 10.0,
  "slot_midpoints_ns": [
    5.0,
    15.0,
    25.0,
    35.0,
    45.0,
    55.0,
    65.0,
    75.0,
    85.0
  ],
  "omega_max_hz": 10000000.0,
  "omega_max_mhz": 10.0,
  "effective_rabi_hz_reference": 10000000.0,
  "effective_rabi_sequence_hz": [
    438715.66102464247,
    822875.3111814957,
    2433423.728000803,
    2606476.399012672,
    2322101.9526189896,
    2084313.1510822903,
    1748775.136554079,
    1404508.2487919072,
    1114846.5699711815
  ],
  "effective_rabi_sequence_mhz": [
    0.4387156610246425,
    0.8228753111814957,
    2.433423728000803,
    2.6064763990126716,
    2.3221019526189894,
    2.0843131510822905,
    1.748775136554079,
    1.4045082487919072,
    1.1148465699711814
  ],
  "effective_rabi_fraction": [
    0.043871566102464246,
    0.08228753111814957,
    0.2433423728000803,
    0.26064763990126716,
    0.23221019526189896,
    0.20843131510822904,
    0.17487751365540788,
    0.14045082487919072,
    0.11148465699711815
  ],
  "dimensionless_gate_time": 5.6548667764616285,
  "physical_time_from_dimensionless_ns": 90.00000000000001,
  "scan_stage": "coarse",
  "ensemble_size": 2,
  "omega_mode": "yb171_default_10mhz",
  "wall_clock_scan_s": 0.5161188329998367
}