{
  "stage_name": "zero_baseline",
  "gate_time_ns": 100.0,
  "omega_max_hz": 15000000.0,
  "omega_max_mhz": 15.0,
  "num_tslots": 200,
  "target_dimensionless_time": 9.42477796076938,
  "probe_fidelity": 0.6000000000000001,
  "fid_err": 0.3999999999999999,
  "optimized_theta": 1.5707963269350562,
  "success": true
}