{
  "validation_basis": {
    "time_evolution_reference": "qutip_liouvillian_slice_propagation",
    "optimization_reference": "piecewise_constant_grape_with_exact_frechet_gradient",
    "fidelity_metric": "paper_eq7_special_state_phase_gate_fidelity",
    "caveat": "Current objective follows the paper Eq.(7) special-state formula on the active {|01>, |11>} manifold, using the effective non-Hermitian generator inside the optimizer; reduced-channel checks remain diagnostics only."
  },
  "checks": {
    "dynamics_vs_mesolve": {
      "gate_time_ns": 136.0,
      "omega_max_mhz": 15.0,
      "num_tslots": 3,
      "max_final_state_frobenius_error": 0.0,
      "max_trajectory_state_frobenius_error": 0.0,
      "max_trace_error": 1.978417429882029e-13,
      "min_state_eigenvalue": 0.0,
      "passed": true
    },
    "reduced_channel_consistency_diagnostic": {
      "max_active_superoperator_abs_error": 3.342213888644167e-16,
      "passed": true
    },
    "special_state_phase_gate_metric": {
      "gate_time_ns": 136.0,
      "fidelity_from_optimizer": 0.4898506933925155,
      "fidelity_from_model": 0.4898506933925155,
      "theta_gradient": 0.1990765286389656,
      "theta_model_opt": 4.708168190811434,
      "theta_optimizer_opt": 4.708168190811434,
      "theta_wrapped_error": 0.0,
      "optimized_fidelity_model": 0.5989379417356073,
      "optimized_fidelity_optimizer": 0.5989379417356073,
      "passed": true
    },
    "gradient_finite_difference": {
      "objective": 0.48274417184103025,
      "directional_derivative_analytic": -0.12421632709716747,
      "directional_derivative_finite_difference": -0.1242154168412668,
      "abs_error": 9.102559006685107e-07,
      "rel_error": 7.328042877573839e-06,
      "passed": true
    },
    "optimization_progress": {
      "gate_time_ns": 100.0,
      "initial_phase_gate_fidelity": 0.4347686104135944,
      "optimized_phase_gate_fidelity": 0.43751265866225025,
      "initial_objective": 0.5652313895864056,
      "optimized_objective": 0.5624873413377498,
      "improvement": 0.0027440482486558726,
      "optimizer_success": false,
      "passed": true,
      "optimized_result": {
        "ctrl_x": [
          2.273926923206865,
          7.988584772837844,
          1.738529088905114
        ],
        "ctrl_y": [
          3.3867959531691736,
          7.082310722269798,
          0.1655126437658676
        ],
        "amplitudes": [
          4.079354174435965,
          10.675982944890574,
          1.7463899416269015
        ],
        "phases": [
          0.9795174179062132,
          0.7253364357455888,
          0.09491661801623508
        ],
        "target_theta": 0.0,
        "optimized_theta": 1.5331616020111651,
        "fid_err": 0.5624873413377498,
        "probe_fidelity": 0.43751265866225025,
        "phase_gate_fidelity": 0.43751265866225025,
        "fidelity_metric": "paper_eq7_special_state_phase_gate_fidelity",
        "objective": 0.5624873413377498,
        "num_iter": 1,
        "num_fid_func_calls": 2,
        "wall_time": 0.5120566320001672,
        "termination_reason": "STOP: TOTAL NO. OF ITERATIONS REACHED LIMIT",
        "evo_time": 9.42477796076938,
        "num_tslots": 3,
        "control_smoothness_cost": 66.60971772902265,
        "control_curvature_cost": 255.7755539156753,
        "success": false,
        "gate_time_ns": 100.0,
        "gate_time_us": 0.1,
        "slot_duration_ns": 33.333333333333336,
        "slot_midpoints_ns": [
          16.666666666666668,
          50.0,
          83.33333333333334
        ],
        "omega_max_hz": 15000000.0,
        "omega_max_mhz": 15.0,
        "effective_rabi_hz_reference": 15000000.0,
        "effective_rabi_sequence_hz": [
          1905051.2512106341,
          4985665.327742539,
          815561.04254125
        ],
        "effective_rabi_sequence_mhz": [
          1.9050512512106341,
          4.98566532774254,
          0.8155610425412501
        ],
        "effective_rabi_fraction": [
          0.1270034167473756,
          0.3323776885161693,
          0.054370736169416664
        ],
        "dimensionless_gate_time": 9.42477796076938,
        "physical_time_from_dimensionless_ns": 100.00000000000001
      }
    },
    "physical_sanity": {
      "gate_time_ns": 136.0,
      "omega_max_mhz": 15.0,
      "detuning_over_one_photon_rabi": 16.1245154965971,
      "blockade_over_omega_max": 10.666666666666666,
      "gate_over_t2_star": 0.04,
      "gate_over_rydberg_lifetime": 0.002428571428571429,
      "passed": true
    }
  },
  "all_passed": true
}