{
  "durations": [
    10.0,
    9.0,
    8.0,
    7.5
  ],
  "fidelities": [
    0.3922259347263205,
    0.39299339896024515,
    0.3939730930270525,
    0.3945381879136273
  ],
  "best_duration": null,
  "best_fidelity": 0.3945381879136273,
  "target_reached": false
}