{
  "ctrl_x": [
    4.995979921778746,
    -10.021286045888548,
    -4.741948833020022,
    4.945492106793636,
    3.7214342893587458,
    4.176482592583431,
    -4.060887953047075,
    5.4913516615202544,
    -3.5651644383462986,
    0.28917930582783485,
    -1.0849417824842214,
    -0.7615009673619468,
    -3.5873250801734864,
    4.9077624278774,
    -1.3658998232942803,
    4.280564871972129,
    6.369249767845643,
    -4.349850710282827,
    -0.5071657118308421,
    -6.402119084481147,
    3.5097345416914196,
    5.0067275028134945,
    1.3526337725100877,
    7.697032572295051,
    5.687908602378355,
    0.8761980105410924,
    5.771470241818723,
    9.231946703478123,
    -1.1768826035250397,
    1.5995958681966251,
    1.3856050076703046,
    4.10034720939866,
    6.011559219121065,
    -4.206806467405216,
    3.7043565628844872,
    2.117780788870282,
    2.926861587349086,
    0.9256265759302655,
    11.034594066605525,
    0.5187622640619423,
    3.4169535367211337,
    7.575146135396481,
    12.661364734685474,
    4.755371815261119,
    6.112089032640595,
    10.403701175642231,
    3.0082952644058056,
    7.73755558657471,
    5.204638846557048,
    -0.3812738006184486,
    -0.7063643181643624,
    3.7706605380950102,
    7.939898160465483,
    6.046488779018489,
    8.14455103132314,
    1.8833448331332077,
    6.719020740711634,
    5.2396363273460205,
    8.11681411944342,
    6.5697552442353375,
    -1.4650023673123191,
    4.36103794436154,
    4.191206380324117,
    4.447519855329329,
    6.99709561092765,
    2.544122858460114,
    0.6518938322761871,
    0.4293196940327491,
    6.184929799771772,
    1.3344283604513847,
    -10.875759161660607,
    4.6856828265047605,
    -6.011080808462945,
    2.4198226463145835,
    -1.3194827811564023,
    0.5316182579957616,
    4.614674160451154,
    4.179710376289816,
    7.752132341832341,
    -7.05483338406291,
    -4.005629257757881,
    6.811225512859459,
    4.744873679667563,
    0.4194788781048182,
    -1.2426647399581625,
    -0.48188425780617594,
    -1.913349019178752,
    -1.1179602585120731,
    0.6150418586309805,
    -0.6058288823580911,
    -0.05420179960634477,
    -2.4527258068337625,
    -0.6457741727354342,
    -1.3730566598292226,
    1.9031937985339396,
    2.0989489453600596,
    0.428048336868459,
    3.5820460386112707,
    -5.776414274689262,
    0.7636564915043692
  ],
  "ctrl_y": [
    3.9974213190062624,
    5.815173696893978,
    5.397502302862416,
    3.2561432519890294,
    -1.8983637609966184,
    -4.09390121888127,
    -2.1114324657979004,
    -3.8646892085080107,
    10.034602690953905,
    2.8836831465093713,
    2.2436981735473625,
    4.517123544114552,
    -1.7758646913751448,
    3.3553884060389416,
    -4.3154517487999176,
    -2.0525898784509176,
    3.3560456582717335,
    -8.811950176914422,
    1.022647852783698,
    5.777288250330489,
    5.640440382039527,
    4.44610533279583,
    -3.532543732201444,
    2.728300115390394,
    3.8906068652846364,
    -2.6946155342632325,
    0.382364056289719,
    2.1871139738037257,
    4.310730431479365,
    2.686387318217064,
    -2.250629803701278,
    8.334081650737444,
    0.6990192597041934,
    -1.2736647790453612,
    -2.5343168656577233,
    2.267684693609879,
    1.456845380770524,
    8.960296786631513,
    2.7054211325269972,
    -1.6697018838748237,
    -2.254060078068976,
    -1.2871129920092614,
    3.7137077633215347,
    0.0257397428558227,
    1.9510970496165372,
    7.0374758180629975,
    6.432036996564959,
    2.20785778063169,
    -1.2345424029894807,
    1.5188818901690582,
    3.478095819144106,
    3.9917542162413224,
    2.131668843490692,
    4.042578183281195,
    2.1040122867309186,
    14.576308825329674,
    1.838235342972547,
    1.298800455759759,
    -0.8683412838814087,
    4.248256869293502,
    -1.8804314877668038,
    -1.233884991161804,
    -2.2126995711157633,
    7.508050497303473,
    12.203884584618073,
    -6.625235101842988,
    1.166347103178289,
    2.4531659826637573,
    5.429736001393385,
    3.5821981758980375,
    3.8735212173259588,
    -1.1174166691023808,
    0.44289742975096813,
    -0.4986980834114163,
    -0.3271167798728493,
    -5.552243388780075,
    -5.886709498321806,
    0.9372176412137031,
    1.8073534335873336,
    -0.8481488796161802,
    -1.1001493337870007,
    0.6859143701529589,
    11.050378092187515,
    0.21818837941464206,
    0.42311938358335277,
    0.4529794459486048,
    -0.7922414457360801,
    -1.0531434351844735,
    -0.75148354174936,
    -2.9475227670858777,
    11.997343089634375,
    -4.520597676974529,
    1.8974342341968617,
    -1.1447367834260798,
    -9.962655647433596,
    -3.787460521235203,
    3.2759847993932887,
    0.5456314626868927,
    -2.166553570786589,
    1.7396333913844784
  ],
  "amplitudes": [
    6.398374213850119,
    11.586303083320757,
    7.184644030457252,
    5.921179025821787,
    4.177661802860574,
    5.848336005746418,
    4.57700317072517,
    6.714965803996289,
    10.649114922741159,
    2.8981465042991283,
    2.4922440019708763,
    4.580861145689443,
    4.002823582537038,
    5.9451462054238515,
    4.526456243408923,
    4.74724771128292,
    7.19933226525949,
    9.827088435654282,
    1.141501506814596,
    8.62346730145621,
    6.643252535955869,
    6.695907176607556,
    3.782655593951236,
    8.166267932085637,
    6.891235451587011,
    2.833491808911558,
    5.78412232095254,
    9.487481618968655,
    4.468495218231988,
    3.126561012523054,
    2.6429596573896994,
    9.288151818245755,
    6.052063463847423,
    4.395388790947056,
    4.488320345133863,
    3.1028034645044094,
    3.2693909547455506,
    9.007979965707484,
    11.361407030781422,
    1.7484332036511454,
    4.093453103145971,
    7.683716472307609,
    13.194763442217962,
    4.755441476429094,
    6.415949815884457,
    12.560376747609165,
    7.100770403486284,
    8.046390646422122,
    5.349052296236196,
    1.5660050789577815,
    3.549098628824439,
    5.491082098860599,
    8.2210701771042,
    7.273408067937449,
    8.411930765558017,
    14.697474842022125,
    6.965942067679468,
    5.398210024325272,
    8.163129794073402,
    7.8236417605011255,
    2.3837479976741616,
    4.5322316935010605,
    4.73943565358635,
    8.726468651958108,
    14.067485416489388,
    7.096921957696289,
    1.3361628394967884,
    2.4904495052465956,
    8.230151254559804,
    3.822674825378716,
    11.544968772739015,
    4.817078322280997,
    6.027375101912237,
    2.4706763078183944,
    1.3594264222246883,
    5.57763611402595,
    7.4798774271219,
    4.283498072448141,
    7.9600302938608785,
    7.105633722538948,
    4.153961278976723,
    6.845675387440594,
    12.026000258452507,
    0.4728305172973343,
    1.3127245212531242,
    0.661364359769495,
    2.0708816908588203,
    1.5358861398829455,
    0.971083931176092,
    3.009139261846956,
    11.997465525913306,
    5.143118435402381,
    2.0043155827549626,
    1.7876540197784552,
    10.142812932521164,
    4.330178272905555,
    3.3038313795579426,
    3.623364115818963,
    6.169352984545624,
    1.8998672515301231
  ],