{
  "ctrl_x": [
    21.763311620293706,
    3.436842160576427,
    -13.122167104533478,
    -14.124088763491285,
    -12.660252690784766,
    2.493013920814534,
    7.550887880446259,
    10.657264089805013,
    -8.050625134799066,
    -21.942816886107092,
    -34.56204699204127,
    -35.34034370891841,
    -38.20344256371227,
    -38.75937271084465,
    -25.74713930880888,
    -6.686644474111081,
    4.144891383935232,
    -2.169893737173452,
    -9.137225562195216,
    -17.064004599324768,
    -5.437239884905994
  ],
  "ctrl_y": [
    -9.481588530686961,
    -15.133340843014974,
    -17.32813714285281,
    -11.99182414160994,
    -10.95026287746542,
    -17.637321920729484,
    -26.678479420197267,
    -37.95885160808552,
    -32.99502074270222,
    -34.93203043804351,
    -38.89810432564742,
    -37.16405985040459,
    -28.89897794763813,
    -12.572846017407382,
    -11.296912516854126,
    -9.295266577243332,
    -13.63812910165162,
    -26.39554098223768,
    -21.587044932556218,
    -6.124194025112153,
    16.74912401164642
  ],
  "amplitudes": [
    23.739044920705332,
    15.518694826163083,
    21.736043944582367,
    18.528187435426048,
    16.7388845291471,
    17.812642783843724,
    27.72647060043812,
    39.426535395397146,
    33.96297924023169,
    41.25207829214941,
    52.03458092854231,
    51.284571149897936,
    47.902546384685415,
    40.74758189040922,
    28.116461637280512,
    11.450467023889342,
    14.254076258317737,
    26.484580845760302,
    23.441190240570865,
    18.129699540339775,
    17.609563672150518
  ],
  "phases": [
    5.872313188782032,
    4.935705130681474,
    4.06424803188415,
    3.8455253316523206,
    3.8546921270226093,
    4.852807527406478,
    4.98820788713524,
    4.986100751523619,
    4.473069874026347,
    4.1515223252075355,
    3.985948388583103,
    3.9521386919701564,
    3.7892087289361314,
    3.455265565511474,
    3.555063360626497,
    4.088787444660278,
    5.0074376222499195,
    4.630366587174551,
    4.311981543478461,
    3.486170087721501,
    1.8846920116681443
  ],
  "target_theta": 0.0,
  "optimized_theta": 0.23940841209992597,
  "fid_err": 0.0017280116351650054,
  "probe_fidelity": 0.998271988364835,
  "phase_gate_fidelity": 0.998271988364835,
  "fidelity_metric": "paper_eq7_special_state_phase_gate_fidelity",
  "objective": 0.0017280116351650054,
  "num_iter": 30,
  "num_fid_func_calls": 35,
  "wall_time": 0.4641710949999833,
  "termination_reason": "STOP: TOTAL NO. OF ITERATIONS REACHED LIMIT",
  "evo_time": 13.194689145077131,
  "num_tslots": 21,
  "control_smoothness_cost": 210.02197907256965,
  "control_curvature_cost": 188.9054213534792,
  "success": false,
  "gate_time_ns": 210.0,
  "gate_time_us": 0.21,
  "slot_duration_ns": 10.0,
  "slot_midpoints_ns": [
    5.0,
    15.0,
    25.0,
    35.0,
    45.0,
    55.0,
    65.0,
    75.0,
    85.0,
    95.0,
    105.0,
    115.0,
    125.0,
    135.0,
    145.0,
    155.0,
    165.0,
    175.0,
    185.0,
    195.0,
    205.0
  ],
  "omega_max_hz": 10000000.0,
  "omega_max_mhz": 10.0,
  "effective_rabi_hz_reference": 10000000.0,
  "effective_rabi_sequence_hz": [
    6034504.3494392205,
    3944877.8052743413,
    5525338.1996333115,
    4709895.7872893885,
    4255052.039090115,
    4528003.15737885,
    7048114.529957729,
    10000000.0,
    8633445.306231916,
    10000000.0,
    10000000.0,
    10000000.0,
    10000000.0,
    10000000.0,
    7147250.894370398,
    2910727.592014581,
    3623409.68077586,
    6732424.1072318,
    5958789.1987759955,
    4608599.507505207,
    4476380.112438064
  ],
  "effective_rabi_sequence_mhz": [
    6.034504349439221,
    3.9448778052743414,
    5.525338199633311,
    4.709895787289389,
    4.255052039090114,
    4.5280031573788495,
    7.048114529957729,
    10.0,
    8.633445306231916,
    10.0,
    10.0,
    10.0,
    10.0,
    10.0,
    7.147250894370398,
    2.910727592014581,
    3.62340968077586,
    6.7324241072318,
    5.958789198775995,
    4.6085995075052075,
    4.476380112438064
  ],
  "effective_rabi_fraction": [
    0.603450434943922,
    0.3944877805274341,
    0.5525338199633312,
    0.4709895787289388,
    0.4255052039090114,
    0.452800315737885,
    0.704811452995773,
    1.0,
    0.8633445306231916,
    1.0,
    1.0,
    1.0,
    1.0,
    1.0,
    0.7147250894370397,
    0.2910727592014581,
    0.362340968077586,
    0.67324241072318,
    0.5958789198775996,
    0.4608599507505208,
    0.44763801124380637
  ],
  "dimensionless_gate_time": 13.194689145077131,
  "physical_time_from_dimensionless_ns": 210.0,
  "scan_stage": "coarse",
  "ensemble_size": 2,
  "omega_mode": "yb171_default_10mhz",
  "wall_clock_scan_s": 1.8428429249997862
}