{
  "ctrl_x": [
    -3.840975694492235,
    -5.948378883387877,
    -5.806641439441751,
    -5.703516244431661,
    -5.506266102545903,
    -4.584281577306309,
    -4.307342690227318,
    -2.736848467961601,
    -2.0841915976843377,
    -0.2838434428241181,
    1.0388123033682124,
    3.6749436969802916,
    6.059249653516647,
    8.818444910761531,
    12.119710830598612,
    15.308843038995994,
    19.69391353942658,
    21.70948706632258,
    26.000134922268632,
    29.088826536424072,
    33.339662443335236,
    36.27931968314792,
    38.9478352800182,
    41.49358621745374,
    43.40038776564427,
    44.52997164715555,
    45.27396820749353,
    46.55783646739036,
    46.52782992576506,
    46.77663332258377,
    46.528444402558286,
    46.59274171903406,
    46.51152847231346,
    45.76318278634373,
    46.17496759521527,
    45.216428220695725,
    45.59717518394183,
    44.37810984601703,
    44.387194366857535,
    43.51562059923052,
    43.27478393285215,
    42.67310397921126,
    41.55213272062711,
    40.86077931943187,
    39.24570967968745,
    38.250971344055756,
    36.08618072594566,
    34.854814709945565,
    33.27688845517555,
    31.98525475902837,
    30.59352410904296,
    29.111322362776068,
    28.023713244362767,
    26.809299029547393,
    25.972473146377283,
    24.94006683970768,
    24.32870006967578,
    23.96312260149583,
    24.248295984594456,
    24.392464489884418,
    25.252393561023844,
    25.901104583626182,
    27.10214244529609,
    28.276426064725232,
    29.555654056306697,
    31.2977564065124,
    32.30702883953957,
    34.24488845932308,
    35.46017750820364,
    36.602818874096364,
    37.30853661431076,
    38.73113252842627,
    38.86243357278559,
    39.248652240896824,
    39.4939629940225,
    39.04446027280096,
    38.615784574147035,
    37.973400685103655,
    36.82426583983011,
    35.02802604409357,
    33.33611750817424,
    32.7567519624399,
    30.809838235254027,
    29.376457896863243,
    27.50730418544986,
    25.826266681841492,
    24.28662256245078,
    22.608153987466636,
    21.90772999174823,
    20.119432901793047,
    19.226855601692357,
    17.737577226625064,
    17.27753576685624,
    16.32229895944423,
    16.21691770073426,
    16.154124573832828,
    15.755565306690675,
    16.01103001430602,
    15.591261448378008,
    16.816053576935825
  ],
  "ctrl_y": [
    41.904255085226865,
    41.73873735900482,
    41.0114790322826,
    40.86591171158324,
    40.75437835423318,
    41.05014454196329,
    41.536870030892565,
    41.625399216502615,
    43.20956997304708,
    42.67720697751766,
    43.90417934744294,
    43.15247346526376,
    44.06720556819381,
    43.357629413362886,
    43.34319890132319,
    42.68115195638154,
    41.77692044407973,
    39.764369865896775,
    38.53187922113085,
    37.037670461781204,
    34.723211529037236,
    31.30499810206206,
    28.058032938817714,
    25.48599039643437,
    22.07936997344443,
    19.059296666904785,
    16.196039981112957,
    13.80570181673236,
    11.660266677431498,
    9.66594073207193,
    8.256501495581658,
    6.970863356832718,
    6.69138224702853,
    5.898720506766854,
    6.1630352053616155,
    6.039030520306644,
    6.708654513228428,
    7.828078176880797,
    8.80609117087463,
    10.741784044145776,
    11.777558603663485,
    14.261948591780763,
    15.93036225235099,
    18.48577070119812,
    20.2214447552042,
    22.360253368852,
    24.311745662965492,
    25.671448390260956,
    27.562656332660847,
    28.365587009387582,
    29.473371397769522,
    30.008497693627387,
    31.140208447953093,
    31.776844096311176,
    32.60145596616784,
    32.74216775113537,
    33.332468680999966,
    33.52272377816432,
    33.61956287856861,
    33.56056055215598,
    33.077992965892214,
    32.78842419218351,
    31.68232321017279,
    31.136793107862083,
    29.6450151461708,
    27.98083617220454,
    26.205055876074532,
    23.66899923654507,
    21.79841710931482,
    18.159486783974522,
    16.37051331239832,
    12.49669276274975,
    9.4265789722067,
    6.444350455754749,
    2.831843095471969,
    -0.23727605355652875,
    -4.153221884030344,
    -6.142841394470866,
    -9.556580018009337,
    -12.219281463871459,
    -14.814719908542857,
    -16.953097993799222,
    -18.05265413225164,
    -21.27413051104755,
    -22.131367658712005,
    -24.29341029111661,
    -24.90999562801383,
    -26.60671554283995,
    -26.719491641425627,
    -28.15351484756688,
    -27.107234176935833,
    -28.735780617599968,
    -29.134151787423708,
    -29.261091656595873,
    -30.239523011623728,
    -30.00370769376253,
    -29.484619209687665,
    -30.116793593095228,
    -30.55253926071373,
    -29.865089322089215
  ],
  "amplitudes": [
    42.079920253411146,
    42.16047209963759,
    41.42050817193818,
    41.262002345613475,
    41.1246680403871,
    41.30532658745248,
    41.759606954739354,
    41.71527537329462,
    43.25980573085725,
    42.67815087960017,
    43.916467243780716,
    43.30867323465668,
    44.481829019871626,
    44.245327425510666,
    45.00578053558224,
    45.34359279453215,
    46.18615931520368,
    45.3046017476665,
    46.48346730062193,
    47.09510444304874,
    48.13766208205175,
    47.91859704584592,
    48.001948766640815,
    48.695517285191784,
    48.69386241234643,
    48.437332341217605,
    48.08371770488368,
    48.561605607483685,
    47.96666317964736,
    47.76488077271189,
    47.25532727077974,
    47.111320474343,
    46.99039132851177,
    46.14177935833487,
    46.58444628158316,
    45.61792707546589,
    46.088050838942415,
    45.06323824858253,
    45.252295692825854,
    44.82181567704772,
    44.848832884454936,
    44.993299288395974,
    44.50119296292785,
    44.847820515701606,
    44.14898137273485,
    44.307084529260464,
    43.51176181868913,
    43.28835144606999,
    43.20938936586081,
    42.751175988352465,
    42.48109390024521,
    41.808839059915385,
    41.89321050223106,
    41.57530920121891,
    41.68242186405763,
    41.158917417888624,
    41.26668287432473,
    41.20684717764056,
    41.45183791223892,
    41.4885954024139,
    41.61534571780527,
    41.78454235310597,
    41.69287384096919,
    42.06014926311698,
    41.86124233360466,
    41.981862142800885,
    41.59866663616792,
    41.628522799290515,
    41.624454079122536,
    40.859923027182155,
    40.74212329288665,
    40.69727210687569,
    39.98936276459556,
    39.77419207882722,
    39.595358923623756,
    39.04518123814927,
    38.83848697226658,
    38.46704641623861,
    38.044116184807,
    37.0981596314293,
    36.479756804115034,
    36.883767848691505,
    35.709164836232496,
    36.27071694311078,
    35.30508770695735,
    35.45653443716865,
    34.790054867427436,
    34.91483837423001,
    34.55256672039805,
    34.60364111711254,
    33.23362936923331,
    33.76931645108207,
    33.871994959666026,
    33.50565516830224,
    34.313512960390824,
    34.07606515018502,
    33.43023493895425,
    34.10827375356469,
    34.30080303475608,
    34.27394371995647
  ],