{
  "ctrl_x": [
    7.802711639325763,
    2.5756635372812102,
    6.253672013002186,
    -0.9230809692971286,
    3.7051563633889977,
    5.1703229879522254,
    7.529360717890328,
    0.5506107023175207,
    9.096031688823384,
    2.57698136588331,
    2.723932974530587,
    8.478060498698644,
    8.613011447815866,
    7.828099424517909,
    6.333008211448608,
    10.794301449682013,
    12.491678112173211,
    7.4907751168278,
    10.00066112692987,
    10.93150094739776,
    14.86118419998235,
    14.149809490355429,
    12.887297946435814,
    17.648211021619176,
    14.826667895977401,
    17.875026945166134,
    21.51962952779784,
    18.14227092294179,
    22.077622889821484,
    21.031928621759306,
    23.089553264864307,
    21.942847519182685,
    23.822191586184932,
    26.16272524695534,
    20.581716993005337,
    22.615488306763776,
    24.492011952445612,
    22.56998755495985,
    22.40498564160872,
    25.69030551833718,
    24.438044087153695,
    21.436311088953776,
    22.98124038682762,
    22.296694370477642,
    27.53557720720087,
    19.44248152945859,
    27.19000063482617,
    19.969227860982198,
    24.43719606878693,
    19.437088643318738,
    19.90446363421703,
    23.279433660060374,
    20.56423353915927,
    22.828063334866194,
    19.28140367457552,
    16.948673013145683,
    16.600374015509615,
    14.601016982851135,
    15.225045793935132,
    10.720208609247914,
    10.130594045366832,
    11.828948512188573,
    9.132982182363941,
    5.895730937746086,
    7.032040723632519,
    5.0983890603485325,
    7.2871434688148815,
    2.8461395755247025,
    0.3290691696177148,
    -1.2281939319634791,
    3.5570917089575063,
    3.9714868720141636,
    -0.22626884277910095,
    -0.4711473443516074,
    3.917748870781548,
    0.5068661020229449,
    -0.08555433457736739,
    1.4083248031309727,
    -2.133326413797363,
    1.1321256398568373,
    -1.6443980711310149,
    -3.7042541492467222,
    -2.6953396468195963,
    -2.1946349382004553,
    4.560859962195042,
    -2.0304416817437074,
    -1.0034779254080288,
    0.30326852688772366,
    3.395304971611106,
    2.9163194472354057,
    1.1281696617156367,
    1.4162692627266893,
    2.6949770929192307,
    1.8875747185380916,
    1.2727573314916232,
    3.2939578778411764,
    2.6256280366687084,
    2.851339993815287,
    1.7924409613361485,
    7.479775052493482
  ],
  "ctrl_y": [
    0.45034670912781827,
    0.5569819501682812,
    -1.3451704103084585,
    -4.18173843381144,
    -1.4059665483402821,
    -0.2977678427896279,
    -0.551069490039103,
    -3.0695921873088095,
    1.2131653028677094,
    0.9257330447343317,
    7.346143544097748,
    2.0256998934978907,
    6.836871642848035,
    4.453542042283689,
    9.565755413643311,
    9.175775773760417,
    8.183576246990466,
    9.387407781039887,
    10.534195919586441,
    13.830063254530934,
    15.830557533044589,
    14.416814538111373,
    15.423683924089605,
    18.011160773565063,
    19.20635650328862,
    19.286744851356037,
    21.61891872506145,
    19.126577655416245,
    21.13040588576041,
    18.437567548594867,
    21.89845821656404,
    18.92141857275442,
    20.65412189188189,
    16.885106211647596,
    20.910603087711785,
    20.03757149712912,
    18.673454023091264,
    17.287569601164243,
    17.41509237320335,
    19.460333899899457,
    20.66600515092688,
    22.148811109787935,
    16.453219884334192,
    20.105921983761576,
    19.632412255584974,
    17.814288752513416,
    20.66718682151441,
    16.25209229260855,
    17.120490115088838,
    19.293252968617153,
    12.427889171807994,
    8.23967270863331,
    6.7663218414230615,
    10.157508442534736,
    9.804924032243374,
    7.589807105449188,
    6.580993183742954,
    4.62350368509341,
    4.211052587073539,
    1.3573798245232385,
    5.500042600620955,
    2.004477651486093,
    2.2150867916168324,
    4.158047348073495,
    6.406394210056397,
    3.7677850773380195,
    0.18545978186378492,
    0.37200757942491114,
    -1.5224204320938752,
    -2.9466426219307595,
    4.4227382163064,
    4.07681360943867,
    -0.44261920174393954,
    2.307054249574429,
    2.8458628986235084,
    3.222906061890777,
    -0.3307411591224851,
    2.8549225423572806,
    -0.30847418319292563,
    -0.0013921641009749242,
    -4.047884470491153,
    -1.4861460138468408,
    -0.7954888805361329,
    -6.809429854638314,
    -2.437088782838618,
    -3.1345923300387804,
    -4.043078260840039,
    -5.251744896219371,
    -0.4230095042815616,
    -3.6727730816748796,
    0.967028876288609,
    2.1139571091692795,
    -4.722017311213741,
    0.17280268650145397,
    0.9727149298400117,
    -2.4619090905658685,
    0.07183585672238652,
    -5.147060165270016,
    -4.68726183096325,
    2.5012374925956125
  ],
  "amplitudes": [
    7.815697095262328,
    2.6351985788727985,
    6.396709863592083,
    4.282407594413952,
    3.9629440586783296,
    5.1788903722657444,
    7.549500010130599,
    3.118584349010601,
    9.176576841947181,
    2.7382137663489505,
    7.834898583914413,
    8.71670636640421,
    10.99667131731174,
    9.006285434213485,
    11.472169351954399,
    14.167279373151919,
    14.933617855310676,
    12.009793366183064,
    14.52523688784172,
    17.628623388889018,
    21.713160701124096,
    20.20053588496236,
    20.099066499477754,
    25.2162896690772,
    24.263433619935658,
    26.296294705751304,
    30.50364079670624,
    26.362245106403346,
    30.56003084687821,
    27.96937465621598,
    31.822475425925102,
    28.974275453503193,
    31.529185893289647,
    31.138320509081645,
    29.340422557829434,
    30.2153037855973,
    30.798645012909937,
    28.42999122311051,
    28.377258922734214,
    32.22881308892838,
    32.00471477304249,
    30.823453192000862,
    28.26386127689221,
    30.023169031059936,
    33.817741247856326,
    26.369660061920868,
    34.153019568366524,
    25.74685544394293,
    29.837689814816258,
    27.386676049482254,
    23.465721847678385,
    24.694619613967504,
    21.648806256114952,
    24.985905094289194,
    21.631205767131846,
    18.57047896001769,
    17.857264312858174,
    15.315563432651755,
    15.796676337714862,
    10.805801803374695,
    11.527332923129585,
    11.997581154520915,
    9.397764257405726,
    7.214499361640929,
    9.5127011680947,
    6.339540630021442,
    7.2895030877132045,
    2.8703484322495614,
    1.5575784058755417,
    3.19236011062206,
    5.675695090111109,
    5.6914951621419485,
    0.49710094243024294,
    2.3546717670556556,
    4.842281678328089,
    3.2625199967436602,
    0.3416273679064093,
    3.183388363673784,
    2.155513374929986,
    1.132126495821972,
    4.369143360291906,
    3.9912565410763077,
    2.810277276493232,
    7.154352343658347,
    5.1711551253266,
    3.7347506608206342,
    4.165747204291028,
    5.260493917339593,
    3.421554163090163,
    4.689795435602603,
    1.485904314951533,
    2.5445300713396444,
    5.4369429846892485,
    1.8954680389091965,
    1.601900608527051,
    4.112317457493136,
    2.6266105492158167,
    5.884077506732892,
    5.018293342549897,
    7.886902042644492
  ],