{
  "ctrl_x": [
    7.152708205598911,
    -15.765960164079566,
    -1.5126463752634243,
    -6.368150482136552,
    -0.8299777582547777,
    3.2743262132297253,
    1.8898825325887296,
    -3.39089480109803,
    3.158808426602526,
    -4.117276913277558,
    -4.576674673374836,
    7.6857046139524074,
    5.295403645554332,
    8.48612604364437,
    0.6228592013095335,
    16.70288586877976,
    20.695731945861684,
    1.9555816918773528,
    15.855487241726047,
    14.731758096262213,
    25.28827451107379,
    28.42960847718333,
    29.25032089526747,
    40.9838313868664,
    40.2241473727341,
    42.9988904499093,
    46.61467854778445,
    41.90282096142844,
    36.388049464437984,
    32.61698873597954,
    33.435659693419396,
    37.480877152275205,
    37.888662873694976,
    29.26569486523637,
    30.377619092917897,
    36.36069134292871,
    49.14734161030864,
    53.72358491312078,
    49.218321648705256,
    58.001966983138104,
    58.001966983138104,
    58.001966983138104,
    57.83250960306579,
    57.744176342526025,
    57.84529079185572,
    58.001966983138104,
    58.001966983138104,
    58.001966983138104,
    58.001966983138104,
    52.1294396569305,
    42.57879060349207,
    53.19064236250265,
    58.001966983138104,
    51.9171943640631,
    44.35591448465769,
    29.643927237011376,
    28.83236315246699,
    22.041761539138662,
    21.244768774879198,
    9.257349729144329,
    4.056935722108187,
    12.316877930500684,
    5.369382050657685,
    1.5393220275607047,
    8.470437146603572,
    0.7132888191565445,
    3.759795276951897,
    -3.101188165470928,
    -2.465080907289352,
    -10.479914537436413,
    -9.423847646710692,
    4.545654191377502,
    -14.288882288411466,
    -3.505194907006433,
    0.7512946672700214,
    -5.85542314072601,
    -0.4649673719468984,
    3.6866660957005806,
    -0.8664564277139879,
    -6.834871490868147,
    -8.634834806686186,
    -2.839989878400271,
    -1.1387407682964945,
    -4.257151581122221,
    5.444078732716696,
    -5.904589706606794,
    -2.915319018853533,
    -2.009558247468438,
    4.195912424065334,
    3.5103628304753896,
    0.09929452436497418,
    -2.418937343685818,
    1.2302920675039808,
    -2.884925178784254,
    -0.7630680439987095,
    3.716700303639606,
    -1.009720044320923,
    1.9256414599001495,
    -8.582892352860764,
    9.485716526347476
  ],
  "ctrl_y": [
    0.04938157767930814,
    1.5713306765341373,
    -0.24353813769754779,
    -4.514372187962453,
    -4.854644687115192,
    -7.1981830704746494,
    -5.843195196797814,
    -12.355256726714156,
    7.651311738516802,
    -2.4418597320939828,
    7.711598411231591,
    -2.4533284544216896,
    -0.015658895737724502,
    -1.7434720327471185,
    -3.264284368027221,
    -2.696100391368701,
    2.2971443941649436,
    -12.459102386769963,
    -6.6282085676098115,
    6.197653996767158,
    7.21840668778649,
    1.7022362098147876,
    1.814228697485178,
    13.274150403284434,
    17.08116631711062,
    16.928115709859597,
    28.354506600869993,
    35.45680960533874,
    52.142524703315,
    33.04291588312163,
    58.001966983138104,
    58.001966983138104,
    56.64027101840171,
    55.98402766482241,
    54.87315235792591,
    55.71179263322007,
    56.997876851087014,
    58.001966983138104,
    57.59367649089809,
    57.818665590496124,
    36.69346880605012,
    46.97691723164474,
    35.73121841765674,
    17.468738006797054,
    10.381896121229078,
    10.218114026425168,
    10.251918428257765,
    5.9937164904075475,
    10.745555919715995,
    17.421443301983977,
    15.613923869537025,
    18.60208260420307,
    24.732351831317825,
    35.83242910594276,
    39.971227524054015,
    43.940782717405085,
    33.07158258528751,
    28.640739022242172,
    24.848900615887846,
    20.743894212983083,
    22.070656037442664,
    16.662391627533648,
    12.949606003980351,
    18.007569579790758,
    23.932569743495332,
    6.762400435557202,
    3.469554013597564,
    3.057679480668145,
    2.677141664337685,
    -3.12907788197973,
    11.474256758164595,
    7.051543651842507,
    -2.000414895757171,
    3.5124493532088206,
    8.088660544303593,
    2.6356226977309114,
    -6.387994440622503,
    9.126330888947612,
    4.6289932107163985,
    2.2151278907367273,
    -5.111012880689295,
    1.8026232500344148,
    12.439738517959873,
    -7.521574394354534,
    1.8989363215523487,
    -2.256716189748276,
    -3.1322447983453086,
    -4.404859309749179,
    2.9059614928870965,
    -7.614700606297935,
    16.531459986402446,
    2.482082786919719,
    -3.655896247418715,
    2.6430247586196347,
    -4.892298360743695,
    -3.8474354231803773,
    9.428842513363344,
    -3.604967432620242,
    -5.186716259100791,
    13.06369479128381
  ],
  "amplitudes": [
    7.152878666289265,
    15.844070814988205,
    1.5321259351341736,
    7.805952652596921,
    4.925082549291269,
    7.907910701741084,
    6.141220244777502,
    12.812124583187952,
    8.277719613271529,
    4.7869247050513,
    8.967424441946543,
    8.067767715930128,
    5.295426797753495,
    8.663372897295293,
    3.323177097297528,
    16.919082530262127,
    20.8228286537301,
    12.611642717648756,
    17.185157098155187,
    15.982353133078721,
    26.298331180090212,
    28.480523981836058,
    29.30652995908761,
    43.07989675099178,
    43.700666752536236,
    46.21109911492796,
    54.561032804484704,
    54.89108991370793,
    63.584062675030445,
    46.429540642376246,
    66.94902174824658,
    69.05826761523191,
    68.14448675714353,
    63.17192611849605,
    62.7205117282262,
    66.5274658569124,
    75.26100685542319,
    79.05979856937621,
    75.75932125919316,
    81.89765725940312,
    68.63409376493301,
    74.63952656938443,
    67.98028491113426,
    60.32865578667287,
    58.769562137779616,
    58.895144351381546,
    58.90101871252053,
    58.31082927964947,
    58.988940878242474,
    54.96348938768172,
    45.35138396851547,
    56.34963985820367,
    63.054876108205406,
    63.08215315180926,
    59.70884506963737,
    53.00523377791509,
    43.875217830242484,
    36.14043695763013,
    32.69263008869665,
    22.71580223384421,
    22.44042302133411,
    20.720539971346263,
    14.018650408090249,
    18.073241947020435,
    25.387323608088938,
    6.799914748756632,
    5.116040028954108,
    4.355085744753593,
    3.639191032415755,
    10.937080830983458,
    14.848147110690295,
    8.389710358613591,
    14.42822985702841,
    4.962226495733634,
    8.123476661998978,
    6.421252771986477,
    6.404894037406021,
    9.842836095137796,
    4.709386890666916,
    7.184863246367456,
    10.034083157186368,
    3.363776611337415,
    12.491750274985286,
    8.642766973282411,
    5.765756880178785,
    6.32115081013251,
    4.279023540301031,
    4.8416019961013355,
    5.103948791726699,
    8.384885957789608,
    16.53175818491772,
    3.4658321993138905,
    3.8573560819884727,
    3.9125916170563646,
    4.951449897788269,
    5.349450484172922,
    9.482753065946167,
    4.0870386861808585,
    10.028363111356523,
    16.14431601580065
  ],