{
  "ctrl_x": [
    0.18394697592567658,
    0.2412348685226007,
    0.27919979695517266,
    0.3282567371613346,
    0.3704301672741168,
    0.40558681273997493,
    0.4399000194475668,
    0.47126252681931013,
    0.497167268476958,
    0.5164904197537508,
    0.5283830691599254,
    0.5361787262108438,
    0.5424155685043079,
    0.537400058015573,
    0.5337845408470093,
    0.5290893689666436,
    0.5244633392687591,
    0.5160235004099581,
    0.5004185588737645,
    0.47951186937430246,
    0.4532282151500076,
    0.4223365476220955,
    0.3834755461260361,
    0.3406339730775775,
    0.3010723220703667,
    0.3217132302301158,
    0.3717917667036212,
    0.38199933916697615,
    0.3839907190483974,
    0.4113117339318197,
    0.4553025786616966,
    0.4920232825849113,
    0.5286684730631528,
    0.5730666152039611,
    0.5988024851125504,
    0.6011828625905751,
    0.5889547279451879,
    0.5954614053110447,
    0.6243322197413692,
    0.6651817523375226,
    0.6977323185869284,
    0.7150778125695924,
    0.7299670888555074,
    0.7425615478026885,
    0.7529946466802607,
    0.7626749021913958,
    0.7803674376180145,
    0.7974372170162884,
    0.8013759510590945,
    0.8072539729737936,
    0.8112903474863649,
    0.814909472545605,
    0.8203901776695923,
    0.8233268989061421,
    0.8316333406288179,
    0.8274997194506742,
    0.8093573144009016,
    0.7817844000984127,
    0.7496344063687022,
    0.7123822013988699,
    0.6790830460152866,
    0.6728328252502482,
    0.6904849146051389,
    0.7011113356678874,
    0.6955528899861279,
    0.6730817678836274,
    0.6404066101836979,
    0.6055309801775911,
    0.5640671087574727,
    0.5151922925010932,
    0.46092721032975864,
    0.4040883908235743,
    0.3532111641236507,
    0.29712501622169635,
    0.25330314783002855,
    0.2830003151521652,
    0.33553876004203376,
    0.3869712263202144,
    0.4301900823234384,
    0.4680945542453636,
    0.5029122327016735,
    0.5284365454318846,
    0.5467243734044408,
    0.5607930604158786,
    0.5688122832702717,
    0.571309843577416,
    0.5685681562852385,
    0.559993324691168,
    0.5576991096835148,
    0.5539054191033115,
    0.5431087659313468,
    0.5298871737777717,
    0.510853726906049,
    0.48545160514631347,
    0.45463721759593023,
    0.41757165217585807,
    0.3756681667723068,
    0.3294318588989914,
    0.27790981708625817,
    0.22134086022646285
  ],
  "ctrl_y": [
    -0.6205731930032047,
    -0.5901616396805608,
    -0.5625962027597724,
    -0.5237483870094304,
    -0.4826807645871532,
    -0.4401044329648868,
    -0.39092032328751475,
    -0.3424391860957165,
    -0.2908599064468513,
    -0.23658748502249288,
    -0.18054255355992313,
    -0.1252374788858765,
    -0.07057190225884713,
    -0.01585033371975524,
    0.03782900905726664,
    0.09097863627309524,
    0.1452600166278615,
    0.20024407629433,
    0.25426860186849953,
    0.3068792584592229,
    0.3567469916166755,
    0.406909172796359,
    0.44929938242999296,
    0.4895391766046113,
    0.52411654690841,
    0.5150625055628917,
    0.4912861393662016,
    0.48759460940212895,
    0.49241413982189985,
    0.4772759913955381,
    0.44364664475606996,
    0.41574323058083473,
    0.3818683987184011,
    0.33201545267279103,
    0.3061915504500273,
    0.3235037766523657,
    0.365354997192517,
    0.37440630525216695,
    0.34602527217258733,
    0.2861768992013273,
    0.22889669360773848,
    0.2065928488086334,
    0.19171141648140635,
    0.18273006688322668,
    0.18252629224329506,
    0.18659708556139337,
    0.15213291086673408,
    0.07798491166732274,
    0.01748609722436602,
    -0.018208406117859732,
    -0.023704369535275882,
    -0.033280439451230506,
    -0.04784512854494075,
    -0.05888702556853116,
    -0.05285725314399115,
    -0.07916544842294754,
    -0.13735994404284335,
    -0.21477890820844844,
    -0.2805628578758175,
    -0.34179749650636476,
    -0.3828674535294986,
    -0.37422991280675755,
    -0.31856557581702716,
    -0.2673618277541634,
    -0.25590540558251995,
    -0.28578055855167683,
    -0.3317138485287822,
    -0.3728552899372872,
    -0.41765103993875213,
    -0.46180668717186174,
    -0.5023659016410444,
    -0.53683300972663,
    -0.5702310304570724,
    -0.6008044602089889,
    -0.6193241324442953,
    -0.6054242273402572,
    -0.56629189309281,
    -0.5257416369291559,
    -0.48001723461522305,
    -0.4285619495581669,
    -0.37800558652985466,
    -0.3219007186335321,
    -0.26778246228855357,
    -0.2090787800845321,
    -0.14992667278467842,
    -0.09288743834943151,
    -0.03526406780028294,
    0.02098354957042002,
    0.07561244812939245,
    0.13205548124121136,
    0.18812000403923834,
    0.24544474640845917,
    0.3023670745126641,
    0.35754066824443753,
    0.4102111636805172,
    0.46020838125357283,
    0.5073878481031694,
    0.5491290198290981,
    0.5876699845249975,
    0.6207720940941767
  ],
  "amplitudes": [
    0.6472615992212069,
    0.6375617795489034,
    0.6280660904550767,
    0.6181139525902853,
    0.6084399964903433,
    0.5984919168910438,
    0.588498705409948,
    0.5825400976396541,
    0.5759989392551957,
    0.5680985757477957,
    0.558376469257794,
    0.5506106179132159,
    0.5469872414821793,
    0.537633755854456,
    0.535123322210411,
    0.5368544240402917,
    0.5442079259507933,
    0.5535141760301316,
    0.5613120842824042,
    0.5693035325231354,
    0.5767878561790374,
    0.5864667376443167,
    0.5906974094480479,
    0.5963892261311707,
    0.6044358509056509,
    0.6072798260619393,
    0.6161097211714377,
    0.6194126235733505,
    0.624436191625571,
    0.630055326485376,
    0.6357065231215651,
    0.6441500946048371,
    0.6521608914605975,
    0.6622987288790785,
    0.6725456726081567,
    0.6826972445974437,
    0.6930742713032525,
    0.70338777827567,
    0.7138096452061281,
    0.7241298096883624,
    0.73431878959022,
    0.744323104040295,
    0.7547219474889355,
    0.7647142797269271,
    0.7748011262828775,
    0.7851697133567118,
    0.7950583376478052,
    0.8012413878042267,
    0.8015667024845832,
    0.8074593011015028,
    0.8116365720318495,
    0.815588766532879,
    0.8217841565412582,
    0.8254301086359241,
    0.8333114078514559,
    0.8312779041421412,
    0.8209305796482995,
    0.8107507802330184,
    0.8004169291258166,
    0.7901353868090698,
    0.7795776230482521,
    0.7699039150267938,
    0.7604297754512905,
    0.750359548444648,
    0.7411352099140942,
    0.7312383974487784,
    0.7212175148127995,
    0.7111180177643179,
    0.701857602611766,
    0.6918731925498933,
    0.6817810442906088,
    0.6719204625032175,
    0.6707619209210666,
    0.6702606020584515,
    0.6691224594410805,
    0.6683020824647881,
    0.6582345840756045,
    0.6528024194200868,
    0.6445774216159706,
    0.6346478207031538,
    0.629133481265114,
    0.6187610647130026,
    0.608781559825689,
    0.5985004535438911,
    0.5882392547352003,
    0.5788117254959259,
    0.5696606909550792,
    0.5603863248253317,
    0.5628015096407482,
    0.5694294191889484,
    0.5747662721064916,
    0.5839722086484145,
    0.5936306747828545,
    0.602908442790289,
    0.6123464692733136,
    0.6214159950282175,
    0.631323213519692,
    0.6403655441043896,
    0.6500691325886258,
    0.6590521748783322
  ],