{
  "ctrl_x": [
    0.3436272193758995,
    0.40143430697712446,
    0.4512699046881714,
    0.50116680470573,
    0.5456535183483832,
    0.5891618894245351,
    0.6208046006674742,
    0.6473966852105794,
    0.6630197524144323,
    0.678973338872244,
    0.6826898875126509,
    0.6785700357506441,
    0.6737533630825373,
    0.6549221048439546,
    0.6328080215336056,
    0.6095213521314935,
    0.5839668109372249,
    0.553415714383151,
    0.5161078700067492,
    0.47485008582577826,
    0.4222825923630229,
    0.39492194735995234,
    0.38446738269308733,
    0.4137020775720499,
    0.4435997115766625,
    0.4744431591683879,
    0.5101626913511963,
    0.5442640434177785,
    0.5776456099004108,
    0.6089832956100053,
    0.634293018916927,
    0.658385319104352,
    0.6789010466068202,
    0.6963211052575119,
    0.7037259987400222,
    0.709792042948537,
    0.7112953328566451,
    0.7129314824641242,
    0.7181539658406155,
    0.7220038531260321,
    0.7443415228783128,
    0.7476084394302507,
    0.7738797715649037,
    0.7763834810598945,
    0.7972985603891716,
    0.8034069506951905,
    0.8135399325731614,
    0.8131340977657288,
    0.8127751885225193,
    0.8114221639799608,
    0.8135380265063386,
    0.8138720500495875,
    0.8151506469332733,
    0.8142693445746187,
    0.8060944723239503,
    0.8028185046190172,
    0.7866735168482464,
    0.7828929439700757,
    0.7571906943124384,
    0.7441149294190003,
    0.7255970389823453,
    0.7108554971388857,
    0.7109949700037201,
    0.7047282817505983,
    0.7065070680254983,
    0.6992950179026657,
    0.6896455747023813,
    0.6728047919643974,
    0.6500380177159347,
    0.6261336836283965,
    0.6015498379182952,
    0.5713308731917535,
    0.5389489529950968,
    0.5019882603283082,
    0.46412206109218707,
    0.43218234582458753,
    0.4035049730531777,
    0.379805047244805,
    0.39365589451983196,
    0.4166685549703352,
    0.4667233848388094,
    0.5112697653346668,
    0.5546371264158609,
    0.5875912134937706,
    0.6151248628222548,
    0.6444376618111884,
    0.6702134159061275,
    0.689128131648066,
    0.697078786413642,
    0.6980020066760766,
    0.6835562489714117,
    0.6661704619138406,
    0.6471480195324826,
    0.6237176109864746,
    0.5878663920532393,
    0.5437408605885169,
    0.5011467558995232,
    0.45816416452547515,
    0.4102481859751301,
    0.35699112674966454
  ],
  "ctrl_y": [
    -0.5952123984054812,
    -0.5601982565715549,
    -0.5154636777379902,
    -0.46970993154259144,
    -0.41753522509254254,
    -0.3639466992423732,
    -0.30304770728607316,
    -0.24005843405560204,
    -0.17289415449515874,
    -0.10624838817085605,
    -0.03784403331117483,
    0.030146212015249998,
    0.09830796628092535,
    0.16400936443025443,
    0.22791066072262373,
    0.2913982054823929,
    0.35524260247162315,
    0.4180313457249164,
    0.47801280221357034,
    0.5321121107621615,
    0.5810008563359151,
    0.6116493455753088,
    0.6259257613494331,
    0.6191063233814276,
    0.6101992260949827,
    0.5958848072615277,
    0.5737179060095077,
    0.5484033726517009,
    0.5224834623682584,
    0.49535586153990246,
    0.4665441042870742,
    0.4418055706328232,
    0.420396166120583,
    0.40269582981310015,
    0.3976398234902286,
    0.4007899930302392,
    0.4120529273656779,
    0.4230092109683262,
    0.42341789679725234,
    0.42898472037906515,
    0.4001486640956177,
    0.39648838841194545,
    0.347080087663251,
    0.32420810514428783,
    0.25968073651527673,
    0.21741595519717227,
    0.1529672743796401,
    0.10611442425205478,
    0.055095940696389005,
    0.019184607595701238,
    -0.01891095268094804,
    -0.06146177180684745,
    -0.10485886878419089,
    -0.1610272265599109,
    -0.2138668674845657,
    -0.25205243499974145,
    -0.31033758561365404,
    -0.333745367215399,
    -0.38572304641651967,
    -0.4025747461594709,
    -0.42611908652358427,
    -0.432583841135481,
    -0.4211773320960296,
    -0.41427112908759983,
    -0.40056090829082064,
    -0.3974190686101464,
    -0.4016208566016971,
    -0.4192533346488788,
    -0.4401689922346234,
    -0.4647119173538213,
    -0.49363499591244037,
    -0.5216094491286768,
    -0.548653323236769,
    -0.5706067805821848,
    -0.5890861353690036,
    -0.6021355630987156,
    -0.6099003148311779,
    -0.6229730790896654,
    -0.6063759527474579,
    -0.5817638712889264,
    -0.5313360537212168,
    -0.47613591859234095,
    -0.420927741042933,
    -0.3589954954683799,
    -0.2956728282996046,
    -0.23372501742682197,
    -0.16951757412039423,
    -0.10226075371845193,
    -0.032847625723617505,
    0.03730025077025719,
    0.10578688640005658,
    0.1726830215338127,
    0.22699359003833877,
    0.2918351127620458,
    0.35085473798913214,
    0.4033722835605737,
    0.45623501295759383,
    0.5098624318907983,
    0.5604738021491109,
    0.6070497155446511
  ],
  "amplitudes": [
    0.6872826675477987,
    0.689181826141704,
    0.6850892861112673,
    0.6868737772900472,
    0.6870759974551938,
    0.6925091565024296,
    0.6908228898214416,
    0.6904712302354631,
    0.6851916379745823,
    0.6872361420125022,
    0.6837380005303884,
    0.6792393447949691,
    0.6808876930150235,
    0.6751459361012638,
    0.6725988859552915,
    0.6755954357916896,
    0.6835309377687335,
    0.6935554476282325,
    0.7034654025344625,
    0.71318013322618,
    0.7182510583882921,
    0.7280647405617721,
    0.7345735001180892,
    0.7446086546893604,
    0.7544029424901616,
    0.7616922047696093,
    0.7677357666037385,
    0.7726380835120864,
    0.7788860116124444,
    0.7850083336461863,
    0.7873950946581884,
    0.7928829615109244,
    0.7985233669547315,
    0.8043798934433308,
    0.8082992703992635,
    0.8151302734816301,
    0.8220271683431578,
    0.8289801513019113,
    0.8336832935718531,
    0.8398318011646985,
    0.845081804358793,
    0.8462395765105982,
    0.848147680589694,
    0.8413573587387997,
    0.838521961141008,
    0.8323054883873127,
    0.8277959947488753,
    0.8200288604577468,
    0.8146404542858382,
    0.811648924946324,
    0.8137577924070092,
    0.8161894775391039,
    0.8218673612928269,
    0.8300387540395666,
    0.8339828147623239,
    0.8414558701132305,
    0.8456740738339447,
    0.8510624723578603,
    0.8497764506564024,
    0.8460339558372384,
    0.8414680854789687,
    0.8321323917647356,
    0.8263801742794414,
    0.8174732530760046,
    0.8121584072216167,
    0.8043354015324986,
    0.7980666207554722,
    0.7927418537610215,
    0.7850466012925003,
    0.7797439040510222,
    0.7781630399145171,
    0.773624834194439,
    0.7690815581154327,
    0.7599896785837338,
    0.749954506937886,
    0.7411806907837325,
    0.7312965590714998,
    0.7296213615177992,
    0.7229500393253994,
    0.7155849960963029,
    0.70721193424562,
    0.6986431033933833,
    0.6962776064030425,
    0.6885791166900646,
    0.6824961672103259,
    0.6855124241994742,
    0.6913191960275826,
    0.696674130120977,
    0.6978522773363964,
    0.6989979327804581,
    0.6916935816111676,
    0.6881878451793136,
    0.6858036520049363,
    0.6886155613225069,
    0.6846064139891733,
    0.6770253485789235,
    0.6777156173477428,
    0.6854736326868639,
    0.6945750189802148,
    0.704238611353309
  ],