{
  "durations": [
    10.0,
    9.5,
    9.0,
    8.5,
    8.0,
    7.5,
    7.0,
    6.5,
    6.0,
    5.5,
    5.0,
    4.5,
    4.0,
    3.5,
    3.0,
    2.5,
    2.0,
    1.5,
    1.0
  ],
  "fidelities": [
    0.967067457436926,
    0.9354064163068412,
    0.8925329709372682,
    0.8537191649316712,
    0.8650629157837109,
    0.8320335044074824,
    0.8030346662121683,
    0.7638363119941352,
    0.7062686553744637,
    0.6706481182707658,
    0.6605654619521274,
    0.6605896755431467,
    0.6417356955632334,
    0.6466555328275756,
    0.6286415722827826,
    0.6186900699871644,
    0.6085813532177601,
    0.604019578716626,
    0.5999120280429714
  ],
  "best_duration": null,
  "best_fidelity": 0.967067457436926,
  "target_reached": false
}