{
  "durations": [
    10.0,
    9.5,
    9.0,
    8.5,
    8.0,
    7.5,
    7.0,
    6.5,
    6.0,
    5.5,
    5.0,
    4.5,
    4.0,
    3.5,
    3.0,
    2.5,
    2.0,
    1.5,
    1.0
  ],
  "fidelities": [
    0.999972436819861,
    0.99998767175992,
    0.999977442546397,
    0.9999815821331752,
    0.9999731929374702,
    0.9999880123799816,
    0.9998326411118292,
    0.9860578957130091,
    0.9521650061736979,
    0.8926925740192455,
    0.8390800730839215,
    0.7682037498814568,
    0.7064849468958626,
    0.6632610209465336,
    0.6334310349560507,
    0.6161335865055572,
    0.6057031431490671,
    0.5601410429536445,
    0.5404386970719084
  ],
  "best_duration": 7.5,
  "best_fidelity": 0.9999880123799816,
  "target_reached": true
}