{
  "ctrl_x": [
    -1.1802655114514862,
    -2.0068475881528363,
    -2.430182693942365,
    -0.6970811971227193,
    2.5693099925709753,
    4.594980036420888,
    5.34261327551022,
    6.439302518575222,
    6.366818240249157,
    5.704066311594282,
    2.901369803666748,
    1.5193922614195094,
    1.005992879096732,
    -0.38865865297318136,
    -0.8084703684552574
  ],
  "ctrl_y": [
    2.8024147523265674,
    5.070768685560755,
    7.1311650579077845,
    7.547239490488376,
    7.8342798294611535,
    7.159681287849985,
    5.376412126849861,
    2.7152275122969094,
    0.6176055643494991,
    -2.4646189786460404,
    -2.0693003972933304,
    -2.549016951619998,
    -2.9118012789619065,
    -2.3902867400353838,
    0.10211496925945449
  ],
  "amplitudes": [
    3.0408148778870796,
    5.453451412136942,
    7.533877023754894,
    7.5793631739196465,
    8.244834400048733,
    8.507342574429204,
    7.579533228992157,
    6.9883529797272885,
    6.396703145956113,
    6.213752424820854,
    3.5636990433912286,
    2.967497306436452,
    3.080683099729267,
    2.4216783948575644,
    0.8148937376229118
  ],
  "phases": [
    1.9694101248501172,
    1.9476490455483229,
    1.899236891315199,
    1.66289742670294,
    1.2538918961416683,
    1.000217451299863,
    0.7885513175376034,
    0.3990423548968358,
    0.09670124643039633,
    5.875332264920197,
    5.663645182149146,
    5.249913684912542,
    5.04503870633264,
    4.551200453409912,
    3.015951580204304
  ],
  "target_theta": 0.0,
  "optimized_theta": 0.8951785092581411,
  "fid_err": 0.01780132642806853,
  "probe_fidelity": 0.9821986735719315,
  "phase_gate_fidelity": 0.9821986735719315,
  "fidelity_metric": "paper_eq7_special_state_phase_gate_fidelity",
  "objective": 0.01780132642806853,
  "num_iter": 6,
  "num_fid_func_calls": 7,
  "wall_time": 19.85796330100129,
  "termination_reason": "STOP: TOTAL NO. OF ITERATIONS REACHED LIMIT",
  "evo_time": 94.2477796076938,
  "num_tslots": 15,
  "control_smoothness_cost": 5.304296961134139,
  "control_curvature_cost": 3.5205663917992247,
  "success": false,
  "gate_time_ns": 150.0,
  "gate_time_us": 0.15,
  "slot_duration_ns": 10.0,
  "slot_midpoints_ns": [
    5.0,
    15.0,
    25.0,
    35.0,
    45.0,
    55.0,
    65.0,
    75.0,
    85.0,
    95.0,
    105.0,
    115.0,
    125.0,
    135.0,
    145.0
  ],
  "omega_max_hz": 100000000.0,
  "omega_max_mhz": 100.0,
  "effective_rabi_hz_reference": 100000000.0,
  "effective_rabi_sequence_hz": [
    24443778.737906605,
    43837906.95237118,
    60561537.08877691,
    60927180.32419772,
    66276611.99339743,
    68386800.21238783,
    60928547.32243097,
    56176308.27218927,
    51420294.43780849,
    49949633.734359786,
    28647015.488714483,
    23854410.898656525,
    24764261.90854321,
    19466811.770994406,
    6550573.782775299
  ],
  "effective_rabi_sequence_mhz": [
    24.443778737906605,
    43.83790695237118,
    60.56153708877691,
    60.927180324197714,
    66.27661199339742,
    68.38680021238783,
    60.928547322430965,
    56.17630827218927,
    51.420294437808494,
    49.949633734359786,
    28.647015488714484,
    23.854410898656525,
    24.76426190854321,
    19.466811770994408,
    6.550573782775299
  ],
  "effective_rabi_fraction": [
    0.24443778737906605,
    0.4383790695237118,
    0.6056153708877691,
    0.6092718032419772,
    0.6627661199339743,
    0.6838680021238783,
    0.6092854732243097,
    0.5617630827218927,
    0.5142029443780849,
    0.4994963373435979,
    0.28647015488714483,
    0.23854410898656525,
    0.2476426190854321,
    0.19466811770994408,
    0.06550573782775299
  ],
  "dimensionless_gate_time": 94.2477796076938,
  "physical_time_from_dimensionless_ns": 150.00000000000003,
  "scan_stage": "coarse",
  "ensemble_size": 2,
  "omega_mode": "exploratory_high_drive_override",
  "wall_clock_scan_s": 42.44358355000077
}