{
  "ctrl_x": [
    1.477858723809513,
    1.270579024224236,
    1.0478869629378615,
    0.8498806312802367,
    0.6112613544217531,
    0.3396958617435828,
    0.12554555603234074,
    -0.03277654073662205
  ],
  "ctrl_y": [
    0.08401828493820183,
    0.23763285677770146,
    0.461056137488765,
    0.8319512852523255,
    1.1398203784195984,
    1.2264268198458854,
    1.078426478995188,
    0.8519884599322108
  ],
  "amplitudes": [
    1.4802450742170499,
    1.2926099301099863,
    1.1448317994409458,
    1.189302328450714,
    1.2933796575136445,
    1.2726020677819943,
    1.0857096099958903,
    0.8526186940715761
  ],
  "phases": [
    0.0567902336298338,
    0.1848911830948643,
    0.4144955804132038,
    0.7747379620517972,
    1.0785487247963643,
    1.3005901370348047,
    1.4549025025753257,
    1.6092480042164552
  ],
  "target_theta": 0.0,
  "optimized_theta": 3.137078547019695,
  "fid_err": 7.349895513864002e-05,
  "probe_fidelity": 0.9999265010448614,
  "channel_fidelity": 0.9999265010448614,
  "fidelity_metric": "active_subspace_lindblad_channel_overlap",
  "objective": 0.00022659046493562807,
  "num_iter": 8,
  "num_fid_func_calls": 18,
  "wall_time": 756.970572836999,
  "termination_reason": "STOP: TOTAL NO. OF ITERATIONS REACHED LIMIT",
  "evo_time": 8.5,
  "num_tslots": 8,
  "control_smoothness_cost": 0.1028453275047316,
  "control_curvature_cost": 0.025123091146128207,
  "success": false,
  "gate_time_ns": 90.18780108540736,
  "gate_time_us": 0.09018780108540736,
  "slot_duration_ns": 11.27347513567592,
  "slot_midpoints_ns": [
    5.63673756783796,
    16.910212703513878,
    28.1836878391898,
    39.45716297486572,
    50.73063811054164,
    62.00411324621756,
    73.27758838189348,
    84.5510635175694
  ],
  "omega_max_hz": 15000000.0,
  "omega_max_mhz": 15.0,
  "effective_rabi_hz_reference": 15000000.0,
  "effective_rabi_sequence_hz": [
    691271.8558264117,
    603646.5723214136,
    534634.4442505408,
    555402.1033724095,
    604006.0336701289,
    594302.9356740118,
    507024.48537949275,
    398171.4360879724
  ],
  "effective_rabi_sequence_mhz": [
    0.6912718558264117,
    0.6036465723214135,
    0.5346344442505409,
    0.5554021033724095,
    0.604006033670129,
    0.5943029356740118,
    0.5070244853794927,
    0.39817143608797245
  ],
  "effective_rabi_fraction": [
    0.04608479038842745,
    0.040243104821427574,
    0.03564229628336939,
    0.037026806891493964,
    0.04026706891134193,
    0.03962019571160079,
    0.03380163235863285,
    0.026544762405864827
  ],
  "dimensionless_gate_time": 8.5,
  "physical_time_from_dimensionless_ns": 90.18780108540736,
  "ensemble_size": 3,
  "ensemble_seed": 17
}