{
  "ctrl_x": [
    -0.5850921442283016,
    -2.971087702426229,
    -1.8268539567969562,
    1.9025440122988673,
    4.715017977773393,
    5.738377608426092,
    6.265511250635876,
    6.065197368165703,
    2.248187157924519,
    1.3555260289472784,
    0.11795603358690956,
    -1.1307028463014253
  ],
  "ctrl_y": [
    3.056950278192007,
    5.806613462669941,
    7.459383366468526,
    7.822362207485386,
    6.530199912572301,
    4.806572151964791,
    1.3491876668013458,
    -2.388796300842215,
    -1.971813457930261,
    -2.8881561944675016,
    -3.049254931009609,
    0.050342384457705606
  ],
  "amplitudes": [
    3.1124392075309455,
    6.522585533388441,
    7.679830440017019,
    8.050405221094769,
    8.054495976092209,
    7.48546013474986,
    6.409129316224911,
    6.518662967336294,
    2.990383555654963,
    3.1904383740788003,
    3.0515355577390824,
    1.1318229907132262
  ],
  "phases": [
    1.7599065782240342,
    2.0437387187013605,
    1.8109757064084533,
    1.3322102677196805,
    0.9454358415146629,
    0.6972619961116584,
    0.2120969166465484,
    5.907989256900546,
    5.563185139037091,
    5.151208805216542,
    4.751053261285258,
    3.097098948220293
  ],
  "target_theta": 0.0,
  "optimized_theta": 1.0872109772475347,
  "fid_err": 0.052999393390144034,
  "probe_fidelity": 0.947000606609856,
  "phase_gate_fidelity": 0.947000606609856,
  "fidelity_metric": "paper_eq7_special_state_phase_gate_fidelity",
  "objective": 0.052999393390144034,
  "num_iter": 6,
  "num_fid_func_calls": 7,
  "wall_time": 16.943381483997655,
  "termination_reason": "STOP: TOTAL NO. OF ITERATIONS REACHED LIMIT",
  "evo_time": 75.39822368615503,
  "num_tslots": 12,
  "control_smoothness_cost": 9.116430617805898,
  "control_curvature_cost": 8.483516530304044,
  "success": false,
  "gate_time_ns": 120.0,
  "gate_time_us": 0.12,
  "slot_duration_ns": 10.0,
  "slot_midpoints_ns": [
    5.0,
    15.0,
    25.0,
    35.0,
    45.0,
    55.0,
    65.0,
    75.0,
    85.0,
    95.0,
    105.0,
    115.0
  ],
  "omega_max_hz": 100000000.0,
  "omega_max_mhz": 100.0,
  "effective_rabi_hz_reference": 100000000.0,
  "effective_rabi_sequence_hz": [
    25019535.348017007,
    52432207.80608738,
    61734792.66546362,
    64713680.99582027,
    64746564.7832404,
    60172334.92766435,
    51520182.97716644,
    52400676.01592128,
    24038383.430528175,
    25646536.479424816,
    24529957.586914465,
    9098229.213707892
  ],
  "effective_rabi_sequence_mhz": [
    25.01953534801701,
    52.43220780608738,
    61.734792665463615,
    64.71368099582027,
    64.7465647832404,
    60.172334927664345,
    51.520182977166435,
    52.40067601592128,
    24.038383430528175,
    25.646536479424817,
    24.529957586914463,
    9.098229213707892
  ],
  "effective_rabi_fraction": [
    0.2501953534801701,
    0.5243220780608738,
    0.6173479266546362,
    0.6471368099582027,
    0.647465647832404,
    0.6017233492766435,
    0.5152018297716644,
    0.5240067601592128,
    0.24038383430528176,
    0.25646536479424814,
    0.24529957586914466,
    0.09098229213707892
  ],
  "dimensionless_gate_time": 75.39822368615503,
  "physical_time_from_dimensionless_ns": 120.00000000000001,
  "scan_stage": "coarse",
  "ensemble_size": 2,
  "omega_mode": "exploratory_high_drive_override",
  "wall_clock_scan_s": 33.262991835999856
}