{
  "ctrl_x": [
    1.0,
    1.0,
    1.0,
    1.0,
    1.0,
    1.0,
    1.0,
    1.0,
    1.0,
    1.0,
    1.0,
    1.0,
    1.0,
    1.0,
    1.0,
    1.0,
    1.0,
    1.0,
    1.0,
    1.0,
    1.0,
    1.0,
    1.0,
    1.0,
    1.0,
    1.0,
    1.0,
    1.0,
    1.0,
    1.0,
    1.0,
    1.0,
    1.0,
    1.0,
    1.0,
    0.9849864725564837,
    0.9658257946467398,
    0.9595268965610415,
    0.9455888810122655,
    0.9614288818207832,
    0.9803183202632532,
    0.9942018464058292,
    1.0,
    1.0,
    1.0,
    1.0,
    1.0,
    1.0,
    1.0,
    1.0,
    1.0,
    1.0,
    1.0,
    1.0,
    1.0,
    1.0,
    1.0,
    0.9658010354450263,
    0.9865958870708165,
    0.9667135530462007,
    0.9221381323383475,
    0.910316816069988,
    0.9333989929940282,
    0.9574881227316835,
    0.9782996683378257,
    0.9960527854678477,
    1.0,
    1.0,
    1.0,
    1.0,
    1.0,
    1.0,
    1.0,
    1.0,
    1.0,
    1.0,
    1.0,
    1.0,
    1.0,
    1.0,
    1.0,
    1.0,
    1.0,
    1.0,
    1.0,
    1.0,
    1.0,
    1.0,
    1.0,
    1.0,
    1.0,
    1.0,
    1.0,
    1.0,
    1.0,
    1.0,
    1.0,
    1.0,
    1.0,
    1.0
  ],
  "ctrl_y": [
    -0.31070724551724027,
    -0.2870317162959114,
    -0.2756732722306676,
    -0.22793547905345268,
    -0.1583000648014701,
    -0.053658780579118624,
    0.05029424040628127,
    0.16010175705539267,
    0.26456938864964413,
    0.34868496828063694,
    0.41965104022200095,
    0.4839584124839106,
    0.5422221111532363,
    0.5964906505030105,
    0.6474744723756709,
    0.6943147355281307,
    0.7382882199025291,
    0.7805105546427854,
    0.8208365734529982,
    0.8586927111610734,
    0.8932242882419362,
    0.9236340591162499,
    0.9497297469626362,
    0.9718388862171882,
    0.9896318664296369,
    1.0,
    1.0,
    1.0,
    1.0,
    1.0,
    1.0,
    1.0,
    1.0,
    1.0,
    1.0,
    1.0,
    1.0,
    0.983421160934332,
    0.9704604899065489,
    0.923487635086992,
    0.8676036164852456,
    0.8095247325611312,
    0.753718317727309,
    0.6980913791068305,
    0.6321191199794693,
    0.5589220430026033,
    0.4739986944897703,
    0.3709409550603267,
    0.2479121199952301,
    0.1109882277014887,
    -0.033457621215340405,
    -0.17970003967368098,
    -0.31188577446710597,
    -0.43033499067983516,
    -0.5248285014733983,
    -0.6041634239447958,
    -0.6720026158795246,
    -0.7773509102681414,
    -0.8021108593812416,
    -0.8701970913333166,
    -0.9534848546707215,
    -0.99547980439257,
    -1.0,
    -1.0,
    -1.0,
    -1.0,
    -1.0,
    -1.0,
    -1.0,
    -1.0,
    -1.0,
    -1.0,
    -1.0,
    -1.0,
    -1.0,
    -1.0,
    -1.0,
    -0.984038034031154,
    -0.9639252335003982,
    -0.9405280792758944,
    -0.9132309478600803,
    -0.8817205988476875,
    -0.8473344481402374,
    -0.8111109444225155,
    -0.771702703861701,
    -0.7282317191820822,
    -0.6814264795058688,
    -0.6315463260867262,
    -0.5804994584413815,
    -0.528219948357104,
    -0.4672575071465603,
    -0.40066392795558214,
    -0.31643645003687115,
    -0.2162007589102736,
    -0.10303738420247245,
    0.009965154719736602,
    0.12325342411455929,
    0.22529019379385892,
    0.2822527263231909,
    0.3236011902108944
  ],
  "amplitudes": [
    1.047157577643838,
    1.0403783956617787,
    1.037302151266623,
    1.0256483718172262,
    1.0124519299779864,
    1.001438597585113,
    1.0012639565159853,
    1.0127351937264863,
    1.034406574520119,
    1.0590473110795706,
    1.0844846681993283,
    1.1109526295094434,
    1.1375433256907064,
    1.164388722093058,
    1.1913115429551389,
    1.2174041859511977,
    1.243008244400191,
    1.2685411802179654,
    1.2937436687064634,
    1.3180869365110766,
    1.3408391510935656,
    1.3612861106907541,
    1.3791252996974979,
    1.3944428352441933,
    1.4069012868900954,
    1.4142135623730951,
    1.4142135623730951,
    1.4142135623730951,
    1.4142135623730951,
    1.4142135623730951,
    1.4142135623730951,
    1.4142135623730951,
    1.4142135623730951,
    1.4142135623730951,
    1.4142135623730951,
    1.4036375426438497,
    1.3902587764891134,
    1.373975634790331,
    1.3549656432410702,
    1.333107237606085,
    1.3091065825142134,
    1.2820950058497735,
    1.2522345237525137,
    1.2195620417113993,
    1.1830361709785626,
    1.1455975952114268,
    1.1066502439244328,
    1.0665820137903448,
    1.0302720122572142,
    1.006140341447612,
    1.000559549660783,
    1.0160177676884998,
    1.0475078693331838,
    1.0886634944754112,
    1.1293559916867721,
    1.1683378975419307,
    1.2048184575897416,
    1.2397766241389587,
    1.271516132466421,
    1.3006836938349668,
    1.3264509426280726,
    1.3489465321402736,
    1.3679304368725282,
    1.384479506952791,
    1.3989532662208197,
    1.4114252199242645,
    1.4142135623730951,
    1.4142135623730951,
    1.4142135623730951,
    1.4142135623730951,
    1.4142135623730951,
    1.4142135623730951,
    1.4142135623730951,
    1.4142135623730951,
    1.4142135623730951,
    1.4142135623730951,
    1.4142135623730951,
    1.4029721495524772,
    1.3889391116167753,
    1.372804817847899,
    1.3542491514228172,
    1.3332033657444482,
    1.3107157079264444,
    1.2875950311188626,
    1.263140951417323,
    1.2370616139962032,
    1.210100015276325,
    1.1827302152197015,
    1.156278349382508,
    1.1309360343725818,
    1.103779678189818,
    1.0772797144496855,
    1.048871787642292,
    1.0231044756785,
    1.0052943362733562,
    1.0000496509216872,
    1.00756707298123,
    1.0250637401740803,
    1.039070065739974,
    1.0510555315043575
  ],