{
  "ctrl_x": [
    -1.624912238108342,
    1.832247429666094,
    7.263432782629812,
    6.882611569782736,
    -1.6339801456606369,
    -0.6954523497238649,
    -7.665170084696263,
    -5.282275754496354
  ],
  "ctrl_y": [
    -1.1722570608635057,
    0.6385542026688122,
    2.1274512499618443,
    0.40355552210425594,
    4.117808647609618,
    2.6719699264207155,
    -2.76955717537952,
    -0.19120290808826526
  ],
  "amplitudes": [
    2.0036283084191555,
    1.94033041342551,
    7.568586698238032,
    6.894432469748907,
    4.430151145812263,
    2.760992078661793,
    8.150170512021125,
    5.28573511430543
  ],
  "phases": [
    3.7665554828507934,
    0.33534566577603475,
    0.28492933075166915,
    0.05856701358201412,
    1.9485481081500704,
    1.8254238399441252,
    3.4883137496160583,
    3.177773927740264
  ],
  "target_theta": 0.0,
  "optimized_theta": 1.5538947296835737,
  "fid_err": 0.3999998204591353,
  "probe_fidelity": 0.6000001795408647,
  "phase_gate_fidelity": 0.6000001795408647,
  "fidelity_metric": "paper_eq7_special_state_phase_gate_fidelity",
  "objective": 0.3999998204591353,
  "num_iter": 29,
  "num_fid_func_calls": 36,
  "wall_time": 0.18045726499985904,
  "termination_reason": "CONVERGENCE: NORM OF PROJECTED GRADIENT <= PGTOL",
  "evo_time": 1.8849555921538763,
  "num_tslots": 8,
  "control_smoothness_cost": 32.8392848305258,
  "control_curvature_cost": 81.69794066609123,
  "success": true,
  "gate_time_ns": 30.0,
  "gate_time_us": 0.03,
  "slot_duration_ns": 3.75,
  "slot_midpoints_ns": [
    1.875,
    5.625,
    9.375,
    13.125,
    16.875,
    20.625,
    24.375,
    28.125
  ],
  "omega_max_hz": 10000000.0,
  "omega_max_mhz": 10.0,
  "effective_rabi_hz_reference": 10000000.0,
  "effective_rabi_sequence_hz": [
    509325.618709672,
    493235.1894642923,
    1923947.214480784,
    1752576.0983470357,
    1126151.7237687984,
    701848.7375168076,
    2071786.7786064856,
    1343642.578873894
  ],
  "effective_rabi_sequence_mhz": [
    0.509325618709672,
    0.4932351894642923,
    1.923947214480784,
    1.7525760983470358,
    1.1261517237687984,
    0.7018487375168077,
    2.0717867786064854,
    1.343642578873894
  ],
  "effective_rabi_fraction": [
    0.0509325618709672,
    0.04932351894642923,
    0.1923947214480784,
    0.17525760983470356,
    0.11261517237687983,
    0.07018487375168077,
    0.20717867786064856,
    0.1343642578873894
  ],
  "dimensionless_gate_time": 1.8849555921538763,
  "physical_time_from_dimensionless_ns": 30.000000000000004,
  "scan_stage": "coarse",
  "ensemble_size": 2,
  "omega_mode": "yb171_default_10mhz",
  "wall_clock_scan_s": 0.6741033940002126
}