{
  "ctrl_x": [
    -0.1198428226020738,
    -4.436681965248184,
    1.2395429669135727,
    5.207167991343797,
    6.521490799811858,
    6.714845651636484,
    1.5827199960730085,
    1.1457548992948883,
    -1.6646201218397456
  ],
  "ctrl_y": [
    3.5197862341508572,
    6.85879484213255,
    8.53306402117393,
    6.612453073947662,
    3.811230457683447,
    -2.5175978711763314,
    -1.994998662417192,
    -4.3189659936127445,
    -0.13806494232019284
  ],
  "amplitudes": [
    3.5218258668263407,
    8.168672691889581,
    8.622624215184024,
    8.416598727825587,
    7.553497193592163,
    7.171293549022589,
    2.54657068408001,
    4.4683578128034425,
    1.6703359178116381
  ],
  "phases": [
    1.6048315028031845,
    2.144961196677841,
    1.4265418153360079,
    0.9037369024158126,
    0.5288780760784452,
    5.924475904902941,
    5.3830581196962095,
    4.971700559820322,
    3.2243440571985396
  ],
  "target_theta": 0.0,
  "optimized_theta": 1.3773034782845288,
  "fid_err": 0.06701273225991367,
  "probe_fidelity": 0.9329872677400863,
  "phase_gate_fidelity": 0.9329872677400863,
  "fidelity_metric": "paper_eq7_special_state_phase_gate_fidelity",
  "objective": 0.06701273225991367,
  "num_iter": 6,
  "num_fid_func_calls": 7,
  "wall_time": 14.836150679002458,
  "termination_reason": "STOP: TOTAL NO. OF ITERATIONS REACHED LIMIT",
  "evo_time": 56.548667764616276,
  "num_tslots": 9,
  "control_smoothness_cost": 23.935631821579218,
  "control_curvature_cost": 41.91255536287946,
  "success": false,
  "gate_time_ns": 90.0,
  "gate_time_us": 0.09,
  "slot_duration_ns": 10.0,
  "slot_midpoints_ns": [
    5.0,
    15.0,
    25.0,
    35.0,
    45.0,
    55.0,
    65.0,
    75.0,
    85.0
  ],
  "omega_max_hz": 100000000.0,
  "omega_max_mhz": 100.0,
  "effective_rabi_hz_reference": 100000000.0,
  "effective_rabi_sequence_hz": [
    28310415.365356557,
    65664381.38505573,
    69313498.82191044,
    67657350.18097171,
    60719255.03924799,
    57646887.36944369,
    20470766.173488446,
    35919171.039395206,
    13427098.732605591
  ],
  "effective_rabi_sequence_mhz": [
    28.31041536535656,
    65.66438138505573,
    69.31349882191044,
    67.65735018097172,
    60.71925503924799,
    57.64688736944369,
    20.470766173488446,
    35.9191710393952,
    13.427098732605591
  ],
  "effective_rabi_fraction": [
    0.28310415365356556,
    0.6566438138505573,
    0.6931349882191045,
    0.6765735018097171,
    0.6071925503924799,
    0.5764688736944369,
    0.20470766173488444,
    0.35919171039395204,
    0.1342709873260559
  ],
  "dimensionless_gate_time": 56.548667764616276,
  "physical_time_from_dimensionless_ns": 90.00000000000001,
  "scan_stage": "coarse",
  "ensemble_size": 2,
  "omega_mode": "exploratory_high_drive_override",
  "wall_clock_scan_s": 31.13382775500213
}