{
  "ctrl_x": [
    0.0024220563167121345,
    -0.011358402183080946,
    0.04042235834559836,
    -0.03466791493543501,
    0.02657561947368144,
    0.028907133751871872,
    0.03872707423248611,
    -0.047673346787892784
  ],
  "ctrl_y": [
    -0.11753002445273066,
    -0.12751312950525504,
    -0.016410764804011522,
    0.033102348195680774,
    0.004954116235507363,
    0.024396498902256692,
    -0.055435778294790114,
    -0.1441156211257702
  ],
  "amplitudes": [
    0.11755497864684758,
    0.12801801239035296,
    0.04362660032219504,
    0.047933597632961455,
    0.027033438887511772,
    0.037826069587473955,
    0.06762330806576689,
    0.15179611406892216
  ],
  "phases": [
    4.732994043149916,
    4.6235471253763,
    5.897532377646488,
    2.379291469059053,
    0.18430039820499655,
    0.7009777578923861,
    5.322170359329931,
    4.392920785848188
  ],
  "target_theta": 0.0,
  "optimized_theta": 3.156495041820182,
  "fid_err": 0.00023347989862587681,
  "probe_fidelity": 0.9997665201013741,
  "objective": 0.0002701250920517517,
  "num_iter": 8,
  "num_fid_func_calls": 16,
  "wall_time": 127.9760606230011,
  "termination_reason": "STOP: TOTAL NO. OF ITERATIONS REACHED LIMIT",
  "evo_time": 8.5,
  "num_tslots": 8,
  "control_smoothness_cost": 0.007161421455565779,
  "control_curvature_cost": 0.014741885985154548,
  "success": false
}