{
  "gate_times_ns": [
    106.1032953945969,
    95.49296585513721,
    84.88263631567752,
    79.57747154594767
  ],
  "durations_dimensionless": [
    10.000000000000002,
    9.000000000000002,
    8.0,
    7.5
  ],
  "fidelities": [
    0.3922484367358732,
    0.39300976484092587,
    0.393980882371009,
    0.39454990186454464
  ],
  "best_gate_time_ns": null,
  "best_duration_dimensionless": null,
  "best_fidelity": 0.39454990186454464,
  "target_reached": false,
  "omega_max_hz": 15000000.0,
  "omega_max_mhz": 15.0
}