{
  "ctrl_x": [
    -17.430854876364446,
    13.980902710359569,
    -31.08880396976723,
    -42.23896132906001,
    -48.036977965221915,
    -11.916170489807744,
    -54.46482230507497,
    -57.390054078071685,
    -45.51064769737725,
    -44.024810134988115,
    57.665019645355684,
    37.554130522345254,
    57.98996210498954,
    39.62544986751164,
    11.26056592691515,
    16.583486179449718,
    6.9579802271767335,
    -17.75763905823775,
    20.865070105480733,
    -2.0030692653152284,
    42.67427010900249,
    55.0416751922798,
    14.167167692922982,
    -23.527572542668686,
    6.890320377103721,
    -9.613909029702848,
    -24.932944527604615,
    51.990661814228204,
    57.82533689368786,
    -13.37438490389547,
    -49.40703159768849,
    27.654129036596498,
    46.47349433806804,
    -24.106597261579687,
    -21.965183680481424,
    -2.761720141302256,
    -32.61356178425285,
    -19.982947092514223,
    -57.99393683808609,
    -8.290538210366734,
    -20.284052503229994,
    -57.93693447728895,
    -29.9118943126085,
    -25.155716943371317,
    -8.283896358124283,
    -57.992058446443885,
    -49.95865537728392,
    -57.9697967680455,
    -33.048836791962785,
    -53.716034958514896,
    -57.08525495240239,
    -0.13568262983637758,
    -57.995673486734475,
    -33.47627388903328,
    -25.980946952001275,
    -27.295898685619893,
    0.301025505437558,
    -57.61315496707666,
    -57.84958018286403,
    -52.867301615136945,
    -18.954669745984184,
    -55.24763097656411,
    -50.424708475637146,
    -13.663125814365243,
    -18.941988500704078,
    -31.40985258568351,
    -56.531606306500215,
    -56.22628126204527,
    -56.39429968828844,
    31.16727610613961,
    -57.528691201252535,
    28.692363188256778,
    -57.287053993419654,
    33.125732211228815,
    -55.92443324977705,
    4.697972538047523,
    -43.17880719987162,
    -50.767820310293125,
    -44.626404824167444,
    1.4078304300546196,
    25.42842525286981,
    -37.57042805037664,
    -57.99832947575838,
    -2.545951674747951,
    11.021544270696637,
    -9.264445544802816,
    -1.6934238031858642,
    -25.572454929076677,
    12.538033079296905,
    17.473382068854235,
    -21.80973734633724,
    -42.94818643410986,
    25.50017246365705,
    -3.4965860597423193,
    4.760144942147553,
    -33.22503351132353,
    -36.46707944604471,
    -29.8387563279054,
    47.04247921692387,
    -25.916053190955378
  ],
  "ctrl_y": [
    -20.433491687207066,
    12.07802429259679,
    -26.205612609232254,
    -18.966973630124393,
    12.478292909693659,
    -35.035866548936234,
    -38.0745738145934,
    -18.540325589895737,
    -31.216112941226353,
    31.47679963767522,
    -56.121162005554154,
    -49.198150777437725,
    15.212901385445434,
    -14.251684107309146,
    21.40659982580031,
    -12.785325508833347,
    -41.0872667916169,
    -2.0051561090152545,
    -9.890063000709217,
    -26.474040464728304,
    -36.94973345544447,
    -51.59719704356522,
    3.935508285483797,
    22.18237424367691,
    -16.202746596290343,
    3.798705123130838,
    -26.181271691057386,
    -57.98799840257493,
    3.106234614414031,
    -57.94647037321691,
    -8.990702300892757,
    -25.666043550206343,
    -34.98897475465062,
    -27.338848127178014,
    -45.48675146519804,
    -45.169341347359335,
    51.02875800154393,
    -27.708684414571284,
    4.805380105379868,
    5.367547991143442,
    15.09606617962053,
    -6.285067001366543,
    -12.972030038068509,
    17.52100262028925,
    40.717893055312636,
    -5.994244506003528,
    42.36611813328339,
    43.160467387593876,
    40.009829611084676,
    -31.38625225124329,
    13.30812503414163,
    -21.541741426571438,
    -5.923501748545202,
    -22.72981942759096,
    -13.108798474964633,
    35.89461764946314,
    13.766247253974145,
    -29.020470648393193,
    27.66454678930244,
    -27.03984274141348,
    -28.53147929724861,
    -48.53162152627108,
    -10.975869695262945,
    -54.192218434724275,
    25.490233446876523,
    -6.907264555968417,
    15.568531096481236,
    -51.33531269634807,
    12.175435068847165,
    28.84878616550633,
    3.5594545857659856,
    -33.6192359965834,
    -36.67121328160108,
    -47.58223542222411,
    -51.01903054235136,
    -50.92604256101714,
    -20.337154771554985,
    16.212220855618675,
    18.388513473438625,
    23.78022770075884,
    -27.64767135318609,
    24.682017592847423,
    -11.629706201427222,
    50.54961860326113,
    51.693690687348315,
    27.25969447050481,
    17.30164757240669,
    53.608490372020505,
    -2.1874393806648733,
    -40.692473017377345,
    40.53584246981245,
    54.786853475717024,
    -27.502624166911083,
    41.251950481129725,
    -32.69979477379976,
    22.943891468356217,
    -4.3126755227515154,
    -3.499817350571707,
    22.221477067250216,
    43.48181014202158
  ],
  "amplitudes": [
    26.858188402273868,
    18.475505714569703,
    40.660150817425254,
    46.3020079785279,
    49.6312305506455,
    37.0068515815252,
    66.45366837042417,
    60.31054617613187,
    55.18754171907088,
    54.11998542915642,
    80.46638624638807,
    61.89322062398143,
    59.95221491739409,
    42.11041174219514,
    24.187659272785293,
    20.939831953261336,
    41.67225673331463,
    17.870489527267353,
    23.09035505713637,
    26.54971007392966,
    56.44799493130377,
    75.44439509151707,
    14.703634445419006,
    32.335806729337655,
    17.606973395865882,
    10.337185663607984,
    36.15398608974634,
    77.8821987017475,
    57.908706429588655,
    59.46988818109256,
    50.21839801465462,
    37.7292544889747,
    58.17227888240258,
    36.44915154640648,
    50.512511845818786,
    45.25369041186741,
    60.56053628754795,
    34.16268968463297,
    58.1926832852473,
    9.876416113893685,
    25.2850548754254,
    58.27684311832051,
    32.60360386026693,
    30.656086308516315,
    41.55201263159249,
    58.30102752142124,
    65.50385647265009,
    72.27256244553705,
    51.89423936054773,
    62.21341689734674,
    58.615974997479384,
    21.54216872706421,
    58.29739287605351,
    40.46363311301227,
    29.100690747470917,
    45.09423090880669,
    13.769538111805879,
    64.50940506557662,
    64.12410682723869,
    59.38101275278346,
    34.25382921760214,
    73.53651485141123,
    51.6054351829377,
    55.88808053508407,
    31.75769087224492,
    32.16036602870848,
    58.63618057219654,
    76.13612174382445,
    57.69365871955256,
    42.46941915189623,
    57.638702520764646,
    44.198469818770896,
    68.01900057182297,
    57.97743752793841,
    75.69995846623794,
    51.14227954339519,
    47.72849521413667,
    53.29359890389809,
    48.266483560471954,
    23.821864243163795,
    37.5632605359888,
    44.95263125048586,
    59.15282147379057,
    50.61369193079394,
    52.85557770935976,
    28.790986330410554,
    17.38432319352591,
    59.39546018903022,
    12.727417826944592,
    44.28539760682001,
    46.03063292910134,
    69.61426600739783,
    37.50537470473552,
    41.39987358157949,
    33.04444821931325,
    40.37728331054828,
    36.721207135505175,
    30.04330375780063,
    52.026809376753455,
    50.619261415228486
  ],