{
  "durations": [
    10.0,
    9.5,
    9.0,
    8.5,
    8.0,
    7.5,
    7.0,
    6.5,
    6.0,
    5.5,
    5.0,
    4.5,
    4.0,
    3.5,
    3.0,
    2.5,
    2.0,
    1.5,
    1.0
  ],
  "fidelities": [
    0.9959015747738039,
    0.9999737848540009,
    0.9999986231404648,
    0.9999828363282435,
    0.9911679757387208,
    0.964532725186546,
    0.924747930827556,
    0.8780960151827406,
    0.8265181125191299,
    0.7713710164634046,
    0.7211291719492756,
    0.6810624915321831,
    0.6514180596488737,
    0.6304888379393573,
    0.6164700799785349,
    0.6079471843027162,
    0.6031825151599473,
    0.6008255684639053,
    0.5999558753814791
  ],
  "best_duration": 8.5,
  "best_fidelity": 0.9999986231404648,
  "target_reached": true
}