{
  "ctrl_x": [
    16.971351254501993,
    4.87610581445484,
    -20.976510326463355,
    -23.557799221465643,
    -7.4474235232889985,
    7.822451757767877,
    9.103741489849474,
    -6.364887672015214,
    -28.067382044163693,
    -39.33483539674156,
    -39.335545398740294,
    -39.33761711143151,
    -23.1684734297895,
    -3.348253093998604,
    3.275502075701555,
    -5.849072375818816,
    -15.896784403450324,
    -10.248186773119105
  ],
  "ctrl_y": [
    -16.17349152125588,
    -25.04196801837616,
    -23.256413369782972,
    -14.315495379303002,
    -12.64296303570822,
    -27.45698803486872,
    -38.92099217417353,
    -39.33593711005287,
    -39.337996903589406,
    -39.33814365429854,
    -29.30817083531404,
    -17.12601280868264,
    -12.59347892834385,
    -15.35357459980599,
    -24.07645787992142,
    -29.83056338973403,
    -18.211544300191377,
    12.743144417762442
  ],
  "amplitudes": [
    23.44373245436448,
    25.512282731012814,
    31.31891997343529,
    27.56634382927364,
    14.673398769798453,
    28.549552421176934,
    39.971511616851366,
    39.847556304037084,
    48.32448587620827,
    55.63019703232212,
    49.05358304475129,
    42.903944279387076,
    26.369942597311482,
    15.714421776612681,
    24.29824557229504,
    30.398588121926107,
    24.173706794110302,
    16.352769239143672
  ],
  "phases": [
    5.521854407692462,
    4.904699953722023,
    3.978488368221666,
    3.6876367346043435,
    4.180054800111962,
    4.989934160686566,
    4.942161211865852,
    4.551970891758916,
    4.092664653583454,
    3.9270328677344604,
    3.7819382165845354,
    3.552205227549032,
    3.6394788684357793,
    4.497674159282809,
    4.847604691975349,
    4.518768850193929,
    3.9947518628620187,
    2.2481001525090525
  ],
  "target_theta": 0.0,
  "optimized_theta": 0.0023037767001478863,
  "fid_err": 0.005178425061968195,
  "probe_fidelity": 0.9948215749380318,
  "phase_gate_fidelity": 0.9948215749380318,
  "fidelity_metric": "paper_eq7_special_state_phase_gate_fidelity",
  "objective": 0.005178425061968195,
  "num_iter": 30,
  "num_fid_func_calls": 34,
  "wall_time": 0.4016928889996052,
  "termination_reason": "STOP: TOTAL NO. OF ITERATIONS REACHED LIMIT",
  "evo_time": 11.309733552923257,
  "num_tslots": 18,
  "control_smoothness_cost": 297.7862948944962,
  "control_curvature_cost": 270.9920006833334,
  "success": false,
  "gate_time_ns": 180.0,
  "gate_time_us": 0.18,
  "slot_duration_ns": 10.0,
  "slot_midpoints_ns": [
    5.0,
    15.0,
    25.0,
    35.0,
    45.0,
    55.0,
    65.0,
    75.0,
    85.0,
    95.0,
    105.0,
    115.0,
    125.0,
    135.0,
    145.0,
    155.0,
    165.0,
    175.0
  ],
  "omega_max_hz": 10000000.0,
  "omega_max_mhz": 10.0,
  "effective_rabi_hz_reference": 10000000.0,
  "effective_rabi_sequence_hz": [
    5959435.433712826,
    6485264.323761415,
    7961321.082239173,
    7007410.040780454,
    3730002.154390547,
    7257343.285528287,
    10000000.0,
    10000000.0,
    10000000.0,
    10000000.0,
    10000000.0,
    10000000.0,
    6703282.875510505,
    3994631.9187079608,
    6176654.076839756,
    7727371.2085433025,
    6144996.11413991,
    4156900.8959125546
  ],
  "effective_rabi_sequence_mhz": [
    5.959435433712826,
    6.485264323761415,
    7.961321082239174,
    7.007410040780454,
    3.730002154390547,
    7.257343285528287,
    10.0,
    10.0,
    10.0,
    10.0,
    10.0,
    10.0,
    6.703282875510506,
    3.994631918707961,
    6.176654076839756,
    7.727371208543302,
    6.14499611413991,
    4.156900895912554
  ],
  "effective_rabi_fraction": [
    0.5959435433712826,
    0.6485264323761415,
    0.7961321082239173,
    0.7007410040780454,
    0.3730002154390547,
    0.7257343285528287,
    1.0,
    1.0,
    1.0,
    1.0,
    1.0,
    1.0,
    0.6703282875510506,
    0.3994631918707961,
    0.6176654076839756,
    0.7727371208543302,
    0.614499611413991,
    0.4156900895912555
  ],
  "dimensionless_gate_time": 11.309733552923257,
  "physical_time_from_dimensionless_ns": 180.00000000000003,
  "scan_stage": "coarse",
  "ensemble_size": 2,
  "omega_mode": "yb171_default_10mhz",
  "wall_clock_scan_s": 1.5375808260000667
}