{
  "evo_time": 8.0,
  "num_tslots": 100,
  "drift_max_abs_error": 0.0,
  "lower_x_max_abs_error": 0.0,
  "lower_y_max_abs_error": 0.0,
  "max_density_frobenius_error": 1.4790489400545063e-13,
  "max_loss_population": 0.0,
  "min_purity": 0.9999999999999721,
  "theta_v3_limit": 0.48683345354493673,
  "theta_v4_noiseless": 0.4868334680449596,
  "phase_gate_fidelity_v3_limit": 0.7569078256332029,
  "phase_gate_fidelity_v4_noiseless": 0.7569078256332029
}