{
  "ctrl_x": [
    0.34713984514969587,
    0.40138002379277654,
    0.45019051144669703,
    0.5005547716260564,
    0.5389032690171758,
    0.5711283173172718,
    0.6009852364123359,
    0.6193013968529429,
    0.6309284007869984,
    0.6378816761349877,
    0.6404519342505673,
    0.6348496519501852,
    0.6247344596370434,
    0.6229197987633517,
    0.6138884515257184,
    0.5984626518962392,
    0.5719950464883952,
    0.539356190958059,
    0.5093368611105362,
    0.4698312447912001,
    0.4274796284748537,
    0.4315961113434987,
    0.4316167329448644,
    0.4637030079941011,
    0.46525768296135017,
    0.5077185956868787,
    0.5420443762520664,
    0.5489217669429848,
    0.5651159100078754,
    0.5741151819687946,
    0.59888292918643,
    0.6350350900338145,
    0.6307788368356617,
    0.6790737300268771,
    0.6825377545205633,
    0.6925287213410097,
    0.6673602823983267,
    0.6772401081473918,
    0.679865219888094,
    0.7024003105750396,
    0.7239063163407577,
    0.739353537728709,
    0.7614324420134654,
    0.7721743869224555,
    0.7827942479700609,
    0.7958993576597009,
    0.8120619956727152,
    0.8224804022513185,
    0.8331926595846726,
    0.8373284248683702,
    0.8370241676148262,
    0.8335122476486134,
    0.8343596223888273,
    0.8295184681752744,
    0.8274923182667872,
    0.8176167900308575,
    0.8057465867054736,
    0.7792485546764277,
    0.7495329364900266,
    0.7111396129972953,
    0.6998852177303971,
    0.7069638132107424,
    0.7230523363952254,
    0.7355161588621791,
    0.7447833349800846,
    0.7250229989276055,
    0.7180301854916395,
    0.7047280831438093,
    0.6823378232051598,
    0.6559046226943887,
    0.612314467163757,
    0.5620175067431303,
    0.5498115144967216,
    0.5025031793055571,
    0.472929901727401,
    0.4243472132822792,
    0.43021233205849047,
    0.4080229203889003,
    0.41848621815437714,
    0.4551699259849855,
    0.4730683179336789,
    0.5110759602735426,
    0.5514369095357856,
    0.5841838606542891,
    0.6101054807805102,
    0.6291361380733164,
    0.6412389121549651,
    0.6491665707870914,
    0.6519469236216134,
    0.6553928922375816,
    0.646445217544775,
    0.6419916704906231,
    0.6281357435906917,
    0.6135701774164813,
    0.5920245291158,
    0.5636663594621155,
    0.5293079703587503,
    0.487761440680906,
    0.43759473594832954,
    0.38070244075110177
  ],
  "ctrl_y": [
    -0.625229627266,
    -0.5809100494089999,
    -0.531012089788865,
    -0.4837741997301825,
    -0.4256806484330884,
    -0.3645670101677758,
    -0.3030239523178033,
    -0.23767011192442508,
    -0.17175485069377863,
    -0.10651157741279459,
    -0.04146805900703699,
    0.022598367104213913,
    0.08551539964758989,
    0.1503278719409857,
    0.2151886101575092,
    0.2796785050272974,
    0.3399076859377967,
    0.39770450640335975,
    0.4460131134063406,
    0.5007664022123489,
    0.5453533855886735,
    0.5494968345176215,
    0.5612493564705826,
    0.5473436420171607,
    0.5582053952102637,
    0.5286401882040771,
    0.5065414300792122,
    0.5089943748305644,
    0.5000604213274171,
    0.483589728189232,
    0.4692384073627881,
    0.4247588685177884,
    0.437013598752273,
    0.37668856530899897,
    0.38778002160939706,
    0.383172174596335,
    0.4433381206961165,
    0.44213506604652103,
    0.45599395738397436,
    0.4230694178294173,
    0.3998667763849034,
    0.3819977631365342,
    0.3373236544194892,
    0.3182893070433558,
    0.28294922384037935,
    0.24297725242822352,
    0.20143243703597863,
    0.1333724721406389,
    0.06294367814485884,
    0.0026687481525377852,
    -0.032104737037175014,
    -0.08779978781974077,
    -0.0892272380255717,
    -0.15484931942039534,
    -0.171413825929981,
    -0.23065555209758187,
    -0.27747238497758503,
    -0.3393192881605989,
    -0.4145796646100745,
    -0.46885713188938183,
    -0.5001200847260867,
    -0.47612573180059764,
    -0.4443878996190338,
    -0.4044059547870304,
    -0.3876441342666432,
    -0.40716948948886067,
    -0.4141084427206243,
    -0.4183537037130658,
    -0.4388994354069802,
    -0.4609404873825276,
    -0.5181423452173468,
    -0.5675561215469201,
    -0.5744634388403681,
    -0.6054812676877768,
    -0.6166549707727486,
    -0.6440716366142744,
    -0.6287391780860442,
    -0.6313838126833229,
    -0.612455100294716,
    -0.5737257831734471,
    -0.551367995679267,
    -0.5020826066285731,
    -0.44315641544536427,
    -0.3803584648291884,
    -0.31621531183415913,
    -0.25013698707791376,
    -0.18409666234913244,
    -0.11957213631787991,
    -0.05368981016080503,
    0.01125008663940541,
    0.07588562638361039,
    0.14152700069933344,
    0.20600262241050682,
    0.2714868765524231,
    0.3362990301788756,
    0.3994854179749668,
    0.4595589619913097,
    0.5169889313657844,
    0.5648033629119591,
    0.6081240913736357
  ],
  "amplitudes": [
    0.7151350633983318,
    0.706089519115145,
    0.6961647334493297,
    0.6961268244524068,
    0.686746494572643,
    0.6775667197732851,
    0.6730577761707338,
    0.6633410150489528,
    0.653888656925995,
    0.6467130344068713,
    0.6417930195967421,
    0.6352517349657915,
    0.6305600912164325,
    0.6408022665172776,
    0.6505114671227284,
    0.6605888372421859,
    0.6653687460099469,
    0.6701298196158161,
    0.6770167910889292,
    0.6866646839373265,
    0.6929279529172043,
    0.6987288275659708,
    0.7080210761669751,
    0.717360120218142,
    0.7266759764822358,
    0.7329656342494498,
    0.7418870036691471,
    0.7485922654108614,
    0.7545968570847503,
    0.7506445679395791,
    0.7608189310310861,
    0.7639958520559956,
    0.7673739808555949,
    0.7765535435803304,
    0.7850039054077103,
    0.7914650625688402,
    0.8011981251757512,
    0.808787722898569,
    0.8186251928594577,
    0.8199719072007493,
    0.8270028982382708,
    0.8322054702976143,
    0.8328064670627314,
    0.8352013929569381,
    0.8323623597489775,
    0.8321620832029618,
    0.8366718063292239,
    0.8332239965413838,
    0.835566822345277,
    0.8373326777985244,
    0.83763964287247,
    0.838123779474986,
    0.8391170832955903,
    0.8438478540405334,
    0.8450599011374847,
    0.849528810019886,
    0.8521845377690623,
    0.8499211076818348,
    0.8565488434360087,
    0.851790208500591,
    0.8602089380749037,
    0.8523459072888941,
    0.848696227453858,
    0.8393617791003972,
    0.8396250299362163,
    0.8315319249100409,
    0.8288866928655924,
    0.8195495668853638,
    0.8113061194006377,
    0.8016713834111271,
    0.8021224947633422,
    0.7987387739374788,
    0.7951735307701584,
    0.7868398888801902,
    0.777126788192653,
    0.7712968498000145,
    0.7618369935330781,
    0.7517501064058563,
    0.741776222766788,
    0.7323530131017162,
    0.7264986580111298,
    0.7164395166714816,
    0.7074392367891129,
    0.6970963669509165,
    0.6871832514815768,
    0.6770382504218084,
    0.6671423562852036,
    0.6600869127706543,
    0.6541539474273538,
    0.6554894412917239,
    0.650884050794106,
    0.6574064168429526,
    0.6610533963427138,
    0.670949690181822,
    0.6808744970800691,
    0.6908750711698235,
    0.7009717305511184,
    0.7107663316237263,
    0.7144872228992947,
    0.7174602838505112
  ],