{
  "ctrl_x": [
    0.6885167244508431,
    0.6890303045537464,
    0.6931589329959246,
    0.6862342792031263,
    0.6750702267317795,
    0.6678810800936825,
    0.6535116971288268,
    0.63377158005415,
    0.6288540627843779,
    0.6148112138814384,
    0.6385310571604861,
    0.6203619764245444,
    0.6246832755859537,
    0.5789963075030963,
    0.568703986238906,
    0.5984001399527027,
    0.6349431810475086,
    0.6385857926364884,
    0.6673744477563871,
    0.6832041378347631,
    0.6751123375585245,
    0.7150344192414809,
    0.731978574894891,
    0.7435578154931435,
    0.7684311575217698,
    0.804444840192423,
    0.8451567521069719,
    0.8629157725091453,
    0.8881134613545408,
    0.8895685143236005,
    0.9171474860823208,
    0.9678764448933078,
    0.9137453432669259,
    0.972869901134739,
    0.9447906165673067,
    0.9579923939360333,
    0.9807694417126382,
    0.9938416797028486,
    0.9964861369648016,
    1.0,
    0.9983686241875359,
    0.9983379243398258,
    0.9898260934062263,
    1.0,
    1.0,
    1.0,
    1.0,
    1.0,
    0.984787290903337,
    0.949933265738011,
    0.9105969157583175,
    0.8598290858175572,
    0.7955619923311107,
    0.7298633995698987,
    0.6563936182467461,
    0.5922030048383996,
    0.5089899640125961,
    0.5254085073186315,
    0.5775056796254404,
    0.6477152854464059,
    0.5999569767788251,
    0.5855367895921149,
    0.5980135751995478,
    0.6106558562117942,
    0.6049865859694372,
    0.5997280639065973,
    0.6246290057454166,
    0.6220344752822138,
    0.6647333076882682,
    0.6588186945140908,
    0.651863975896796,
    0.6292975751434082,
    0.639064068484517,
    0.5924356755903066,
    0.5602370041839096,
    0.5799069653183043,
    0.5608544507000731,
    0.5516841813563167,
    0.5168142065133815,
    0.5226348820095505,
    0.4685206368909142,
    0.43598032623164856,
    0.3738641862472796,
    0.29015519425609626,
    0.18576695070289526,
    0.2388765093201738,
    0.15675983980457697,
    0.13211140375575617,
    0.18690331693107498,
    0.1938337447212426,
    0.2543227353707484,
    0.30465350499874444,
    0.31722522016703214,
    0.2744740537142725,
    0.3120681479379276,
    0.3154934009194166,
    0.31342569680752613,
    0.23368060210494396,
    0.16595144820058816,
    0.11036938128649484
  ],
  "ctrl_y": [
    1.0,
    1.0,
    1.0,
    1.0,
    1.0,
    1.0,
    1.0,
    1.0,
    1.0,
    1.0,
    1.0,
    1.0,
    0.9834854397210352,
    1.0,
    1.0,
    1.0,
    0.9898553082087913,
    1.0,
    0.9970672489816768,
    0.9994703977351389,
    1.0,
    1.0,
    0.9976794812121664,
    1.0,
    1.0,
    1.0,
    0.9967063163771064,
    1.0,
    0.9944368196826444,
    0.9998951150555159,
    0.9892879654456319,
    0.9576734816290525,
    0.9941718122657144,
    0.9331006431488371,
    0.9205731486030873,
    0.863531817506246,
    0.7878798077488901,
    0.7322639917332332,
    0.6960858111762366,
    0.6488705649290792,
    0.5983729010103384,
    0.5247277552106612,
    0.4515079122209158,
    0.28995906761303,
    0.16511039252218432,
    0.004584397798789004,
    -0.13362668314509052,
    -0.24192515915354929,
    -0.3576680256847695,
    -0.4867925709376077,
    -0.597118157654921,
    -0.7010110867670231,
    -0.7975583611816826,
    -0.8833628889331588,
    -0.9433328539092993,
    -0.9747511584699631,
    -1.0,
    -1.0,
    -0.9726271396458146,
    -0.9439124215226521,
    -0.9981223523575867,
    -1.0,
    -1.0,
    -1.0,
    -1.0,
    -1.0,
    -1.0,
    -1.0,
    -0.9731009048659733,
    -0.9978482230791383,
    -0.9938698232912841,
    -1.0,
    -0.9817195112198048,
    -1.0,
    -1.0,
    -1.0,
    -1.0,
    -0.9980511296292988,
    -0.9988220025609407,
    -0.9753529361710366,
    -0.9849417687932699,
    -0.9856848567450696,
    -0.9971415486587697,
    -1.0,
    -1.0,
    -0.9970842505876303,
    -1.0,
    -1.0,
    -1.0,
    -1.0,
    -1.0,
    -1.0,
    -0.9988751381580931,
    -1.0,
    -1.0,
    -1.0,
    -0.9877776857832083,
    -1.0,
    -1.0,
    -1.0
  ],
  "amplitudes": [
    1.214106782720745,
    1.2143981063034595,
    1.2167453745102337,
    1.2128138711086027,
    1.2065321425555542,
    1.2025244850509713,
    1.194603506726897,
    1.183919936348879,
    1.1812948117554813,
    1.173879392746277,
    1.186474572402834,
    1.1767960663570247,
    1.1651063491973919,
    1.155524436826076,
    1.1504017663251485,
    1.1653680652460896,
    1.1759959074536996,
    1.1865040305692907,
    1.199804881016089,
    1.2106646810340915,
    1.2065557046086746,
    1.229338936461382,
    1.2373992812899697,
    1.2461453466513992,
    1.2611448940745258,
    1.2834062104073725,
    1.3067950936309893,
    1.3208420157025045,
    1.3332854565244743,
    1.3383282044355866,
    1.349018231827383,
    1.3615885244797048,
    1.3502992796582864,
    1.3480180469039316,
    1.3191225231503831,
    1.2897428529303554,
    1.25803946251926,
    1.234476341573085,
    1.2155328369418543,
    1.1920708913614921,
    1.1639544829698631,
    1.1278376781538961,
    1.0879407566526413,
    1.041189829421618,
    1.0135390676825584,
    1.0000105082963766,
    1.0088885421335494,
    1.028847793714634,
    1.0477272664782447,
    1.0673988085414599,
    1.0889154407894892,
    1.1093793763127828,
    1.1265070896948042,
    1.1458754625071896,
    1.1492299401511077,
    1.1405455799213657,
    1.1220832337511972,
    1.1296256457618128,
    1.131157090228957,
    1.1447732310399628,
    1.1645585447977402,
    1.158815486592167,
    1.1651696168897236,
    1.1717084000406242,
    1.1687637781874296,
    1.1660504923189028,
    1.1790510569175991,
    1.177678601503661,
    1.1784717821828241,
    1.1957186744980797,
    1.1885721975214745,
    1.1815309721210754,
    1.171399198538925,
    1.1623166649894265,
    1.146239722247036,
    1.1559810069480747,
    1.146541632419024,
    1.1403777853470791,
    1.1246076279547033,
    1.1065534645874997,
    1.0906978844328448,
    1.077800297679307,
    1.0649252076178637,
    1.0412444654132826,
    1.0171083324668282,
    1.0252994633154195,
    1.0122122541125238,
    1.0086889624667836,
    1.0173164944499022,
    1.0186125468462774,
    1.0318333459073998,
    1.0453773281012078,
    1.0480378723788428,
    1.0369840915666668,
    1.04756218381412,
    1.048587662536471,
    1.0363109687494936,
    1.0269404188170457,
    1.0136764193567258,
    1.0060722639679336
  ],