{
  "durations": [
    10.0,
    9.5,
    9.0,
    8.5,
    8.0,
    7.5,
    7.0,
    6.5,
    6.0,
    5.5,
    5.0,
    4.5,
    4.0,
    3.5,
    3.0,
    2.5,
    2.0,
    1.5,
    1.0
  ],
  "fidelities": [
    0.992556725142838,
    0.9999930566488102,
    0.9999991312356163,
    0.9999993863420122,
    0.9913335008543541,
    0.9644781913600958,
    0.9247216505378955,
    0.8780742666558374,
    0.8265111815067945,
    0.7713532920865912,
    0.7211140133910031,
    0.6810500304279828,
    0.6514099404386191,
    0.6304838968878188,
    0.6164669041975801,
    0.6079457452901531,
    0.6031816829064118,
    0.6008279364703075,
    0.599974242593512
  ],
  "best_duration": 8.5,
  "best_fidelity": 0.9999993863420122,
  "target_reached": true
}