{
  "ctrl_x": [
    -12.506010239915236,
    -15.991573157768082,
    -10.067627697332247,
    -16.363829495235446,
    -11.199103166527548,
    -7.866641567341528,
    -2.616398071395479,
    -8.8198126728165,
    1.0377740972304446,
    -3.376727629296646,
    -1.1954767347268604,
    8.554615793153667,
    11.08778908903472,
    12.295662579846168,
    12.967511639612786,
    24.8323886580824,
    29.174803518680765,
    21.17639509882599,
    31.73013495529651,
    34.57067275873867,
    42.50375819242731,
    43.25334638623571,
    47.05274824443286,
    51.499301433052196,
    51.8841136472867,
    51.33489475566334,
    42.231030274549994,
    48.23577753670673,
    55.96458748882153,
    44.0819254699783,
    41.10171458982661,
    47.244709560953076,
    54.05734759722482,
    38.833809465539126,
    45.21038066593026,
    35.4647330740991,
    48.51333932933669,
    46.292131729963984,
    38.94395237607237,
    43.08257725599289,
    43.28150368420863,
    37.74172641674588,
    38.32082158354203,
    34.31991140198518,
    36.156592911065,
    30.233786322262876,
    31.076709446742026,
    27.74341237150349,
    27.218339826231485,
    24.46328257293604,
    22.68841839612439,
    25.13897297059558,
    21.99908478441075,
    24.900741748715454,
    22.29765414878343,
    23.14281997766857,
    22.898130406108805,
    24.77664198926929,
    25.71973119219646,
    25.399418139957973,
    28.218644403707753,
    31.439549067787517,
    32.13901044907899,
    31.547308355454817,
    37.427002328758576,
    35.47481009310983,
    40.639073704893654,
    36.2310659689957,
    37.23041622497503,
    33.54351531849366,
    38.5869014130893,
    38.05755613225413,
    34.18790100851726,
    35.070164146459916,
    35.763996309056445,
    33.54473108000824,
    31.25425486877923,
    33.197460929232086,
    27.908227439589155,
    30.05154547217374,
    26.584136860618948,
    23.197300994046035,
    23.81024485915065,
    22.333724727734296,
    26.19760125301993,
    19.47452324856738,
    20.74932539372039,
    18.983015177422647,
    20.596832383246912,
    19.439682267448184,
    16.77134302192796,
    15.47388984845291,
    15.297890855388733,
    12.89508065988423,
    11.043253745657253,
    12.285855529607982,
    9.451810783940473,
    8.18515670929727,
    6.681734658228862,
    11.600891910131661
  ],
  "ctrl_y": [
    33.632498701789665,
    33.82211433721233,
    33.06259454667805,
    32.29967851293481,
    35.092334388989414,
    35.94555760453626,
    36.56038958039612,
    35.63110897464033,
    40.343430752880536,
    40.10811538218249,
    47.883780370510095,
    41.552196307090924,
    48.469506266156564,
    43.9974862187161,
    48.74427881059872,
    45.80507778715888,
    46.309886245707304,
    41.26281691361215,
    40.36656415863067,
    44.98999535991653,
    44.39175752422509,
    36.21648017957764,
    35.3863650086828,
    36.19302876551783,
    30.432392462192663,
    30.376397220124282,
    26.374154600879564,
    22.393515420347573,
    19.787390035191677,
    17.60624291428004,
    16.66980374421195,
    12.849943585461983,
    14.573021142526251,
    7.875879336844071,
    11.753194528929045,
    8.86362169318205,
    10.428867528401602,
    6.688710994627076,
    10.817021631851112,
    11.060885851780597,
    14.525672563891984,
    17.02356264262153,
    16.997552000057894,
    20.574690464974516,
    21.805954307837037,
    25.632683912847686,
    26.16165809639402,
    28.976613793854654,
    29.94568037676784,
    34.01734921389259,
    31.785951602484776,
    33.4484230693119,
    33.88960012629696,
    36.43140764597116,
    37.98656097189893,
    37.37542090787848,
    38.05495771727555,
    36.34532505245825,
    37.820359450340376,
    33.139045091449965,
    37.01374326933867,
    32.03741687111777,
    31.900801901680655,
    28.46149268481603,
    29.328738253033286,
    23.756329512802505,
    17.76799181305271,
    14.159826732586492,
    9.272370446387674,
    6.703246750047699,
    7.495174807382867,
    6.511652239819948,
    -2.2217767157473056,
    -0.4586618391067625,
    -2.9513979020441288,
    -4.812149208096005,
    -9.957415150433416,
    -9.202160023056363,
    -12.27870646708538,
    -15.134292029551796,
    -18.43002491118736,
    -18.789705092333985,
    -18.826179826339423,
    -24.615674481371546,
    -22.09143309408883,
    -25.324690080516422,
    -26.214613870294965,
    -27.66362966527334,
    -25.594869383268986,
    -29.43629371929859,
    -26.103747443525883,
    -25.52661653704781,
    -32.83140903902919,
    -28.897856224613054,
    -29.253726931255876,
    -32.231009509889155,
    -29.534893279168536,
    -35.288062080254015,
    -34.92935460923142,
    -27.431645351908177
  ],
  "amplitudes": [
    35.88238092778611,
    37.41210807077987,
    34.56142771371166,
    36.208343621161134,
    36.836012876031745,
    36.796292762315886,
    36.65388963177495,
    36.706471123580776,
    40.356776134737885,
    40.25000880736449,
    47.89870131010361,
    42.4236545963628,
    49.72154567758235,
    45.68328044091779,
    50.43967758510037,
    52.1032885483607,
    54.733670847513764,
    46.37951885291457,
    51.344531999563266,
    56.73826836868663,
    61.45890982249788,
    56.41352151927257,
    58.87406853515145,
    62.94532055136405,
    60.15057572407336,
    59.6489474144331,
    49.79011898922371,
    53.180445348379756,
    59.359715777611015,
    47.46784114216021,
    44.35350379726621,
    48.961041978785204,
    55.98722867286525,
    39.624414606834556,
    46.713125581501906,
    36.55558892340467,
    49.621622009042746,
    46.77285874173165,
    40.418305056666185,
    44.47978933003973,
    45.65395628638957,
    41.403376649299425,
    41.92138047383855,
    40.014674887716204,
    42.2232027943399,
    39.63730969624717,
    40.62258268980253,
    40.11659353650931,
    40.46704580425605,
    41.90026541423377,
    39.05267018518836,
    41.842143442228334,
    40.403771211014444,
    44.12815884107501,
    44.04729497949396,
    43.960348094161574,
    44.4128830741576,
    43.98709630599946,
    45.73712017116725,
    41.75316456774959,
    46.543625587092166,
    44.886983919167484,
    45.283298848651484,
    42.48869532383862,
    47.54950463287539,
    42.69455870556643,
    44.35353249359612,
    38.89975365406045,
    38.36770446586461,
    34.206738179985,
    39.30809847927905,
    38.61060985858713,
    34.2600184930308,
    35.073163301052496,
    35.885570659673135,
    33.88813602473659,
    32.80211218627074,
    34.449254872026295,
    30.48992934273022,
    33.647320554568395,
    32.34783069776249,
    29.852433583633527,
    30.35379394913228,
    33.23742905802217,
    34.26872812875953,
    31.9467836164018,
    33.43262605095733,
    33.55042878241126,
    32.853110095851946,
    35.27600650000163,
    31.02714259087607,
    29.850450898965274,
    36.220531251093405,
    31.644418142909938,
    31.268738264590375,
    34.49319092402099,
    31.010428054241498,
    36.22491015496954,
    35.562696628073816,
    29.78381875823555
  ],