{
  "durations": [
    10.0,
    9.5,
    9.0,
    8.5,
    8.0,
    7.5,
    7.0,
    6.5,
    6.0,
    5.5,
    5.0,
    4.5,
    4.0,
    3.5,
    3.0,
    2.5,
    2.0,
    1.5,
    1.0
  ],
  "fidelities": [
    0.999987270599737,
    0.9999961614512316,
    0.9999977180159337,
    0.9999994028031451,
    0.9999978263213289,
    0.999996749467916,
    0.9999951505935805,
    0.9999968945551114,
    0.9999991948905735,
    0.9999929406410599,
    0.9999920210810572,
    0.9999897027989817,
    0.9999894349341758,
    0.9999884880095792,
    0.999160781718075,
    0.9852199620287877,
    0.8589208120156057,
    0.6180571423987135,
    0.4759277282479669
  ],
  "best_duration": 3.5,
  "best_fidelity": 0.9999994028031451,
  "target_reached": true
}