{
  "ctrl_x": [
    0.3481144566313734,
    0.4091339734589349,
    0.4629538195254652,
    0.5122434825564681,
    0.551146007705369,
    0.5832168615435027,
    0.6086253140643292,
    0.6288288598435474,
    0.6434510616066305,
    0.6571047098666051,
    0.6625398190912799,
    0.6588963567466112,
    0.6500917909222752,
    0.6363186709523854,
    0.6169012337051933,
    0.5978345125230863,
    0.5690910729001574,
    0.5390305059806115,
    0.502453811414417,
    0.4597504305532122,
    0.4167110894013048,
    0.431340160204076,
    0.4320825692156677,
    0.46102614990730034,
    0.45587523654216405,
    0.5041490090534956,
    0.538947677129209,
    0.5424700283616676,
    0.5552802077265427,
    0.5679557647060072,
    0.5930683987839389,
    0.6268861384163079,
    0.6290537720032249,
    0.6732726739118925,
    0.680063268619902,
    0.6912589914721666,
    0.6686714517867824,
    0.6781538789884712,
    0.6753896738601125,
    0.7016198258725641,
    0.710576384336173,
    0.7253867353035374,
    0.7516937249787385,
    0.7687676079167951,
    0.7872434994789418,
    0.7990011977330954,
    0.8126946749587514,
    0.8228159096592399,
    0.834600565616673,
    0.8325315748241535,
    0.8339092191367953,
    0.8271136094765252,
    0.8288389569879301,
    0.8239338511575074,
    0.8244464551071659,
    0.8160934397613822,
    0.8017617724389431,
    0.7741258005255572,
    0.7503303415025204,
    0.7148356206388963,
    0.704595652143716,
    0.7024189876543878,
    0.7159833639090692,
    0.7358063147359187,
    0.7343104488458232,
    0.7229719487676118,
    0.7066663853755002,
    0.6967812807276266,
    0.6810378085192623,
    0.6564565732646325,
    0.6130040535042076,
    0.563524947325866,
    0.5432462111339305,
    0.5051900729948966,
    0.47588249829752666,
    0.4236607396743723,
    0.42902852963439103,
    0.4128907653308169,
    0.42283529010039,
    0.4167173156343432,
    0.46037227801577657,
    0.5094837033197845,
    0.5539123441350711,
    0.5880357486750418,
    0.6152915897129477,
    0.6370230237285326,
    0.6557332426987558,
    0.6690102952750985,
    0.675438424196689,
    0.6768393408359473,
    0.6717396041750423,
    0.6603615354673416,
    0.640465969954526,
    0.617516216237399,
    0.5914000830780739,
    0.5632769137939778,
    0.5281478299283148,
    0.4863757429603863,
    0.43748853482201244,
    0.394786448414391
  ],
  "ctrl_y": [
    -0.622895623620216,
    -0.5863930203328461,
    -0.5395583904180167,
    -0.48853692371318835,
    -0.42914767891764377,
    -0.36668392816113593,
    -0.30203541407673223,
    -0.23658397779560625,
    -0.17046460503469676,
    -0.10477034072906558,
    -0.03797641890352527,
    0.02868949924616643,
    0.09442215346700789,
    0.1590138158829224,
    0.22208415034580117,
    0.2859678598100857,
    0.3463741459768232,
    0.4074072696029968,
    0.4656665848715989,
    0.520756512603227,
    0.5679562597771408,
    0.5616908885269054,
    0.5736109519077778,
    0.5607098306142351,
    0.567065140257648,
    0.5331298655267612,
    0.5080580674175236,
    0.5095046093219231,
    0.503107418556153,
    0.4818270696958245,
    0.4632451255386266,
    0.4248278726114149,
    0.43343133072567225,
    0.37044065949099086,
    0.37858452835797285,
    0.3751505635997106,
    0.43134370307465086,
    0.4343540113049086,
    0.44101317459023776,
    0.4154356136396592,
    0.39403903021935394,
    0.37652581194879703,
    0.3379644325564951,
    0.31096758920130896,
    0.27420371232799406,
    0.23009479593854731,
    0.17864193537999537,
    0.11440908823191473,
    0.05155157976173598,
    0.004971828641437666,
    -0.0248904504111634,
    -0.06421676011303105,
    -0.0825617282467975,
    -0.13970377608802645,
    -0.16546131142238638,
    -0.22545837248563247,
    -0.2692872377831872,
    -0.34187781870303735,
    -0.3914489238685093,
    -0.457553663168648,
    -0.4773221870685471,
    -0.46301509293769794,
    -0.4296672396281472,
    -0.3971110126684346,
    -0.3851784708393725,
    -0.40083589630572264,
    -0.4105264636491372,
    -0.4183276208776866,
    -0.4365896577616538,
    -0.4612279206036172,
    -0.5176882839624687,
    -0.5675227342506155,
    -0.5735451582925296,
    -0.6111508684007189,
    -0.6239695335676935,
    -0.6485062041236583,
    -0.6328073467891511,
    -0.6318523008583499,
    -0.6135646514713339,
    -0.6057725321749616,
    -0.5605771127790439,
    -0.5075515273545664,
    -0.4511802513293267,
    -0.3882626373787507,
    -0.3231092021968453,
    -0.25701194124382304,
    -0.19093041123334134,
    -0.12397082325575452,
    -0.056277894061220295,
    0.011465815687115157,
    0.07895076361971952,
    0.1458042726089115,
    0.21059412992701726,
    0.27424210599934185,
    0.336400887836468,
    0.39916720517834947,
    0.459987567262668,
    0.5171327079465625,
    0.5689605269708607,
    0.6080705559270374
  ],
  "amplitudes": [
    0.7135703419011851,
    0.7150156519499234,
    0.7109497138924088,
    0.7078571262993149,
    0.6985196147066793,
    0.6889114680133683,
    0.6794484265022669,
    0.6718613796920669,
    0.6656481429797089,
    0.6654047069455999,
    0.6636273203193506,
    0.6595206564626716,
    0.6569131447077904,
    0.6558863046628265,
    0.6556588304764956,
    0.6627093791460001,
    0.6662129526328844,
    0.6756734194143521,
    0.6850585382803812,
    0.6946638063211145,
    0.7044305821371338,
    0.7082026461818838,
    0.7181398685274055,
    0.7259067605731419,
    0.7275885544645407,
    0.7337531443518345,
    0.7406669957214234,
    0.7442235407396046,
    0.7493017974748684,
    0.7448027092824316,
    0.7525464583475516,
    0.7572746872080507,
    0.7639184292358133,
    0.7684545371331929,
    0.778339446795557,
    0.7864966234258718,
    0.7957253927183647,
    0.8053298024559719,
    0.8066249634861474,
    0.8153877170632431,
    0.8125180338383128,
    0.8172867323149354,
    0.8241743831530103,
    0.8292794924003519,
    0.8336306156363884,
    0.8314725065189604,
    0.8320970951653546,
    0.830731882533962,
    0.8361911680373101,
    0.8325464204230446,
    0.8342806004474815,
    0.8296027454515206,
    0.8329408475947964,
    0.8356938052519565,
    0.8408860820089651,
    0.8466640302655091,
    0.8457763038636956,
    0.846257170108757,
    0.846302476291487,
    0.8487315943295881,
    0.8510531730084375,
    0.84129389068596,
    0.835012643140341,
    0.8361268379784275,
    0.8292009947427171,
    0.8266546161923071,
    0.8172572162886916,
    0.8127128346234094,
    0.8089641684877998,
    0.8022882445397542,
    0.8023559864328271,
    0.799776481368335,
    0.7899813254198949,
    0.7929201686169558,
    0.7847306104687012,
    0.7746281166652242,
    0.7645329406837696,
    0.7547954121452106,
    0.745151839620235,
    0.7352643619047218,
    0.725389091272487,
    0.7191538061280044,
    0.7144105991478596,
    0.7046516283271615,
    0.6949699971335225,
    0.6869159123955136,
    0.6829644994536379,
    0.6803995445345212,
    0.6777789213609938,
    0.6769364506603338,
    0.6763633039228099,
    0.6762663997536761,
    0.6742006720773194,
    0.6756737452492204,
    0.6803819630192416,
    0.6903733332792938,
    0.7003775355436634,
    0.7099208413396613,
    0.7177132431212836,
    0.7249869935640673
  ],