{
  "ctrl_x": [
    1.1645507037477227,
    -0.5995091514130795,
    -0.005605555228706325,
    -0.9312225481772367,
    0.4901638137834543,
    1.699091866293922,
    -0.41091796709335615,
    -1.342904725718894,
    -0.32854099699306916,
    0.32026099770390437,
    0.7348672391461292,
    0.008158000336529164,
    -1.28928570288312,
    -0.5997689464486217,
    0.561270276703993,
    0.11453358960439242,
    -0.7666136782143266,
    -1.1616868996073002,
    -0.5066606943367116,
    0.6849022457217068,
    0.22661277810830036,
    -0.6772101857229049,
    -0.7332012299668166,
    -0.449480934230629,
    0.4663350746681616,
    0.44901979553142213,
    -1.1342607157233453,
    -0.8779467814667524,
    0.46637239264194685,
    0.38537364911251965,
    -0.02058865491468137,
    -0.8352013824348862,
    -1.6951357847726616,
    -0.10925005644789795,
    1.0299105171457168,
    -0.7426407662292192,
    -1.3481588091026324,
    -0.8918682740020537,
    -1.4552144007654078,
    0.9232016898180785
  ],
  "ctrl_y": [
    1.8704569925147985,
    1.649527863335931,
    0.3602165289703321,
    -0.22964103940441544,
    -0.5121527150865879,
    -0.013780897312604984,
    1.320428573451185,
    0.7635054778374385,
    -0.9448978771563283,
    -0.5103535087585475,
    0.7487468623673004,
    0.8178483003650859,
    0.72146016558148,
    -0.2375550974442066,
    -0.6328558922883268,
    0.9533589605439882,
    1.3738006692501308,
    0.1356186233658178,
    -0.19230063133971098,
    0.15449918887148492,
    0.671460872215695,
    1.2220531251664466,
    0.39379688764928633,
    -0.6755711502764362,
    -0.06743254925380687,
    1.0122080526762163,
    0.8569516245021235,
    -0.033464854333891306,
    -0.5736151428176118,
    0.0881573365779929,
    1.2860012068369993,
    0.9136226054065361,
    -0.34096563550360715,
    -0.9287122976352649,
    -0.10668924258886547,
    1.3176940962258765,
    0.7397697848940906,
    -0.6449407718971248,
    -1.0449141288630832,
    -1.1459114081188237
  ],
  "amplitudes": [
    2.203358278275873,
    1.7550935572070319,
    0.3602601421096374,
    0.9591196177810389,
    0.7089153460839345,
    1.6991477520324427,
    1.38289015950887,
    1.5447762676342205,
    1.000385518167739,
    0.6025178923089844,
    1.0491194989490622,
    0.8178889871978657,
    1.477417474575036,
    0.6451009327584453,
    0.8458905980772166,
    0.9602141692337085,
    1.5732211575164525,
    1.1695763607917447,
    0.5419267404358361,
    0.7021118753849588,
    0.7086699190163384,
    1.3971497687706678,
    0.8322619974185517,
    0.8114366822634199,
    0.47118526140428774,
    1.1073318918380606,
    1.4215883574263204,
    0.8785843428854273,
    0.7392817735398618,
    0.39532842728903894,
    1.2861660066637643,
    1.2378479770678514,
    1.7290873006910918,
    0.9351160925857503,
    1.0354217825657057,
    1.5125584414805437,
    1.5377878622239405,
    1.1006260116073314,
    1.7915062067692427,
    1.4715346803048241
  ],
  "phases": [
    1.0139231054662843,
    1.9193964296058104,
    1.586356697725507,
    3.3833703438116594,
    5.475852581110139,
    6.275074742112624,
    1.8724968264412,
    2.624620920541965,
    4.377764621568084,
    5.272803951060617,
    0.7947531690607648,
    1.5608217021902107,
    2.6314231333810745,
    3.518713160426243,
    5.437910685468091,
    1.4512324468580033,
    2.079779081634468,
    3.0253758807256133,
    3.5043421844770197,
    0.2218649537448047,
    1.2453075125584891,
    2.0768260476063944,
    2.6487132035499337,
    4.125309068797199,
    6.139579625996536,
    1.1532738203950343,
    2.494570919095949,
    3.179691387943257,
    5.395031073513869,
    0.22488854653280946,
    1.5868047846553472,
    2.3113822489555713,
    3.34008754196263,
    4.595291083565426,
    6.179962697001977,
    2.084014306357269,
    2.639728091129484,
    3.767677023352442,
    3.764329106122757,
    5.390564590388178
  ],
  "target_theta": 0.0,
  "optimized_theta": 2.572617548394565,
  "fid_err": 0.7549791589853703,
  "probe_fidelity": 0.9809714555530754,
  "num_iter": 30,
  "num_fid_func_calls": 40,
  "wall_time": 515.9604800000088,
  "termination_reason": "Iteration or fidelity function call limit reached",
  "evo_time": 8.5,
  "num_tslots": 40
}