{
  "ctrl_x": [
    0.8610548140949928,
    0.8658522979084584,
    0.8852624865938237,
    0.9231150391430999,
    0.950170977831773,
    0.9663160379225103,
    0.9746149459920135,
    0.9819960685307171,
    0.9881091350939774,
    0.9957952688825391,
    0.9872892625544387,
    0.9759981782062024,
    0.9592823219751019,
    0.944831517510718,
    0.9166050125529311,
    0.8883618707333322,
    0.868276212221322,
    0.8467260049480279,
    0.8551621331443886,
    0.8407030231671542,
    0.8454081154068323,
    0.8370831032254274,
    0.8020685927091572,
    0.7951010749314813,
    0.7933448735179359,
    0.8282380092654347,
    0.8339856198066671,
    0.8303484361362607,
    0.8198065694122268,
    0.8313320854209975,
    0.8398490689181034,
    0.833266496156938,
    0.8434255923291966,
    0.8527877450956722,
    0.8671752044675752,
    0.8531648890410738,
    0.8453875703904449,
    0.8404968432703541,
    0.8365012407163854,
    0.8204878620100723,
    0.8191775614075262,
    0.8470289091320106,
    0.8874102400981858,
    0.9214535604656121,
    0.946944980378438,
    0.9696427637074414,
    0.9861125171557037,
    0.9966035150230191,
    1.0,
    0.9999984223908783,
    0.9942983138678685,
    0.9993504385628251,
    1.0,
    0.9934773652580515,
    0.9796903460135115,
    0.9611068015745764,
    0.9298110288867911,
    0.895466959812589,
    0.8544471338218054,
    0.8236937298588184,
    0.8106438157541161,
    0.8039337596717638,
    0.8147554439357375,
    0.8247940533349785,
    0.8396036881798052,
    0.8413210392342574,
    0.8534500954346167,
    0.8597247818131873,
    0.8691657973211941,
    0.8718676599261016,
    0.8559482515283168,
    0.8318175429122378,
    0.82859573414434,
    0.8129860775213664,
    0.8226836066726814,
    0.8062933565871454,
    0.8064394117446728,
    0.7947041067597611,
    0.8052463418200937,
    0.8019104863071377,
    0.8215679185039353,
    0.821484430541277,
    0.8442029279720106,
    0.8641158688601179,
    0.890292691445443,
    0.9097811038097495,
    0.9482963568715684,
    0.9747984500768413,
    0.9873918154586149,
    0.9948845501425784,
    0.9944519260627499,
    0.986919011350311,
    0.9866822053171168,
    0.9864294024725286,
    0.9806447738914964,
    0.9703283012175363,
    0.9570229752236616,
    0.9338201947305255,
    0.9072268432317908,
    0.8816318485592389
  ],
  "ctrl_y": [
    -0.5561612084600414,
    -0.558899712599097,
    -0.5198030613010565,
    -0.42818362843157687,
    -0.35087024460624255,
    -0.2862504959612794,
    -0.2257808624687401,
    -0.13820727650146486,
    -0.04180726981870427,
    0.05302130010790256,
    0.14099901240488186,
    0.2404462964989662,
    0.3281145315786676,
    0.3804461698091385,
    0.45128839927854675,
    0.5010749100861881,
    0.5302955430641887,
    0.5552129253021161,
    0.533860352769851,
    0.5420725826333305,
    0.5374553179338925,
    0.5578693585443891,
    0.6142959901102639,
    0.6360839696904905,
    0.64447776131847,
    0.5944265752431213,
    0.5946112450245707,
    0.5882817606077876,
    0.5930801965674382,
    0.5762445930206865,
    0.565157978031247,
    0.5897839902907384,
    0.5868967222334955,
    0.5826984400517682,
    0.5688744642135148,
    0.5997282132424886,
    0.6131866241542449,
    0.6277496714379079,
    0.6357167916794566,
    0.6690532445961922,
    0.6763481437518369,
    0.6513687222423049,
    0.5886704247232815,
    0.5147777648795274,
    0.443187065895233,
    0.36335131507408086,
    0.2811606549034069,
    0.1940971993770428,
    0.10222372752345964,
    0.018183086931159612,
    -0.0503330996594762,
    -0.11076402105186955,
    -0.17006591494729725,
    -0.2456936149667444,
    -0.3276208889427613,
    -0.40486421515368165,
    -0.49357820741624664,
    -0.5722302065262784,
    -0.6352200620130496,
    -0.6803041225617208,
    -0.6829935421849251,
    -0.6840327580978642,
    -0.6606645901601174,
    -0.6461474337253155,
    -0.6275802571612124,
    -0.636769452674835,
    -0.633574012242981,
    -0.6404084004165863,
    -0.6317130201649329,
    -0.6342183993891369,
    -0.6452478242630535,
    -0.6665626017938122,
    -0.6547745656670668,
    -0.6624110697341407,
    -0.649754261497355,
    -0.6709553572363486,
    -0.6746380404031876,
    -0.6789268209051053,
    -0.6606950168812485,
    -0.6490656857185251,
    -0.6173144736890447,
    -0.616952563834925,
    -0.5870728093903038,
    -0.5634430499608338,
    -0.5214929507262036,
    -0.46741446310342394,
    -0.39880238844495847,
    -0.30289750261919685,
    -0.21649441378721582,
    -0.12546981065463456,
    -0.03657199819535381,
    0.013683607876836488,
    0.0818063377975704,
    0.1389370239233987,
    0.22152154341887206,
    0.29186929695026426,
    0.3568579023067732,
    0.4205562254148518,
    0.4933998258641037,
    0.5449764498249726
  ],
  "amplitudes": [
    1.0250515512265206,
    1.0305673634152748,
    1.0265889599582831,
    1.0175866524031245,
    1.0128844038999871,
    1.0078224206596798,
    1.0004255548556042,
    0.9916741046774071,
    0.9889931802928987,
    0.9972058342157755,
    0.9973067780048621,
    1.0051800163960158,
    1.0138450172916131,
    1.0185508748236636,
    1.02167801599161,
    1.019932781555092,
    1.0174069705398863,
    1.0125247255636678,
    1.0081215949594626,
    1.000312080305522,
    1.0017849571495636,
    1.0059454969869093,
    1.0102839159741173,
    1.0182281354659228,
    1.0221289904758875,
    1.0194710164331482,
    1.0242531653619533,
    1.0176217152054747,
    1.0118433331360717,
    1.0115190889133043,
    1.0122993621923175,
    1.0208712988525666,
    1.0275283413922347,
    1.032852559770331,
    1.0371166719697424,
    1.0428634894613464,
    1.0443552940509941,
    1.0490493761200337,
    1.0506522569067627,
    1.0586938064476206,
    1.062308189119399,
    1.068521962909952,
    1.0649083543549691,
    1.055496476218237,
    1.045523587127878,
    1.0354860053985613,
    1.0254117272378305,
    1.0153286605637846,
    1.0052112665846868,
    1.0001637213149612,
    0.9955714730152814,
    1.0054700231311176,
    1.0143581297682103,
    1.0234073615699208,
    1.0330191774326936,
    1.0429004347227586,
    1.0526955857586506,
    1.0626892703782738,
    1.0646992212264272,
    1.0683094400889683,
    1.0600111200769096,
    1.0555616060140443,
    1.0489538283996853,
    1.0477555709833062,
    1.0482324801224512,
    1.0551286305081573,
    1.0629172566042127,
    1.0720306058074385,
    1.0744815136049983,
    1.0781401553363714,
    1.0719105205242587,
    1.0659390821274397,
    1.0560779433766685,
    1.0486824054736046,
    1.0483267224591504,
    1.0489471236819907,
    1.0514185704913848,
    1.045225451969642,
    1.0416043281142588,
    1.0316717949166825,
    1.027643422662195,
    1.0273593021159702,
    1.028267021313987,
    1.031583397193384,
    1.0317829103538658,
    1.0228284006457526,
    1.0287416223159693,
    1.0207736846946822,
    1.010847381376501,
    1.0027651477280761,
    0.9951241853667883,
    0.9870138682354987,
    0.9900677003080645,
    0.9961658811056525,
    1.0053536525817088,
    1.0132742465127353,
    1.021391471251224,
    1.0241521834286855,
    1.0327167730036382,
    1.0364719230436548
  ],