{
  "ctrl_x": [
    0.03166167344890355,
    0.07499247215496446,
    0.11689233015027027,
    0.1579154355343378,
    0.19622139461514942,
    0.23129674406372022,
    0.2654081784563296,
    0.2985805987715454,
    0.3317117298361864,
    0.3584505178207859,
    0.38415854855102716,
    0.4084637352477351,
    0.42780777008258697,
    0.4481863187411559,
    0.46070520128301556,
    0.4717463824056699,
    0.4784075849363854,
    0.4792691093983926,
    0.47457057252214035,
    0.4592863461463435,
    0.4396225642656781,
    0.40977793724957523,
    0.3739275422557628,
    0.3393405834345298,
    0.3194886005745684,
    0.3112865565007088,
    0.33064627407106734,
    0.342428063447889,
    0.36227279941489415,
    0.38201188402554653,
    0.41269648370331236,
    0.44922205044474006,
    0.4855112633972641,
    0.5117622249445726,
    0.524799420231588,
    0.5248195621376432,
    0.5158431113002527,
    0.5171282320009756,
    0.5328273752728897,
    0.5616119839656448,
    0.5895573097022144,
    0.6100874690278246,
    0.6239588440230536,
    0.6353967812204605,
    0.6472226206010292,
    0.6646480020711446,
    0.6865953040212889,
    0.7071512493844522,
    0.7242147374455228,
    0.7358084985566717,
    0.7461858654693201,
    0.7495388646313003,
    0.7472613489492705,
    0.7400640395427731,
    0.73381119961239,
    0.7222546649643733,
    0.7055763365178809,
    0.6754168458439053,
    0.6417785134149092,
    0.6050228601085433,
    0.5804558720571505,
    0.581316844912994,
    0.5934567859688146,
    0.6060107327014383,
    0.6055790442451007,
    0.5958390497707998,
    0.5724902207396452,
    0.5459424837106795,
    0.5083605737876619,
    0.4672562877582882,
    0.42081694196437736,
    0.3717177347854592,
    0.3201729862717319,
    0.2929217678603702,
    0.2748150567616603,
    0.30785099722224524,
    0.34389811626877953,
    0.3803592321011015,
    0.4215740747492867,
    0.4599895222243523,
    0.48622897205648385,
    0.5020735367519579,
    0.5118877541027191,
    0.5156825767419766,
    0.5137377655542338,
    0.5063162262048502,
    0.49371631760549056,
    0.4766501197248215,
    0.45490519570203714,
    0.42997256070011625,
    0.4044790045255429,
    0.37200420024861097,
    0.3403854124080953,
    0.30276877267220587,
    0.26908342552075676,
    0.22879846779064975,
    0.19285575744177594,
    0.1546283407319086,
    0.11570435000222973,
    0.0737913630247142
  ],
  "ctrl_y": [
    -0.45716759662536294,
    -0.4423933174794502,
    -0.42898973918941957,
    -0.4119127023502055,
    -0.38990471699053497,
    -0.36371273241830937,
    -0.3375636447201865,
    -0.3100794705546861,
    -0.2813057619577183,
    -0.24672746101157428,
    -0.21075083362119745,
    -0.17315435738888849,
    -0.13217974121910955,
    -0.09018838321844175,
    -0.04488936778460845,
    0.002029146021186841,
    0.05079849335995979,
    0.1007474297288778,
    0.151323061311376,
    0.1995578455182181,
    0.2460133365448584,
    0.28647386428986865,
    0.32309788681109086,
    0.35242027032031464,
    0.3757450511850797,
    0.39480149373399565,
    0.3916545869802292,
    0.3870613512578233,
    0.38138347587219923,
    0.3758145088066292,
    0.35705158415142185,
    0.3272277038243497,
    0.28954689794053773,
    0.26299331884710936,
    0.2590202949793167,
    0.28091561428855716,
    0.3171214022251144,
    0.33436559456046516,
    0.328407583241173,
    0.2990106709463649,
    0.2646992158251447,
    0.24165638673578652,
    0.23302695401494666,
    0.22934361411776033,
    0.2261361883368649,
    0.2063509252702853,
    0.1650263889619483,
    0.11322421572105042,
    0.05498376550072605,
    0.023319822265976536,
    -0.009785259170921646,
    -0.020024312485130025,
    -0.04414883381725248,
    -0.06482107335114373,
    -0.08600650401628579,
    -0.12811695834063047,
    -0.17126654577460532,
    -0.23781354444608468,
    -0.2963325627961691,
    -0.34638795698752256,
    -0.36873553825808997,
    -0.3542534608268226,
    -0.3119246646844191,
    -0.2629433740740749,
    -0.23769352448899306,
    -0.2360317825386239,
    -0.26513797869632344,
    -0.29756351369395273,
    -0.3403243540172863,
    -0.3790111365515242,
    -0.4164324311673427,
    -0.4495519602457173,
    -0.4757640536814624,
    -0.4842820091527248,
    -0.48587348454357976,
    -0.47141840866742085,
    -0.4431822887546538,
    -0.40061934294371504,
    -0.3625188234417959,
    -0.3209365565153055,
    -0.2707459211331681,
    -0.2164053805239926,
    -0.16134765252296923,
    -0.10673034673181662,
    -0.053048698881074406,
    -0.0008997242301134463,
    0.048978919853200624,
    0.09640358341615304,
    0.14085393474976754,
    0.18225189941299585,
    0.2217988456878037,
    0.2558137275281357,
    0.2886813385517354,
    0.31458478006810653,
    0.342880011429781,
    0.36137429002774507,
    0.3856416004330201,
    0.4069247034197369,
    0.43003343701062363,
    0.44928180280955465
  ],
  "amplitudes": [
    0.45826266809526994,
    0.4487044887566724,
    0.44463019822968164,
    0.4411455078967127,
    0.43649573197934405,
    0.4310279985542364,
    0.42940740029520125,
    0.43046446081209655,
    0.4349317227123443,
    0.4351565393547562,
    0.43817086198977395,
    0.4436496979546935,
    0.4477621825609956,
    0.457170559828939,
    0.4628869600986031,
    0.47175074641849996,
    0.48109698009061197,
    0.48974373280370176,
    0.49811233390535364,
    0.5007666936451863,
    0.503776300325317,
    0.4999852325596096,
    0.4941801810263416,
    0.4892362195282875,
    0.49321122187879535,
    0.502759922540235,
    0.5125624586913612,
    0.5167915133535027,
    0.5260180005135419,
    0.535882099501668,
    0.5457144137789639,
    0.5557683157179194,
    0.5652951379523758,
    0.575383403165608,
    0.5852400744024482,
    0.5952723369630618,
    0.6055246479088591,
    0.6158100024830939,
    0.6259045874336637,
    0.6362510525520748,
    0.6462534303829723,
    0.6562046396627906,
    0.666052700866883,
    0.6755202165160699,
    0.6855907644456639,
    0.6959437269040272,
    0.7061492905596566,
    0.7161582314905265,
    0.7262989745290339,
    0.7361779408938713,
    0.7462500231981506,
    0.7498062967748942,
    0.7485643881196238,
    0.7428974048781982,
    0.7388342137514196,
    0.7335296558948752,
    0.7260648706249042,
    0.7160608895699719,
    0.7068894171328329,
    0.6971637382996277,
    0.6876735537885039,
    0.6807531040600395,
    0.6704386275051003,
    0.6605968711088428,
    0.6505568310400015,
    0.6408862423239634,
    0.6309066496635614,
    0.6217694429626441,
    0.6117606876213966,
    0.6016459757030993,
    0.5920328271069044,
    0.5833275574793291,
    0.5734650607609639,
    0.5659789982635791,
    0.5582081676269479,
    0.563034237432551,
    0.5609602975603785,
    0.5524210381449947,
    0.5560077318260432,
    0.5608837971131719,
    0.5565266993391715,
    0.5467258225348001,
    0.5367142049312639,
    0.5266117040749648,
    0.5164694145926085,
    0.5063170256094607,
    0.4961398359937568,
    0.4863013340812072,
    0.4762127339868186,
    0.46700338092422833,
    0.4613003284742125,
    0.45147290970162085,
    0.44631731336376673,
    0.43661483432876264,
    0.43585845423494013,
    0.42771499430860005,
    0.4311760512400732,
    0.4353132642255966,
    0.4453271309460142,
    0.45530133273783496
  ],