{
  "ctrl_x": [
    -1.0413414123581863,
    -1.8437730284091551,
    -2.1871864469637208,
    -1.8033566660026108,
    -0.8198222122796814,
    0.9798198402137428,
    2.860072016602638,
    4.239083396057695,
    5.011775794268743,
    5.693857004115815,
    5.986167278635727,
    6.263106102636296,
    6.3725175627632,
    5.275945376495442,
    3.2654901842441264,
    2.363774190671853,
    1.5039518105102205,
    0.8272534109291962,
    0.3427418215423444,
    -0.6407154466804107,
    -0.7176741787990063
  ],
  "ctrl_y": [
    2.47134456639935,
    4.6158059421264115,
    5.64476645990387,
    6.8400909970233545,
    7.374457109611082,
    7.58354343929981,
    7.618388495402388,
    7.074515519526208,
    5.975920699948051,
    4.588191059267723,
    2.9043731556736314,
    0.7919482935637719,
    -0.5396733082187498,
    -2.0443022649049656,
    -2.427742929623754,
    -2.2493308475464433,
    -2.57537940248237,
    -2.7390627155657024,
    -2.5453296054802235,
    -1.518783300305419,
    -0.07920095855547497
  ],
  "amplitudes": [
    2.6817784962527633,
    4.970428902585627,
    6.053690852747392,
    7.073820757721813,
    7.419887204078009,
    7.646579497724696,
    8.137558307442898,
    8.24733883593667,
    7.7993284854585845,
    7.3124212665616435,
    6.653539066933226,
    6.312977122765343,
    6.395328558200056,
    5.658159715495772,
    4.069073835129177,
    3.262961490151297,
    2.9823564701536633,
    2.861260695165009,
    2.5683019208746223,
    1.648398919224803,
    0.7220311757472347
  ],
  "phases": [
    1.969585209338223,
    1.9508264853070862,
    1.9404558853375726,
    1.8285756637431911,
    1.6815122293893232,
    1.4423047319436988,
    1.2116601794138033,
    1.03096176467812,
    0.8729216718523253,
    0.6782761695987263,
    0.4517220835549663,
    0.1257790565897048,
    6.1986992859216405,
    5.913521876350731,
    5.643886583958761,
    5.522590366926774,
    5.240940494954059,
    5.005698519289949,
    4.8462390467967005,
    4.3131800929359985,
    3.2515057097219553
  ],
  "target_theta": 0.0,
  "optimized_theta": 0.5837289307891137,
  "fid_err": 0.01347596820910324,
  "probe_fidelity": 0.9865240317908968,
  "phase_gate_fidelity": 0.9865240317908968,
  "fidelity_metric": "paper_eq7_special_state_phase_gate_fidelity",
  "objective": 0.01347596820910324,
  "num_iter": 6,
  "num_fid_func_calls": 7,
  "wall_time": 27.694553896999423,
  "termination_reason": "STOP: TOTAL NO. OF ITERATIONS REACHED LIMIT",
  "evo_time": 131.9468914507713,
  "num_tslots": 21,
  "control_smoothness_cost": 2.2953421155053033,
  "control_curvature_cost": 0.7141365447904209,
  "success": false,
  "gate_time_ns": 210.0,
  "gate_time_us": 0.21,
  "slot_duration_ns": 10.0,
  "slot_midpoints_ns": [
    5.0,
    15.0,
    25.0,
    35.0,
    45.0,
    55.0,
    65.0,
    75.0,
    85.0,
    95.0,
    105.0,
    115.0,
    125.0,
    135.0,
    145.0,
    155.0,
    165.0,
    175.0,
    185.0,
    195.0,
    205.0
  ],
  "omega_max_hz": 100000000.0,
  "omega_max_mhz": 100.0,
  "effective_rabi_hz_reference": 100000000.0,
  "effective_rabi_sequence_hz": [
    21557642.546141457,
    39955100.591891654,
    48662968.873352595,
    56863346.299302034,
    59645222.86300208,
    61467502.9063497,
    65414266.47851812,
    66296744.05640238,
    62695385.10521634,
    58781351.26805085,
    53484885.89648793,
    50747257.614566535,
    51409244.72899221,
    45483467.32814534,
    32709502.05400706,
    26229518.039910804,
    23973857.206544306,
    23000421.318867125,
    20645454.06645142,
    13250756.810731359,
    5804092.327415719
  ],
  "effective_rabi_sequence_mhz": [
    21.557642546141455,
    39.95510059189166,
    48.6629688733526,
    56.86334629930204,
    59.645222863002076,
    61.4675029063497,
    65.41426647851812,
    66.29674405640237,
    62.69538510521634,
    58.78135126805085,
    53.48488589648793,
    50.747257614566536,
    51.409244728992206,
    45.48346732814534,
    32.70950205400706,
    26.229518039910804,
    23.973857206544306,
    23.000421318867126,
    20.645454066451418,
    13.250756810731358,
    5.804092327415718
  ],
  "effective_rabi_fraction": [
    0.21557642546141456,
    0.3995510059189165,
    0.4866296887335259,
    0.5686334629930203,
    0.5964522286300208,
    0.614675029063497,
    0.6541426647851812,
    0.6629674405640238,
    0.6269538510521634,
    0.5878135126805085,
    0.5348488589648793,
    0.5074725761456653,
    0.5140924472899221,
    0.4548346732814534,
    0.3270950205400706,
    0.26229518039910804,
    0.23973857206544305,
    0.23000421318867123,
    0.20645454066451419,
    0.1325075681073136,
    0.058040923274157184
  ],
  "dimensionless_gate_time": 131.9468914507713,
  "physical_time_from_dimensionless_ns": 209.99999999999997,
  "scan_stage": "coarse",
  "ensemble_size": 2,
  "omega_mode": "exploratory_high_drive_override",
  "wall_clock_scan_s": 66.09036125399871
}