{
  "ctrl_x": [
    -20.545301314990592,
    -17.107689084089888,
    -8.234743057348972,
    4.957976135390685,
    17.4946326194324,
    23.81797299859533,
    24.150335608048415,
    16.493938289782392,
    6.828518930066375,
    2.3653032800920304,
    8.935643436241616,
    21.7143830297824,
    29.68531918462153,
    29.39477751042633,
    27.10391277690165
  ],
  "ctrl_y": [
    20.5974543047476,
    22.530483794145436,
    28.174382660538328,
    29.078411100850982,
    23.458602249877,
    17.35172001385599,
    17.71769402093374,
    23.795703302587288,
    28.807001279123238,
    30.88719917428627,
    30.650256555111223,
    21.881942640161963,
    9.119981899225774,
    -2.7286893231827762,
    -5.983898131466364
  ],
  "amplitudes": [
    29.092344868709354,
    28.289498507328446,
    29.35314006240218,
    29.498059588881386,
    29.26376923786207,
    29.468254532650327,
    29.952552335332,
    28.953160379687624,
    29.60526969094662,
    30.977632776550966,
    31.92622668769027,
    30.827485205112662,
    31.054665429449805,
    29.521156656030893,
    27.756605063762017
  ],
  "phases": [
    2.3549268803534393,
    2.2202311560386354,
    1.8551534487147174,
    1.4019166767707856,
    0.9300103621567845,
    0.6296074810100812,
    0.6329493531579363,
    0.9646840049839633,
    1.33804848152956,
    1.4943667403203076,
    1.2871229376668418,
    0.789241578702505,
    0.29806920447612106,
    6.190621528391237,
    6.065894782549956
  ],
  "target_theta": 0.0,
  "optimized_theta": 0.0,
  "fid_err": 0.033993007954634,
  "probe_fidelity": 0.966006992045366,
  "phase_gate_fidelity": 0.966006992045366,
  "fidelity_metric": "paper_eq7_special_state_phase_gate_fidelity",
  "objective": 0.033993007954634,
  "num_iter": 30,
  "num_fid_func_calls": 37,
  "wall_time": 0.34163493000005474,
  "termination_reason": "STOP: TOTAL NO. OF ITERATIONS REACHED LIMIT",
  "evo_time": 9.424777960769381,
  "num_tslots": 15,
  "control_smoothness_cost": 105.12476005466127,
  "control_curvature_cost": 61.98272760637356,
  "success": false,
  "gate_time_ns": 150.0,
  "gate_time_us": 0.15,
  "slot_duration_ns": 10.0,
  "slot_midpoints_ns": [
    5.0,
    15.0,
    25.0,
    35.0,
    45.0,
    55.0,
    65.0,
    75.0,
    85.0,
    95.0,
    105.0,
    115.0,
    125.0,
    135.0,
    145.0
  ],
  "omega_max_hz": 10000000.0,
  "omega_max_mhz": 10.0,
  "effective_rabi_hz_reference": 10000000.0,
  "effective_rabi_sequence_hz": [
    7395322.02041076,
    7191237.151964394,
    7461616.588532983,
    7498455.371044182,
    7438898.377619205,
    7490878.876620655,
    7613988.17636158,
    7359941.093874685,
    7525708.355710478,
    7874565.314225521,
    8115699.450065541,
    7836397.554067996,
    7894147.141570287,
    7504326.68358597,
    7055774.7602072405
  ],
  "effective_rabi_sequence_mhz": [
    7.39532202041076,
    7.191237151964394,
    7.4616165885329835,
    7.498455371044182,
    7.438898377619205,
    7.490878876620655,
    7.61398817636158,
    7.359941093874684,
    7.525708355710478,
    7.874565314225521,
    8.115699450065541,
    7.836397554067997,
    7.894147141570286,
    7.50432668358597,
    7.055774760207241
  ],
  "effective_rabi_fraction": [
    0.7395322020410761,
    0.7191237151964395,
    0.7461616588532983,
    0.7498455371044183,
    0.7438898377619205,
    0.7490878876620655,
    0.761398817636158,
    0.7359941093874685,
    0.7525708355710478,
    0.7874565314225521,
    0.8115699450065541,
    0.7836397554067996,
    0.7894147141570287,
    0.750432668358597,
    0.7055774760207241
  ],
  "dimensionless_gate_time": 9.424777960769381,
  "physical_time_from_dimensionless_ns": 150.00000000000003,
  "scan_stage": "coarse",
  "ensemble_size": 2,
  "omega_mode": "yb171_default_10mhz",
  "wall_clock_scan_s": 1.4030670699999064
}