{
  "node_phases": [
    2.606974963401593,
    2.951350624288729,
    3.284515819426834,
    3.6260457418968306,
    3.7976988122445885,
    2.6895925580800832,
    -1.9711093228818226,
    -3.2785323130285846,
    -2.3611089908276015,
    1.8513907144950539,
    3.169202643789665,
    2.849791375945447,
    2.9450347591360635,
    3.3192973726868518,
    3.7419439036433095,
    4.120160076260681
  ],
  "phases": [
    2.606974963401593,
    2.6511661247386935,
    2.6952814876263154,
    2.73924525361498,
    2.7829816242552066,
    2.826414801097518,
    2.869468985692434,
    2.912068379590476,
    2.954137200148498,
    2.9956643442346564,
    3.0368507190507184,
    3.07794060437397,
    3.119178279981696,
    3.1608080256511815,
    3.203074121159711,
    3.2462208462845714,
    3.290492121149989,
    3.335912432559678,
    3.381914458214436,
    3.427832106094682,
    3.4729992841808346,
    3.516749900453315,
    3.558417862892538,
    3.5973370794789243,
    3.632842717272941,
    3.664536868305742,
    3.692617169472311,
    3.7173618387908545,
    3.7390490942795824,
    3.7579571539567027,
    3.774364235840424,
    3.788548557948957,
    3.8007438951526757,
    3.806598739429116,
    3.79325349764252,
    3.7469242980670403,
    3.6538272689768307,
    3.5001785386460402,
    3.272194235348822,
    2.9560904873593277,
    2.5383385415706203,
    2.0207167620104602,
    1.4287295442653727,
    0.7899222328731819,
    0.1318401723717153,
    5.765214014478374,
    5.1512184893718125,
    4.600584248769442,
    4.1404197600444235,
    3.780849890793852,
    3.5099372117996217,
    3.3142698334128924,
    3.1804358659848364,
    3.095023419866616,
    3.044620605409399,
    3.015815532964354,
    2.9956359305035556,
    2.9829984270241043,
    2.989789012182019,
    3.02854989785462,
    3.1118232959192325,
    3.252151418253174,
    3.462076476733769,
    3.7541406832383433,
    4.139964938692876,
    4.612961656686312,
    5.149851687556447,
    5.72673867528108,
    0.03654095665844226,
    0.6217327900255256,
    1.175232512180541,
    1.6731437671013079,
    2.092742330451209,
    2.428842540892482,
    2.6897599576137345,
    2.884157438080774,
    3.020697839759405,
    3.108044020115435,
    3.1548588366146717,
    3.169805146722921,
    3.161333097084876,
    3.1354200710497784,
    3.0964481208085135,
    3.048772709699324,
    2.996749301060456,
    2.944733358230158,
    2.8970803445466697,
    2.8581457233482417,
    2.831904822093075,
    2.8188337760513567,
    2.8175228923821463,
    2.826544199734869,
    2.8444697267589505,
    2.869871502103819,
    2.901321554418897,
    2.9373919123536147,
    2.976753122512971,
    3.018803840767405,
    3.063269063715199,
    3.109875327297689,
    3.158349167456219,
    3.208417120132126,
    3.2598057212667495,
    3.3122415068014273,
    3.3654535973414665,
    3.4191866002998594,
    3.473190865349416,
    3.5272167515745605,
    3.581014618059718,
    3.63433482388931,
    3.6869277281477606,
    3.7385436899194944,
    3.7889881312346843,
    3.8383356283841925,
    3.886742870477402,
    3.9343665666903602,
    3.981363426199116,
    4.02789015817972,
    4.0741034718082245,
    4.12016007626068
  ],
  "theta": 5.1905328915574565,
  "fidelity": 0.967067457436926,
  "objective": 0.07054221727503517,
  "iterations": 93,
  "success": true,
  "message": "CONVERGENCE: NORM OF PROJECTED GRADIENT <= PGTOL",
  "evo_time": 10.0,
  "num_tslots": 120,
  "num_nodes": 16,
  "smoothness_cost": 0.026068927669029497,
  "curvature_cost": 0.001463383343353959,
  "node_curvature_cost": 3.7609674711961176
}