{
  "ctrl_x": [
    -0.81553493135716,
    -1.7582211106290369,
    -2.208108109662692,
    -1.7927943434778901,
    -1.2796721252675571,
    -0.17121493358574683,
    1.4121186585979302,
    2.86130325295635,
    4.008966712654488,
    4.786297562065554,
    5.3915076618815805,
    5.716185652512473,
    6.070825746900288,
    6.213514379353944,
    5.946690838099739,
    5.086510445103298,
    3.5387341961939986,
    2.4211531211887127,
    1.853247048949196,
    1.141845661465667,
    0.5718919791946646,
    0.1968178017956875,
    -0.7716662288543102,
    -0.5592901233660551
  ],
  "ctrl_y": [
    2.1896419907395086,
    4.583280707927346,
    5.125016516959102,
    6.229041136920552,
    7.024438559502552,
    7.242573698639185,
    7.4150858541154605,
    7.452936754598324,
    6.943956340500425,
    6.014340369912783,
    4.958856580622046,
    3.4959128559495665,
    1.863015938874657,
    0.5575509206544595,
    -0.7734555048262893,
    -2.1576910368422633,
    -2.273387778691771,
    -2.2593586788203663,
    -2.5045686985578577,
    -2.556368045728886,
    -2.7093870444108856,
    -2.215646760745977,
    -1.3358914560555692,
    -0.06377606500023683
  ],
  "amplitudes": [
    2.3365849592671366,
    4.90895136679114,
    5.580460171263813,
    6.4819028875365605,
    7.140048867088591,
    7.244597182294047,
    7.548349311595458,
    7.983315262058814,
    8.018125950741096,
    7.6864123255129435,
    7.325203987282973,
    6.700461559503412,
    6.3502561867792755,
    6.238479299601856,
    5.996779580898857,
    5.525234756878154,
    4.206058927739588,
    3.3115984170491983,
    3.115668305554156,
    2.7997909028768007,
    2.769086237784722,
    2.2243713304005306,
    1.5427490888399518,
    0.5629145837173981
  ],
  "phases": [
    1.9273306202483178,
    1.9370995182645987,
    1.977610658793378,
    1.8510345362046,
    1.750994520176092,
    1.5944319923400763,
    1.3826110844705566,
    1.2042317079823237,
    1.0472114140575608,
    0.8986129088178855,
    0.7436219180018693,
    0.5488917474506798,
    0.297756848759132,
    0.08949229698423135,
    6.153846522651526,
    5.8819935773571235,
    5.712150370570916,
    5.532341066812052,
    5.349424792383077,
    5.132467862173496,
    4.920413411740109,
    4.800987285548194,
    4.18857187414034,
    3.2551326106490066
  ],
  "target_theta": 0.0,
  "optimized_theta": 0.5089783205404416,
  "fid_err": 0.018785138480233998,
  "probe_fidelity": 0.981214861519766,
  "phase_gate_fidelity": 0.981214861519766,
  "fidelity_metric": "paper_eq7_special_state_phase_gate_fidelity",
  "objective": 0.018785138480233998,
  "num_iter": 6,
  "num_fid_func_calls": 7,
  "wall_time": 31.048245250000036,
  "termination_reason": "STOP: TOTAL NO. OF ITERATIONS REACHED LIMIT",
  "evo_time": 150.79644737231007,
  "num_tslots": 24,
  "control_smoothness_cost": 1.7286781048215027,
  "control_curvature_cost": 0.5790901398774473,
  "success": false,
  "gate_time_ns": 240.0,
  "gate_time_us": 0.24,
  "slot_duration_ns": 10.0,
  "slot_midpoints_ns": [
    5.0,
    15.0,
    25.0,
    35.0,
    45.0,
    55.0,
    65.0,
    75.0,
    85.0,
    95.0,
    105.0,
    115.0,
    125.0,
    135.0,
    145.0,
    155.0,
    165.0,
    175.0,
    185.0,
    195.0,
    205.0,
    215.0,
    225.0,
    235.0
  ],
  "omega_max_hz": 100000000.0,
  "omega_max_mhz": 100.0,
  "effective_rabi_hz_reference": 100000000.0,
  "effective_rabi_sequence_hz": [
    18782782.918483,
    39460909.61261167,
    44858874.729281865,
    52105177.83760507,
    57395725.05848395,
    58236143.16577721,
    60677873.470967926,
    64174374.20469143,
    64454202.08176862,
    61787701.559691474,
    58884105.9603055,
    53862075.25929901,
    51046927.67963344,
    50148402.2488202,
    48205484.08962742,
    44414941.81519068,
    33810665.20553939,
    26620488.98925387,
    25045492.65248048,
    22506292.586241975,
    22259471.234113555,
    17880746.712550323,
    12401484.105442865,
    4525023.747019384
  ],
  "effective_rabi_sequence_mhz": [
    18.782782918483,
    39.460909612611665,
    44.858874729281865,
    52.10517783760507,
    57.395725058483954,
    58.23614316577721,
    60.677873470967924,
    64.17437420469143,
    64.45420208176861,
    61.78770155969148,
    58.8841059603055,
    53.86207525929901,
    51.04692767963344,
    50.1484022488202,
    48.205484089627426,
    44.41494181519068,
    33.810665205539394,
    26.62048898925387,
    25.04549265248048,
    22.506292586241976,
    22.259471234113555,
    17.880746712550323,
    12.401484105442865,
    4.525023747019384
  ],
  "effective_rabi_fraction": [
    0.18782782918483,
    0.39460909612611667,
    0.44858874729281867,
    0.5210517783760507,
    0.5739572505848395,
    0.5823614316577721,
    0.6067787347096792,
    0.6417437420469143,
    0.6445420208176862,
    0.6178770155969148,
    0.588841059603055,
    0.5386207525929901,
    0.5104692767963344,
    0.501484022488202,
    0.4820548408962742,
    0.4441494181519068,
    0.3381066520553939,
    0.2662048898925387,
    0.2504549265248048,
    0.22506292586241974,
    0.22259471234113556,
    0.17880746712550324,
    0.12401484105442864,
    0.04525023747019384
  ],
  "dimensionless_gate_time": 150.79644737231007,
  "physical_time_from_dimensionless_ns": 240.00000000000003,
  "scan_stage": "coarse",
  "ensemble_size": 2,
  "omega_mode": "exploratory_high_drive_override",
  "wall_clock_scan_s": 68.25962550499753
}