{
  "ctrl_x": [
    28.932938980488736,
    -5.3953120366377565,
    -12.673048223806932,
    -7.089508094917512,
    -8.165707409557273,
    -5.453527303406374,
    -6.033638090467765,
    5.811593416994742,
    6.616812951079707,
    6.50269532074418,
    -5.458338288346971,
    -17.58641280335694,
    -29.163197357655566,
    -30.543285254926758,
    -37.49288274934009,
    -32.01658518086638,
    -32.70403292925521,
    -37.75551899760778,
    -26.414273127751535,
    -22.040815109629833,
    -3.902036388094766,
    -0.8466054610611639,
    -4.341167136806902,
    -1.2161027184683197,
    -8.223692861794785,
    -15.118548358366898,
    1.3028517448966894
  ],
  "ctrl_y": [
    -4.832700825649538,
    -5.622103216232471,
    -8.203403164780354,
    -8.941918621707206,
    -12.437813999960444,
    -16.13475295103332,
    -18.156169808061865,
    -24.165820550837445,
    -22.305459884883287,
    -28.446961690489434,
    -30.500201100378007,
    -30.75008025354984,
    -36.92091250417335,
    -34.916771961742405,
    -37.7688951122215,
    -35.874947682829536,
    -26.963583360797656,
    -21.01437674125969,
    -10.010704384417384,
    -11.505877501372245,
    -9.4720485769716,
    -12.39422701467583,
    -22.755757424147163,
    -18.956129562182806,
    -13.142840442711671,
    -8.712482160715451,
    14.334826021522932
  ],
  "amplitudes": [
    29.33376817456152,
    7.7921394075478245,
    15.096422581753082,
    11.411355470106741,
    14.87877664984963,
    17.03147711855543,
    19.132466926821557,
    24.854808406820077,
    23.266193378069254,
    29.18072438879134,
    30.984765999334808,
    35.42385285213669,
    47.04939808607963,
    46.39044339508027,
    53.21847136900639,
    48.084026431752044,
    42.38618404023289,
    43.209758673271,
    28.247619849106762,
    24.863281114395797,
    10.244295594062354,
    12.423107666683837,
    23.166144004912017,
    18.995098151895053,
    15.503656961752993,
    17.449293678113833,
    14.393910508840582
  ],
  "phases": [
    6.117682060174197,
    3.9475727002619423,
    3.716075197292637,
    4.042029348785115,
    4.131442029749954,
    4.386445389997791,
    4.391551707971676,
    4.948395471499875,
    5.000765362104431,
    4.937117943321611,
    4.535302877558469,
    4.1928767247123675,
    4.043847519399583,
    3.993703203701953,
    3.930658164920265,
    3.983761027722334,
    3.8310788835376828,
    3.6494819381663515,
    3.503855452276749,
    3.622705358780713,
    4.3216211704856144,
    4.6441884830629085,
    4.523881792508219,
    4.64832324055795,
    4.15327455453749,
    3.664386623001653,
    1.4801581825715664
  ],
  "target_theta": 0.0,
  "optimized_theta": 0.06151629476891448,
  "fid_err": 0.0018914245924172013,
  "probe_fidelity": 0.9981085754075828,
  "phase_gate_fidelity": 0.9981085754075828,
  "fidelity_metric": "paper_eq7_special_state_phase_gate_fidelity",
  "objective": 0.0018914245924172013,
  "num_iter": 30,
  "num_fid_func_calls": 35,
  "wall_time": 0.5808828929998526,
  "termination_reason": "STOP: TOTAL NO. OF ITERATIONS REACHED LIMIT",
  "evo_time": 16.964600329384883,
  "num_tslots": 27,
  "control_smoothness_cost": 151.8281928611629,
  "control_curvature_cost": 176.41470459864573,
  "success": false,
  "gate_time_ns": 270.0,
  "gate_time_us": 0.27,
  "slot_duration_ns": 10.0,
  "slot_midpoints_ns": [
    5.0,
    15.0,
    25.0,
    35.0,
    45.0,
    55.0,
    65.0,
    75.0,
    85.0,
    95.0,
    105.0,
    115.0,
    125.0,
    135.0,
    145.0,
    155.0,
    165.0,
    175.0,
    185.0,
    195.0,
    205.0,
    215.0,
    225.0,
    235.0,
    245.0,
    255.0,
    265.0
  ],
  "omega_max_hz": 10000000.0,
  "omega_max_mhz": 10.0,
  "effective_rabi_hz_reference": 10000000.0,
  "effective_rabi_sequence_hz": [
    7456692.222711958,
    1980774.6816836551,
    3837535.5046867947,
    2900785.370572952,
    3782209.550037137,
    4329429.557616912,
    4863504.630074913,
    6318133.266794369,
    5914304.7078694925,
    7417788.240097254,
    7876378.591215324,
    9004801.786430184,
    10000000.0,
    10000000.0,
    10000000.0,
    10000000.0,
    10000000.0,
    10000000.0,
    7180591.528013154,
    6320287.043026226,
    2604116.8263425464,
    3157974.446679126,
    5888871.992295099,
    4828585.2610548,
    3941055.155353416,
    4435639.21577059,
    3658955.777756564
  ],
  "effective_rabi_sequence_mhz": [
    7.456692222711958,
    1.9807746816836551,
    3.8375355046867945,
    2.9007853705729523,
    3.782209550037137,
    4.329429557616912,
    4.863504630074913,
    6.318133266794368,
    5.914304707869492,
    7.417788240097254,
    7.876378591215324,
    9.004801786430184,
    10.0,
    10.0,
    10.0,
    10.0,
    10.0,
    10.0,
    7.180591528013154,
    6.320287043026226,
    2.6041168263425463,
    3.157974446679126,
    5.888871992295099,
    4.8285852610547995,
    3.9410551553534163,
    4.43563921577059,
    3.6589557777565638
  ],
  "effective_rabi_fraction": [
    0.7456692222711958,
    0.19807746816836552,
    0.3837535504686795,
    0.2900785370572952,
    0.3782209550037137,
    0.43294295576169123,
    0.48635046300749124,
    0.6318133266794369,
    0.5914304707869492,
    0.7417788240097254,
    0.7876378591215324,
    0.9004801786430184,
    1.0,
    1.0,
    1.0,
    1.0,
    1.0,
    1.0,
    0.7180591528013154,
    0.6320287043026226,
    0.2604116826342546,
    0.3157974446679126,
    0.5888871992295099,
    0.48285852610548,
    0.3941055155353416,
    0.443563921577059,
    0.3658955777756564
  ],
  "dimensionless_gate_time": 16.964600329384883,
  "physical_time_from_dimensionless_ns": 270.0,
  "scan_stage": "coarse",
  "ensemble_size": 2,
  "omega_mode": "yb171_default_10mhz",
  "wall_clock_scan_s": 2.4050187879997793
}