{
  "amplitudes": [
    3.9140518961264954,
    3.9227027214389216,
    3.944155327145008,
    3.9728116512072083,
    3.9947258872585794,
    4.0,
    3.9994315096533257,
    3.984289400875214,
    3.9557056962953356,
    3.9355751799103103,
    3.9381967241906195,
    3.9590108516237854,
    3.9853335670774452,
    4.0,
    4.0,
    3.9930616380006976,
    3.984817943199074,
    3.981703892353439,
    3.9874815247409514,
    3.9953741602482293,
    4.0,
    4.0,
    3.9954590680738686,
    3.9877628523592588,
    3.983713049787378,
    3.9866599833591834,
    3.9943881409804973,
    4.0,
    4.0,
    3.997182009292132,
    3.9915061652239276,
    3.98765421868351,
    3.989027976360672,
    3.9941533606150963,
    3.9994824468302768,
    4.0,
    3.9995337738085266,
    3.9949955034056104,
    3.9908697040700702,
    3.991048047234803,
    3.995301044993432,
    4.0,
    3.9998991529668997,
    3.993187644629871,
    3.983908528867877,
    3.9718781409534696,
    3.969595627715709,
    3.977461615351193,
    3.9884791505238564,
    3.9957559867306394,
    4.0,
    3.9984168902883397,
    3.9921476501684925,
    3.987835383816662,
    3.987952670236642,
    3.99226733643056,
    3.9986361008099416,
    4.0,
    4.0,
    3.996663750843534,
    3.9928028452712465,
    3.9914571741376808,
    3.9938575722636314,
    3.9970707972519177,
    4.0,
    4.0,
    3.996800782084125,
    3.9901050786806374,
    3.9854397477664323,
    3.9862160127470987,
    3.992541395966835,
    3.9979721591638695,
    4.0,
    3.999934844590963,
    3.9942554613334895,
    3.986049773946529,
    3.9806169010932924,
    3.9814847624210867,
    3.9852463994057192,
    3.986685112369851,
    3.9810685032218105,
    3.970101053178837,
    3.962299737899032,
    3.9627384704512694,
    3.9739808076822736,
    3.987537709977109,
    3.9981943627660166,
    3.99911376974745,
    3.9916022896735797,
    3.982959224591834,
    3.982196191275802,
    3.988205011697897,
    3.996515947872101,
    4.0,
    3.9992283080691693,
    3.9730959988564796,
    3.9283281089541267,
    3.8859161434447937,
    3.8595161348903955,
    3.8485357097881137
  ],
  "phases": [
    0.758966908801527,
    0.5102409498091858,
    0.2871929551506696,
    0.15633463221592037,
    0.1543490883997037,
    0.2603231155596579,
    0.41145361946027015,
    0.5387887377555203,
    0.5997023105459532,
    0.5926448149642002,
    0.5551473006314984,
    0.5334858683106632,
    0.5592492354502332,
    0.6252743554512223,
    0.705565543968142,
    0.7699429642033367,
    0.8110615168365153,
    0.8388968345864891,
    0.8778625318528995,
    0.9422091565826497,
    1.0293535068511315,
    1.1178990700856095,
    1.1836127954503066,
    1.2112044089742167,
    1.208050074561538,
    1.196368885279966,
    1.2066046125582934,
    1.2492353918572308,
    1.3189978992945672,
    1.3873161805639187,
    1.431964236007395,
    1.4347990884334134,
    1.4021579443973744,
    1.3521518108793162,
    1.311483069872123,
    1.2925879999462415,
    1.2911246293580492,
    1.2909798278895654,
    1.2793823491508858,
    1.2495710353068896,
    1.2041353330250695,
    1.149249071022267,
    1.0921768763316388,
    1.0346810853957735,
    0.9755426414489327,
    0.9145557298602532,
    0.853320762793713,
    0.7949835173951427,
    0.7369571042161509,
    0.6748281081289118,
    0.6030601315566394,
    0.5185762791982788,
    0.4261549580077547,
    0.33730827277296666,
    0.265696069569376,
    0.21273701539914852,
    0.16874138455629595,
    0.118258644498175,
    0.05538735733893009,
    0.0,
    0.0,
    0.0,
    0.013733170278585914,
    0.039734735966200786,
    0.057399130429493926,
    0.04447682788531606,
    0.0,
    6.241894977407658,
    6.223222518064733,
    6.242550289896897,
    0.0,
    0.004970591215855303,
    0.0,
    0.017676641285331512,
    0.01693069216770592,
    0.0,
    6.266338098435501,
    0.005784353424108037,
    0.0714547963075061,
    0.1669386630103714,
    0.2518558079735291,
    0.3100231883804192,
    0.3438601969254967,
    0.3787979035060295,
    0.43658160751943853,
    0.5215356772726142,
    0.6191924111634037,
    0.6959892994284704,
    0.7248412261516484,
    0.7024660538499032,
    0.667285939891621,
    0.6680130626810262,
    0.7380223939102418,
    0.8678865071882019,
    1.0129358683470542,
    1.109674282085425,
    1.1076055042068442,
    0.9932805469864332,
    0.8019159097716623,
    0.5895644921047895
  ],
  "theta": 0.3210482538798526,
  "fidelity": 0.9999994896432831,
  "objective": 5.669186782073622e-05,
  "iterations": 159,
  "success": true,
  "message": "CONVERGENCE: RELATIVE REDUCTION OF F <= FACTR*EPSMCH",
  "evo_time": 8.5,
  "num_tslots": 100,
  "phase_smoothness_cost": 0.002728230875627251,
  "phase_curvature_cost": 0.0013536647091049881,
  "amplitude_smoothness_cost": 0.00012616171784006776,
  "amplitude_curvature_cost": 5.642909870758948e-05
}