{
  "ctrl_x": [
    0.4492153672248445,
    -1.6200626156307745,
    0.743271419908871,
    7.326779897407134,
    5.714482894442059,
    3.4655307290003194,
    -0.30970972385839757,
    -0.33761011393294094
  ],
  "ctrl_y": [
    3.0497110867609174,
    5.325729176564496,
    6.594284106411002,
    5.2168341138984085,
    0.2936354703832903,
    -0.4593045724874379,
    -2.6816560532181333,
    -3.3357327459256463
  ],
  "amplitudes": [
    3.0826177445254883,
    5.566686100425888,
    6.636040632765752,
    8.994279395092388,
    5.722022067445923,
    3.4958352255152634,
    2.699481302178976,
    3.3527740068889917
  ],
  "phases": [
    1.4245502770577212,
    1.866097705161014,
    1.4585555526522074,
    0.6187494451678672,
    0.051339281259562525,
    6.15141811572795,
    4.597406438251592,
    4.611522273319245
  ],
  "target_theta": 0.0,
  "optimized_theta": 1.518067622783227,
  "fid_err": 0.18718094755680903,
  "probe_fidelity": 0.812819052443191,
  "phase_gate_fidelity": 0.812819052443191,
  "fidelity_metric": "paper_eq7_special_state_phase_gate_fidelity",
  "objective": 0.18718094755680903,
  "num_iter": 6,
  "num_fid_func_calls": 9,
  "wall_time": 15.975918219999585,
  "termination_reason": "STOP: TOTAL NO. OF ITERATIONS REACHED LIMIT",
  "evo_time": 37.69911184307752,
  "num_tslots": 8,
  "control_smoothness_cost": 16.282667690940773,
  "control_curvature_cost": 27.334160420459053,
  "success": false,
  "gate_time_ns": 60.0,
  "gate_time_us": 0.06,
  "slot_duration_ns": 7.5,
  "slot_midpoints_ns": [
    3.75,
    11.25,
    18.75,
    26.25,
    33.75,
    41.25,
    48.75,
    56.25
  ],
  "omega_max_hz": 100000000.0,
  "omega_max_mhz": 100.0,
  "effective_rabi_hz_reference": 100000000.0,
  "effective_rabi_sequence_hz": [
    24779813.670565672,
    44748151.007712714,
    53344223.649614565,
    72301072.00518474,
    45996828.79980338,
    28101487.985368956,
    21699947.64805582,
    26951481.518515
  ],
  "effective_rabi_sequence_mhz": [
    24.779813670565673,
    44.748151007712714,
    53.34422364961456,
    72.30107200518474,
    45.99682879980338,
    28.101487985368955,
    21.699947648055822,
    26.951481518515
  ],
  "effective_rabi_fraction": [
    0.24779813670565673,
    0.44748151007712716,
    0.5334422364961456,
    0.7230107200518474,
    0.45996828799803385,
    0.28101487985368956,
    0.21699947648055823,
    0.26951481518514997
  ],
  "dimensionless_gate_time": 37.69911184307752,
  "physical_time_from_dimensionless_ns": 60.00000000000001,
  "scan_stage": "coarse",
  "ensemble_size": 2,
  "omega_mode": "exploratory_high_drive_override",
  "wall_clock_scan_s": 29.328961511997477
}