{
  "ctrl_x": [
    0.05657966725503978,
    0.10031449537302398,
    0.14390707062856967,
    0.186374559685346,
    0.22838923980565537,
    0.26938306418123353,
    0.31167201130606187,
    0.35142213768666025,
    0.3895612471509303,
    0.4195266541408809,
    0.4442576022077256,
    0.4640564571882926,
    0.4765223097218298,
    0.48540541998692965,
    0.48683270623920466,
    0.485833227330164,
    0.48397533627656975,
    0.48163906353857566,
    0.47379709070899556,
    0.4601409837680373,
    0.43832488262078295,
    0.4105851019431882,
    0.38130952798791123,
    0.34352561816433236,
    0.3155662036905183,
    0.3031746814755092,
    0.30701871470275466,
    0.3387575639748605,
    0.3754525720488155,
    0.4069864490040495,
    0.44290015748568884,
    0.4778624320440821,
    0.5134042171156554,
    0.5391442609287677,
    0.5537765221684058,
    0.555893014173148,
    0.5524435888323325,
    0.5483067818949714,
    0.5598616508100799,
    0.5847410111119764,
    0.6064201328505016,
    0.6210728960278337,
    0.6336158569133911,
    0.6468340463996605,
    0.6569440896948251,
    0.6734596542177449,
    0.6899804694166405,
    0.7075195550157406,
    0.7212355065961487,
    0.7305146375523482,
    0.7312705354702648,
    0.7235929349096726,
    0.7118108250734463,
    0.7007225033624375,
    0.6928248829676574,
    0.694986367575247,
    0.6840870284368348,
    0.6623731912818052,
    0.6360744953365254,
    0.6081390085541062,
    0.5869894022449593,
    0.5817665538391922,
    0.5857830721817474,
    0.5918536430616702,
    0.5885768256790183,
    0.576179181890878,
    0.5552458935387932,
    0.5290579508322478,
    0.4965193007741655,
    0.457616034831771,
    0.4126359795147643,
    0.36724013447296505,
    0.3176572729807384,
    0.2845546953197569,
    0.30103865443066424,
    0.3103099449326511,
    0.3459082740241057,
    0.38866554599066583,
    0.4140483244695058,
    0.44510037547870124,
    0.4691432918645554,
    0.4861144275812061,
    0.4950520617555994,
    0.502718970145159,
    0.51026982526044,
    0.5092189962617264,
    0.510442377178996,
    0.49789490418038995,
    0.47890355143905255,
    0.4530994048507503,
    0.4218376398965321,
    0.38759749658517423,
    0.3500914078047086,
    0.3113191365752376,
    0.2703395415120933,
    0.23278086856708893,
    0.19475386669217526,
    0.15501565073693488,
    0.11383487607300717,
    0.06981839943239244
  ],
  "ctrl_y": [
    -0.4490604772943396,
    -0.4375178134996651,
    -0.42568500188769565,
    -0.41001096220431904,
    -0.39218751893634524,
    -0.3706367502643771,
    -0.3485922902315379,
    -0.32074844446803524,
    -0.2890078826177234,
    -0.24967867197367546,
    -0.20661091667512033,
    -0.1610047731973586,
    -0.11299038402783536,
    -0.06435567788403021,
    -0.01519837715460458,
    0.033743320343266846,
    0.0826985391025293,
    0.13265522549849182,
    0.1831780386419563,
    0.23088862922050113,
    0.27776646632850654,
    0.3167539865831588,
    0.35206941020313753,
    0.3853841603904504,
    0.4140516559846537,
    0.43436794949198876,
    0.44079855565744724,
    0.4296478731689853,
    0.4114205230764064,
    0.39108672915007286,
    0.36501390030191455,
    0.3301134388408807,
    0.29225868950598644,
    0.2648347232935024,
    0.2554692774907954,
    0.2729945871421739,
    0.30143984490226877,
    0.31259139599359914,
    0.3046346398326237,
    0.27673133754441376,
    0.249126022869906,
    0.22599086991386844,
    0.21550939924429136,
    0.2073460411889449,
    0.19602151034622256,
    0.17195740351408254,
    0.132948697523729,
    0.08530011075000549,
    0.03943045196531357,
    0.012124241419897422,
    -0.014291724146963336,
    -0.03377153384964142,
    -0.06385649992038891,
    -0.09075839954420141,
    -0.11295709782317603,
    -0.14420651857431255,
    -0.17671801047012664,
    -0.22482371569760873,
    -0.27142642100718695,
    -0.3091229587413291,
    -0.3285131641625952,
    -0.3186431367855311,
    -0.2892204995098883,
    -0.2518162784751003,
    -0.23346235058316053,
    -0.23707014195052245,
    -0.25951662445774726,
    -0.289064264487147,
    -0.32393475961406387,
    -0.3610751062956222,
    -0.3973707263612654,
    -0.4266995062456024,
    -0.4536141838403787,
    -0.46354336961347103,
    -0.4453603116775702,
    -0.43253304602764275,
    -0.40580814682639454,
    -0.3731355879993095,
    -0.3398495447868669,
    -0.3011378359627901,
    -0.25268425785766413,
    -0.20128160999287273,
    -0.14875284322442572,
    -0.09728280518714204,
    -0.0461494389606362,
    0.005564644435225521,
    0.05746599553192067,
    0.10782764341548512,
    0.15572038889373221,
    0.1998016171224275,
    0.2395921080913954,
    0.2754966627664802,
    0.3066939408150348,
    0.33430331364362065,
    0.3565744652546039,
    0.3815638435591459,
    0.40580205686039544,
    0.4282868192006203,
    0.4512621010202371,
    0.47024026283425263
  ],
  "amplitudes": [
    0.4526108383749898,
    0.44887062179593823,
    0.4493517172650212,
    0.4503825769561009,
    0.45384214752317936,
    0.4581908291467746,
    0.4676067016633046,
    0.47579100820100234,
    0.4850603276881836,
    0.48820288075059587,
    0.48995192418102745,
    0.4911933758210533,
    0.4897349676563694,
    0.48965301492853147,
    0.48706988670243345,
    0.48700363083434106,
    0.4909899942908321,
    0.4995734144031004,
    0.5079742877400609,
    0.5148196616742015,
    0.5189247657812724,
    0.5185684274558394,
    0.5189892347006331,
    0.5162662117697023,
    0.5205965834840637,
    0.5297078468681121,
    0.5371814012486127,
    0.5471325086931083,
    0.5569842732667906,
    0.5644349381374512,
    0.5739300453142909,
    0.5807989208516462,
    0.5907614000117947,
    0.6006779209812636,
    0.6098630897558925,
    0.619308556226566,
    0.6293328999318653,
    0.6311526819409443,
    0.6373753461138423,
    0.6469175243069064,
    0.6555983166523515,
    0.6609110495859691,
    0.6692632929533235,
    0.6792544916145095,
    0.6855654377981555,
    0.6950663669624574,
    0.702672330713017,
    0.712642988896709,
    0.722312547667,
    0.7306152427291992,
    0.7314101786453759,
    0.724380598822022,
    0.7146693664022706,
    0.7065756249732551,
    0.7019726664249704,
    0.7097898076999697,
    0.7065439248200062,
    0.6994883470572774,
    0.6915656625645797,
    0.6821950288195925,
    0.6726644463445461,
    0.6633142330648818,
    0.653291898764584,
    0.643196838386524,
    0.6331882412570562,
    0.6230447029297997,
    0.6129003839627091,
    0.6028768235239371,
    0.5928449582542535,
    0.5829130876224581,
    0.5728629380218174,
    0.5629722772907759,
    0.5537797132964806,
    0.5439152784589992,
    0.5375593722361907,
    0.5323317554214251,
    0.5332286433313653,
    0.5387866680531478,
    0.535661953183018,
    0.5373996096943439,
    0.532864675570252,
    0.5261383118761896,
    0.5169177422141944,
    0.51204521980865,
    0.512352481488771,
    0.5092494000207468,
    0.5136669748607741,
    0.5094370778548973,
    0.5035846017285998,
    0.49519668504629677,
    0.4851302636335474,
    0.4755315242489838,
    0.4654300883605817,
    0.4568132116205227,
    0.44746934752737594,
    0.44696521059527294,
    0.45011596055203507,
    0.4554771689935514,
    0.46539860638785285,
    0.47539511323711364
  ],