{
  "ctrl_x": [
    31.758264228295428,
    13.961930590983124,
    -4.776285182155001,
    -27.33978084106002,
    -21.74545349347524,
    2.641664514997418,
    -16.700587546201202,
    -25.720059273942756,
    -4.855101023698542,
    -2.3712962691195467,
    -28.798519961086235,
    17.856621782056255,
    -31.23039336154484,
    29.36636500404677,
    4.425421233179088,
    -6.147892969889135,
    29.914291849940856,
    -12.579208340783753,
    17.636955852652154,
    -0.3883433594756075,
    29.390878391496845,
    23.3188727487413,
    -31.81808086787597,
    -24.61692529308518,
    0.6365545034955558,
    -14.626727550198844,
    -32.101151859934205,
    31.555660703231254,
    -31.361110015072388,
    -32.105799751713164,
    -30.273760535270814,
    6.423554311048276,
    31.05954810106011,
    -10.843261908531787,
    -26.730551005840212,
    -6.201893194781219,
    -17.169193867057587,
    -5.147365293101383,
    -32.12003486922142,
    8.037887727450654,
    6.229604266896298,
    -28.789902128822312,
    -9.023870616488741,
    -4.838182444454147,
    16.219505672768,
    -27.45953110175651,
    -31.18796372349237,
    -31.682291568255216,
    1.5535772659004268,
    -31.910899794362834,
    -32.119029115617074,
    17.1164968835925,
    -29.255119248640547,
    -30.397135374709627,
    -14.962224948021781,
    -9.52659605728757,
    19.524200711803086,
    -31.512289999847965,
    -31.676422925616844,
    -13.68120937309544,
    14.822473457296367,
    -32.11316769725788,
    -20.10210700394038,
    2.998925449765379,
    9.856156062234907,
    0.9823778150866631,
    -2.2190294509614055,
    -13.728240475938465,
    -24.24823497078136,
    20.91963974993666,
    -25.149888828722226,
    30.554928270716413,
    -31.93637293195514,
    32.05867295195004,
    -30.585611572279035,
    27.30555879332002,
    -29.429016373198625,
    -6.039367581134187,
    -5.167717419502639,
    -19.042754686726177,
    29.420964805613565,
    0.3086810526088313,
    -27.063452886166655,
    9.095420754481674,
    20.812970562862294,
    -21.85777615400389,
    9.71175623746173,
    -0.9945327887865808,
    18.21355965368377,
    16.94666186145729,
    -3.500978913717211,
    -8.282653799321452,
    24.83696223692632,
    4.6142900550729005,
    -26.854441593109474,
    -8.710930026069319,
    -12.739788335518645,
    -11.285207802113277,
    25.27090448002983,
    -2.804435001456449
  ],
  "ctrl_y": [
    10.228540810756993,
    30.495179546970036,
    9.388874571798953,
    2.7685411024967816,
    19.531323065628744,
    -1.915639459185173,
    -2.620166459139982,
    8.078549696710784,
    3.187815425490308,
    -27.117450043739904,
    -28.39049940040854,
    -11.73095208841179,
    26.942862554427677,
    1.0974791316753456,
    30.101061271252295,
    12.627206621049671,
    -4.758674126003637,
    -31.743453991558106,
    0.32658052669874293,
    -5.793509316572399,
    -32.09571920287197,
    7.401254027500729,
    -8.230264284543983,
    11.56129547659661,
    -18.618826223107373,
    7.198970265641091,
    -12.633754877987085,
    31.452544886820156,
    9.758782051962198,
    -28.559103589952464,
    16.394071583218963,
    12.99275643110632,
    0.6043468455930473,
    -28.723387650029988,
    32.04805946864436,
    -12.694318113974683,
    31.911572082997733,
    -12.708010633254554,
    11.072111643288457,
    14.474211386532785,
    17.317227444624006,
    32.047164785306926,
    -0.7251281726594576,
    32.07095795262784,
    31.993003743246025,
    -5.333245706194697,
    27.82261183847862,
    28.708608761654318,
    29.376321489316485,
    -26.233853020379033,
    15.31535263474473,
    -17.188607459005798,
    -5.679360460946906,
    0.0322169468164021,
    4.601591003474366,
    28.88120558362773,
    12.33681808159264,
    -29.736537414462347,
    28.22499812733589,
    -0.6291077357326587,
    11.316605790732853,
    -29.03839539619778,
    16.086623238585325,
    -6.646945519213207,
    32.05711018264543,
    23.167660668525254,
    19.5358511082293,
    -10.944109604073292,
    -25.44182819881267,
    21.938806870247692,
    15.274725395433569,
    0.36862405115976016,
    -12.471851609669248,
    -18.54190170207618,
    -24.777378580655995,
    -21.60033489339823,
    -2.7971259404321938,
    28.5326390261604,
    15.558192229375377,
    30.268338240974842,
    -30.960215165614844,
    28.638132844358903,
    -4.87658176230023,
    21.281619546959764,
    25.197884895110466,
    -1.1159118105153178,
    -0.571373345523157,
    19.169416970157414,
    -18.91700901644467,
    -20.934501807926765,
    18.57222387586407,
    22.793600293808684,
    -23.597168014454002,
    8.080256330613514,
    -21.943431733362107,
    -8.070951489911227,
    -20.43671324809916,
    19.83315524388322,
    -19.686015420022198,
    3.4887621090638654
  ],
  "amplitudes": [
    33.36480771578866,
    33.53940192414543,
    10.533938763171466,
    27.47960036596978,
    29.22904939150187,
    3.2631374392421484,
    16.90487789550498,
    26.958939412694903,
    5.808112700121494,
    27.220932072040988,
    40.439772602645526,
    21.365256337521878,
    41.246276342763416,
    29.3868653312218,
    30.424632171100395,
    14.044320382983752,
    30.29042482899397,
    34.145034101535316,
    17.639979211688996,
    5.806510205455596,
    43.51963836905542,
    24.465248567132633,
    32.865293552745506,
    27.196627805345834,
    18.629704548440678,
    16.302341295449878,
    34.49776388480303,
    44.5535891065455,
    32.84437620834308,
    42.96981237518661,
    34.42769466610606,
    14.49392181795671,
    31.06542713937545,
    30.701943373521352,
    41.73248701888723,
    14.128311703040083,
    36.23713083086143,
    13.710904554971401,
    33.97481856083184,
    16.5562808136712,
    18.40365006434787,
    43.07991684490331,
    9.052958177850671,
    32.43384579979758,
    35.86955049598904,
    27.97265375489028,
    41.79457872419013,
    42.75455316157182,
    29.41737354973758,
    41.3100541028539,
    35.58359253443137,
    24.257425501190795,
    29.80129422521018,
    30.39715244755807,
    15.653843462819653,
    30.41184092426002,
    23.095269944581364,
    43.327659507942926,
    42.42695238466533,
    13.695665973352051,
    18.648626920368795,
    43.29531090935978,
    25.746342521182736,
    7.292149106308717,
    33.5380697951656,
    23.188479187378945,
    19.661474263827166,
    17.55671158250213,
    35.146315899338916,
    30.31406561576915,
    29.42505979608181,
    30.557151786770287,
    34.285259203082106,
    37.03458694476757,
    39.36239480239331,
    34.81620324679894,
    29.56164606750834,
    29.164798140519096,
    16.393982090206986,
    35.76029650225082,
    42.70981261015224,
    28.639796382016893,
    27.499300569399242,
    23.143768259352147,
    32.682000349394286,
    21.88624311222437,
    9.72854956896716,
    19.195198421577484,
    26.259988297532544,
    26.934043777209915,
    18.89932149706724,
    24.251815773531874,
    34.259320359004136,
    9.304956479251498,
    34.679608266450344,
    11.87520778224854,
    24.082388901827173,
    22.81907014023251,
    32.03369813737002,
    4.47619444741108
  ],