{
  "ctrl_x": [
    30.252623095108092,
    -7.399533563713705,
    -12.480909338372982,
    -4.0572561019516575,
    -4.017769624865497,
    -3.1458741169096034,
    -7.924219337878131,
    0.7214899458561707,
    2.0870217222607574,
    5.431886613547135,
    4.3298998480702,
    -4.530021407104035,
    -16.152320699051817,
    -20.911389330601917,
    -31.99418158184538,
    -32.55528695618766,
    -32.0355904729993,
    -33.27215648513222,
    -30.64463228880405,
    -36.38472051154411,
    -25.849133358988716,
    -21.220423908984273,
    -10.60407292138714,
    0.3902894109158405,
    -1.8744008644140817,
    -6.532230020345773,
    -3.6210539135271578,
    -6.631583787619126,
    -16.080883840280915,
    0.5136816951224727
  ],
  "ctrl_y": [
    -1.456895487511047,
    -0.8125658096143142,
    -3.495270636114212,
    -6.3514312258388435,
    -12.09251907658348,
    -17.00128430466079,
    -18.54910052455205,
    -22.61014067897067,
    -17.394653344669074,
    -21.151506029845507,
    -26.21243388644737,
    -26.880916666472324,
    -32.49906522966579,
    -33.58311501506436,
    -38.77514576320326,
    -36.335371210387,
    -31.687184406162327,
    -35.79148278700478,
    -27.65082484566281,
    -20.839148719345896,
    -10.440658081964534,
    -10.204662948022198,
    -13.282509051307514,
    -9.80112726665437,
    -15.163973260510128,
    -22.350639184975993,
    -15.445198873132153,
    -8.76658503486054,
    -1.599123637289697,
    16.365426644209183
  ],
  "amplitudes": [
    30.28768311700645,
    7.44401505610244,
    12.961096201030534,
    7.536710535332021,
    12.742507224876398,
    17.289886985383884,
    20.170829987502714,
    22.62164912787783,
    17.51940708615435,
    21.837847868162818,
    26.567644286720128,
    27.25994818004338,
    36.29168919693722,
    39.561494130670205,
    50.270663254524045,
    48.7863291281107,
    45.05947971896547,
    48.86784870713653,
    41.27543582763888,
    41.929917792075315,
    27.87803860739264,
    23.546582273436808,
    16.996217497436366,
    9.80889502041024,
    15.279380342343154,
    23.285641520380985,
    15.863990660463498,
    10.992311708901527,
    16.160198683554185,
    16.37348643786337
  ],
  "phases": [
    6.235064825541185,
    3.250967523143,
    3.4146471249051684,
    4.143931825984875,
    4.391611496382857,
    4.529421013800851,
    4.308654402402212,
    4.744288171995347,
    4.8317988257983995,
    4.96376531045533,
    4.876095651964473,
    4.545435818993809,
    4.251137210923726,
    4.155462824904955,
    4.022517026761329,
    3.9818066294256846,
    3.921523343296314,
    3.9634529808250107,
    3.8756801355476056,
    3.661730216550642,
    3.5254629948403693,
    3.589834697447975,
    4.038655781735821,
    4.7521888219911865,
    4.589403995282906,
    4.4280468146254455,
    4.48210277745769,
    4.06476534134128,
    3.24070931677481,
    1.5394184037300276
  ],
  "target_theta": 0.0,
  "optimized_theta": 0.01800167977852833,
  "fid_err": 0.002209465722103454,
  "probe_fidelity": 0.9977905342778965,
  "phase_gate_fidelity": 0.9977905342778965,
  "fidelity_metric": "paper_eq7_special_state_phase_gate_fidelity",
  "objective": 0.002209465722103454,
  "num_iter": 30,
  "num_fid_func_calls": 36,
  "wall_time": 0.6638244750001832,
  "termination_reason": "STOP: TOTAL NO. OF ITERATIONS REACHED LIMIT",
  "evo_time": 18.849555921538762,
  "num_tslots": 30,
  "control_smoothness_cost": 132.95034253222883,
  "control_curvature_cost": 158.32395835446246,
  "success": false,
  "gate_time_ns": 300.0,
  "gate_time_us": 0.3,
  "slot_duration_ns": 10.0,
  "slot_midpoints_ns": [
    5.0,
    15.0,
    25.0,
    35.0,
    45.0,
    55.0,
    65.0,
    75.0,
    85.0,
    95.0,
    105.0,
    115.0,
    125.0,
    135.0,
    145.0,
    155.0,
    165.0,
    175.0,
    185.0,
    195.0,
    205.0,
    215.0,
    225.0,
    235.0,
    245.0,
    255.0,
    265.0,
    275.0,
    285.0,
    295.0
  ],
  "omega_max_hz": 10000000.0,
  "omega_max_mhz": 10.0,
  "effective_rabi_hz_reference": 10000000.0,
  "effective_rabi_sequence_hz": [
    7699178.973480865,
    1892280.8977104595,
    3294732.01891119,
    1915844.2413265447,
    3239166.340858528,
    4395117.771718324,
    5127458.231700739,
    5750460.497027053,
    4453462.159666933,
    5551216.924817423,
    6753538.970842605,
    6929523.761694449,
    9225407.215788994,
    10000000.0,
    10000000.0,
    10000000.0,
    10000000.0,
    10000000.0,
    10000000.0,
    10000000.0,
    7086643.367164872,
    5985580.027254989,
    4320466.503807743,
    2493437.2828213847,
    3884043.6690098457,
    5919248.457702758,
    4032652.575526858,
    2794263.755737779,
    4107949.143255264,
    4162167.241976594
  ],
  "effective_rabi_sequence_mhz": [
    7.6991789734808656,
    1.8922808977104595,
    3.2947320189111897,
    1.9158442413265446,
    3.239166340858528,
    4.395117771718324,
    5.127458231700739,
    5.750460497027053,
    4.453462159666933,
    5.551216924817424,
    6.753538970842605,
    6.929523761694449,
    9.225407215788994,
    10.0,
    10.0,
    10.0,
    10.0,
    10.0,
    10.0,
    10.0,
    7.086643367164871,
    5.985580027254989,
    4.320466503807743,
    2.4934372828213847,
    3.884043669009846,
    5.919248457702758,
    4.032652575526858,
    2.7942637557377794,
    4.107949143255264,
    4.1621672419765945
  ],
  "effective_rabi_fraction": [
    0.7699178973480866,
    0.18922808977104597,
    0.329473201891119,
    0.19158442413265447,
    0.3239166340858528,
    0.4395117771718324,
    0.5127458231700739,
    0.5750460497027052,
    0.4453462159666933,
    0.5551216924817424,
    0.6753538970842605,
    0.6929523761694449,
    0.9225407215788993,
    1.0,
    1.0,
    1.0,
    1.0,
    1.0,
    1.0,
    1.0,
    0.7086643367164872,
    0.598558002725499,
    0.4320466503807743,
    0.2493437282821385,
    0.38840436690098457,
    0.5919248457702758,
    0.40326525755268583,
    0.2794263755737779,
    0.4107949143255264,
    0.4162167241976594
  ],
  "dimensionless_gate_time": 18.849555921538762,
  "physical_time_from_dimensionless_ns": 300.00000000000006,
  "scan_stage": "coarse",
  "ensemble_size": 2,
  "omega_mode": "yb171_default_10mhz",
  "wall_clock_scan_s": 2.813050535000002
}