{
  "ctrl_x": [
    1.0,
    1.0,
    1.0,
    1.0,
    1.0,
    1.0,
    1.0,
    1.0,
    1.0,
    1.0,
    1.0,
    1.0,
    1.0,
    1.0,
    1.0,
    1.0,
    1.0,
    1.0,
    1.0,
    1.0,
    1.0,
    1.0,
    1.0,
    1.0,
    1.0,
    1.0,
    1.0,
    1.0,
    1.0,
    1.0,
    1.0,
    0.9855049999452538,
    1.0,
    1.0,
    0.9985760383625654,
    0.9965613372605489,
    0.9984351189911284,
    1.0,
    0.9822016897229324,
    0.9954076886650834,
    1.0,
    1.0,
    1.0,
    1.0,
    1.0,
    1.0,
    0.9934522529747931,
    1.0,
    0.9909570992106969,
    0.9449281866297222,
    0.8803329930095065,
    0.8303604032316897,
    0.7601011432098943,
    0.732471349215733,
    0.7325215226933083,
    0.7579266450097563,
    0.7150087184627406,
    0.707673246913127,
    0.6969799173647329,
    0.7207568741501366,
    0.7133292532901458,
    0.7041447998301208,
    0.7066678291826505,
    0.712317644052968,
    0.6875330769789086,
    0.6754944561702735,
    0.6639475571301575,
    0.6399473708129084,
    0.6158460525050076,
    0.5741860361416395,
    0.5709861468226167,
    0.5442095896170724,
    0.5483380441308543,
    0.5285654438569657,
    0.5298319686695719,
    0.5238521851480664,
    0.5344728087813451,
    0.5222150909731573,
    0.48854683910486285,
    0.46410318946908846,
    0.4570768615083163,
    0.44499460259868084,
    0.44282059911240923,
    0.47062713317983873,
    0.48401161738441156,
    0.5068923394696017,
    0.5515394849227199,
    0.5293743642571688,
    0.5627821214488279,
    0.583626234444941,
    0.6674200427290333,
    0.6878374959516607,
    0.6451336610719001,
    0.6262463749045887,
    0.6262101984303513,
    0.6476417590445622,
    0.6022268931928024,
    0.5762713254965018,
    0.5684747756737011,
    0.5397063989858787
  ],
  "ctrl_y": [
    1.0,
    1.0,
    1.0,
    1.0,
    1.0,
    1.0,
    1.0,
    1.0,
    1.0,
    1.0,
    1.0,
    1.0,
    1.0,
    1.0,
    1.0,
    1.0,
    1.0,
    1.0,
    1.0,
    0.9970279434176785,
    1.0,
    1.0,
    1.0,
    1.0,
    1.0,
    1.0,
    1.0,
    1.0,
    1.0,
    1.0,
    1.0,
    1.0,
    0.9748112711437499,
    0.9437224069844583,
    0.9076215811680041,
    0.8617064718038774,
    0.7994747793694993,
    0.7252769345697303,
    0.6609802684757281,
    0.5414019584347629,
    0.4127081529712283,
    0.308690285386188,
    0.20271030303724688,
    0.06824604499498475,
    -0.10335049379193008,
    -0.25005847821341937,
    -0.39187602945533323,
    -0.460516564857771,
    -0.5481746362334967,
    -0.6703785977653016,
    -0.776171965484818,
    -0.8577967095728506,
    -0.9571801302675622,
    -0.9926207655340361,
    -0.9878426843577559,
    -0.9727509438154059,
    -0.9966070371062178,
    -0.9901422243039272,
    -0.9919757576055445,
    -0.9837753384961186,
    -0.9848645426362519,
    -0.9977727320413377,
    -1.0,
    -1.0,
    -0.9997627942535736,
    -0.9952126989885268,
    -0.995755487250745,
    -0.9986363801933191,
    -0.9970179112908968,
    -1.0,
    -1.0,
    -1.0,
    -1.0,
    -1.0,
    -1.0,
    -1.0,
    -1.0,
    -1.0,
    -1.0,
    -1.0,
    -1.0,
    -1.0,
    -1.0,
    -1.0,
    -1.0,
    -1.0,
    -0.9950213360976362,
    -1.0,
    -1.0,
    -1.0,
    -0.968684699580244,
    -0.97789766879957,
    -1.0,
    -1.0,
    -1.0,
    -0.9930119827528427,
    -1.0,
    -1.0,
    -0.9990233964568067,
    -1.0
  ],
  "amplitudes": [
    1.4142135623730951,
    1.4142135623730951,
    1.4142135623730951,
    1.4142135623730951,
    1.4142135623730951,
    1.4142135623730951,
    1.4142135623730951,
    1.4142135623730951,
    1.4142135623730951,
    1.4142135623730951,
    1.4142135623730951,
    1.4142135623730951,
    1.4142135623730951,
    1.4142135623730951,
    1.4142135623730951,
    1.4142135623730951,
    1.4142135623730951,
    1.4142135623730951,
    1.4142135623730951,
    1.4121135648224918,
    1.4142135623730951,
    1.4142135623730951,
    1.4142135623730951,
    1.4142135623730951,
    1.4142135623730951,
    1.4142135623730951,
    1.4142135623730951,
    1.4142135623730951,
    1.4142135623730951,
    1.4142135623730951,
    1.4142135623730951,
    1.404001461864301,
    1.3965160272438313,
    1.374995265971683,
    1.3494187782129694,
    1.3174492561276203,
    1.2790749038593237,
    1.235324504662182,
    1.1838982534866878,
    1.1331162990843262,
    1.081816999094081,
    1.0465608880002186,
    1.0203388980909491,
    1.0023260560603309,
    1.0053264766069956,
    1.0307905910156587,
    1.0679485949250411,
    1.1009430078384628,
    1.132471370183726,
    1.158575307103128,
    1.1736392540238425,
    1.1938649815657982,
    1.2222714713548768,
    1.2336167401552607,
    1.2298052489105988,
    1.2331655192671858,
    1.2265655522178034,
    1.21703863897006,
    1.2123518090417664,
    1.2195508961367,
    1.2160578896342027,
    1.2212167391307065,
    1.224491494785374,
    1.2277607364748113,
    1.2133537722831702,
    1.2028055023755095,
    1.1968104900146357,
    1.1860890595802533,
    1.1718835589856456,
    1.1531216779247748,
    1.1515316668955913,
    1.138492019045888,
    1.1404712230658216,
    1.131097444272469,
    1.1316898493069,
    1.1289026139948495,
    1.1338700028339317,
    1.1281438743529582,
    1.1129591250353055,
    1.102448080625741,
    1.0995086435887136,
    1.0945410893803658,
    1.093659034159309,
    1.1052103412857996,
    1.1109758079108085,
    1.1211332854807967,
    1.1376569178440152,
    1.1314756813704312,
    1.1474858239745027,
    1.1578512778126477,
    1.1763501012187196,
    1.1955769617555718,
    1.190040940744491,
    1.179908692264422,
    1.1798894916974978,
    1.1855431860329118,
    1.1673376678941938,
    1.1541614447682331,
    1.149439566591197,
    1.1363463367769109
  ],