{
  "ctrl_x": [
    2.549155013734835,
    -2.5576442344258004,
    1.127259398723635,
    -5.773090754809986,
    -0.3595401301028809,
    1.5280247305075207,
    4.01842928705539,
    -1.9020425420224343,
    6.670512867580179,
    0.28313792640726554,
    0.8380411487037251,
    6.0330206112276406,
    5.506788419310418,
    4.785801723774341,
    3.6630860470885884,
    7.625589556911519,
    9.155600074241017,
    5.709650258522025,
    9.305010688139532,
    10.489086194815496,
    15.053848997052144,
    16.2979337404793,
    15.726580477725536,
    20.247927682592934,
    19.278289658868665,
    19.987756170714164,
    21.141117600416056,
    20.18752941979538,
    21.967406110435483,
    18.328964712744266,
    20.972536080386238,
    22.279684181406815,
    22.547289424995142,
    23.483815061281668,
    20.882546175603363,
    23.25527790407628,
    23.045767821296277,
    21.960757361418587,
    23.009946021943367,
    24.913569499486627,
    23.99757260174165,
    22.885330571666895,
    25.21188140622218,
    24.756622463645268,
    29.78920146740748,
    24.744117657659302,
    30.60379263782523,
    23.303848256855172,
    25.47732355163443,
    21.132842776249397,
    19.89553736223238,
    20.19739040871378,
    18.445436891495085,
    20.280769193563895,
    15.537919737436821,
    12.926003631064114,
    12.911282661539062,
    9.65547176801773,
    9.26420106408157,
    5.906305507799425,
    4.981924025266986,
    5.711585430341856,
    3.1612129250762178,
    0.22412415503077399,
    1.8057648639973312,
    0.38651789236538187,
    2.1581909091312665,
    -1.5425799556402877,
    -2.4676401475564704,
    -3.509704421913292,
    0.6797714098894512,
    1.3262636196988316,
    -2.27712983757468,
    -2.2320939803893074,
    1.8318542288337671,
    -2.2264764060518227,
    -2.472979210954237,
    -0.08685063471647632,
    -3.8884529613278676,
    -0.994313707943009,
    -3.1216990618319063,
    -4.396747928265887,
    -2.9335077253660486,
    -2.7303829214075206,
    3.7138333886491,
    -1.978735077972613,
    -0.4241750052290821,
    0.053021840515233065,
    2.7366439145903456,
    2.4203920096020592,
    0.5436520719708469,
    0.4990982045888774,
    0.7920126140508434,
    -0.616612319515154,
    -0.7585179577291747,
    1.1215859995526265,
    -0.4472865916060894,
    -0.2633679933895312,
    -0.5337529100756147,
    5.7705109788224815
  ],
  "ctrl_y": [
    -1.990688653860664,
    -0.8999017209209982,
    -1.7278118350366511,
    -4.289056932466722,
    -1.3206423625844848,
    0.20598174580474296,
    -0.28277678222595193,
    -3.4160900186806775,
    0.38473273417225495,
    -0.8151407315011002,
    4.539161253965578,
    -0.9211393184825475,
    3.049251454423793,
    0.09748766671928248,
    5.185609405895452,
    5.171904533806892,
    4.177594133302653,
    5.185232053035175,
    7.180338241983246,
    10.649295088356267,
    12.1077804358502,
    11.662613892729203,
    13.452989004613322,
    15.091832260325534,
    17.17472920039646,
    18.733323987511234,
    19.601624064403637,
    18.950193596248138,
    23.71420082588397,
    21.5001775221969,
    22.05889914693049,
    21.12866336390516,
    23.814887077506516,
    18.422443823773126,
    20.319361242463934,
    20.640803773041807,
    19.484585871054435,
    16.995401813843245,
    18.128909854110557,
    20.789358529805995,
    21.152283976868777,
    22.487539760451153,
    17.706206310582434,
    20.371090268701344,
    17.742348897236873,
    15.553228573540162,
    18.86838345496349,
    15.123099023333685,
    14.896807856461267,
    16.71983540792588,
    13.424284506295265,
    10.996607843316037,
    9.239890371648118,
    12.83253594631029,
    13.052854674953995,
    9.765618978256771,
    8.902858865166834,
    7.339895984933778,
    5.354477976373495,
    2.152086805072703,
    6.452861619889897,
    2.96513170228477,
    2.833079056696907,
    4.574528057450391,
    6.757753184537483,
    5.17267240086187,
    2.093427036326206,
    1.5887741808716516,
    -0.23671257072437987,
    -1.030367675245016,
    5.7982773276150485,
    4.5931866275402715,
    -0.13531168235753888,
    2.8262037735873644,
    3.7935640997531253,
    4.091128480971768,
    0.06275020853901805,
    4.01421226615954,
    2.046377385897581,
    2.4423158568088024,
    -1.7552595470833363,
    1.1465997170083961,
    2.4516445931866695,
    -3.145801002024686,
    0.49833926406118656,
    -0.8868309708121214,
    -1.277954647303053,
    -2.514266653467514,
    1.2397997280710102,
    -2.6074190682145675,
    1.8985887003975144,
    3.2273972206844905,
    -3.416303236421975,
    0.8865952362496446,
    1.694161007547176,
    -0.4559477160100518,
    2.674390448763457,
    -2.6433237909887977,
    -1.9773533311605023,
    5.974995681991972
  ],
  "amplitudes": [
    3.2343519599231976,
    2.71134046869959,
    2.063019023010571,
    7.19198068915743,
    1.368709375655448,
    1.5418456656382153,
    4.02836649817647,
    3.9099151969566956,
    6.6815987004081885,
    0.8629145366270955,
    4.615874549467632,
    6.10293661605231,
    6.294652740807625,
    4.786794541699469,
    6.348916781537342,
    9.214022606727763,
    10.063662626601056,
    7.712764583368535,
    11.753317879461866,
    14.947522038155954,
    19.318817684030375,
    20.040938276935385,
    20.69560935755758,
    25.253553738302177,
    25.819058373190014,
    27.394302771944865,
    28.830028084565395,
    27.688376286997904,
    32.32538092631167,
    28.25258538482815,
    30.43751470172217,
    30.705125675829063,
    32.79526043392375,
    29.847546067852146,
    29.136869702800126,
    31.094223431258666,
    30.17874253575833,
    27.769021349357757,
    29.293599786151482,
    32.44816440550324,
    31.989101397412856,
    32.08469728472349,
    30.808257106729048,
    32.060437840788204,
    34.672575163334415,
    29.2262600706432,
    35.95285827333545,
    27.780883132976317,
    29.512859903218338,
    26.947169422293843,
    24.000912929260494,
    22.996955524192398,
    20.630310618073675,
    23.999657870393822,
    20.292953578335933,
    16.200274192086116,
    15.683179395111148,
    12.128569912921902,
    10.700273629921755,
    6.286169132948132,
    8.152238347777896,
    6.435387644888809,
    4.244950423640254,
    4.580015129371202,
    6.994856313547391,
    5.187093198290993,
    3.0066966519219007,
    2.21444266517505,
    2.478967676064265,
    3.657824855756155,
    5.837988449597841,
    4.780830323735765,
    2.2811465425428756,
    3.6013429865995326,
    4.212697294445911,
    4.657738661037543,
    2.4737752053255626,
    4.015151697076508,
    4.394055852850813,
    2.636961602720656,
    3.5813323093884213,
    4.543796128322011,
    3.8230915220647956,
    4.165459739554973,
    3.7471189547103925,
    2.1683776607387495,
    1.3465112385808602,
    2.5148256639994657,
    3.0043840102405888,
    3.5576581732137247,
    1.9748915485755965,
    3.265760529785645,
    3.5069091496648315,
    1.0799360469576065,
    1.856214161052248,
    1.210720229502773,
    2.711536385053278,
    2.656411745936502,
    2.048125573607664,
    8.306585962748686
  ],