{
  "ctrl_x": [
    -1.5888142809050134,
    0.2681142633380036,
    7.796935319003164,
    5.47441414702078,
    -0.7925172224939565,
    -1.7448997067966843,
    -6.733619436903884,
    -5.624681787522441
  ],
  "ctrl_y": [
    -1.5624341740660168,
    1.6953326667491981,
    2.476025338302632,
    1.2288006759697894,
    5.212244595349289,
    3.0947795456387053,
    -1.2556899516952817,
    -0.29883418338028556
  ],
  "amplitudes": [
    2.228347227767044,
    1.7164026652135647,
    8.180641896858438,
    5.610629318923597,
    5.2721511045964355,
    3.552792623118167,
    6.8496998456748655,
    5.632614586499169
  ],
  "phases": [
    3.918619693284534,
    1.413946900554395,
    0.30749158695883855,
    0.22080278160425096,
    1.7216897023026734,
    2.084188222012407,
    3.3259557233833066,
    3.194671831554917
  ],
  "target_theta": 0.0,
  "optimized_theta": 1.5406299410759101,
  "fid_err": 0.3999927077097095,
  "probe_fidelity": 0.6000072922902905,
  "phase_gate_fidelity": 0.6000072922902905,
  "fidelity_metric": "paper_eq7_special_state_phase_gate_fidelity",
  "objective": 0.3999927077097095,
  "num_iter": 20,
  "num_fid_func_calls": 23,
  "wall_time": 0.11927422500002649,
  "termination_reason": "CONVERGENCE: NORM OF PROJECTED GRADIENT <= PGTOL",
  "evo_time": 3.7699111843077526,
  "num_tslots": 8,
  "control_smoothness_cost": 26.399385691770153,
  "control_curvature_cost": 55.74648223983387,
  "success": true,
  "gate_time_ns": 60.0,
  "gate_time_us": 0.06,
  "slot_duration_ns": 7.5,
  "slot_midpoints_ns": [
    3.75,
    11.25,
    18.75,
    26.25,
    33.75,
    41.25,
    48.75,
    56.25
  ],
  "omega_max_hz": 10000000.0,
  "omega_max_mhz": 10.0,
  "effective_rabi_hz_reference": 10000000.0,
  "effective_rabi_sequence_hz": [
    566449.5384265663,
    436312.3867542933,
    2079532.6548600756,
    1426231.2212318645,
    1340189.5012144702,
    903125.741093427,
    1741204.9915717503,
    1431819.9124893066
  ],
  "effective_rabi_sequence_mhz": [
    0.5664495384265663,
    0.4363123867542933,
    2.0795326548600754,
    1.4262312212318646,
    1.3401895012144702,
    0.9031257410934269,
    1.7412049915717502,
    1.4318199124893067
  ],
  "effective_rabi_fraction": [
    0.05664495384265662,
    0.043631238675429326,
    0.20795326548600757,
    0.14262312212318645,
    0.13401895012144702,
    0.0903125741093427,
    0.17412049915717503,
    0.14318199124893066
  ],
  "dimensionless_gate_time": 3.7699111843077526,
  "physical_time_from_dimensionless_ns": 60.00000000000001,
  "scan_stage": "coarse",
  "ensemble_size": 2,
  "omega_mode": "yb171_default_10mhz",
  "wall_clock_scan_s": 0.5149160949999896
}