{
  "ctrl_x": [
    0.02591776131626972,
    0.07114726836555206,
    0.11382524867847911,
    0.15337646013804335,
    0.18964982717768733,
    0.22399212181728356,
    0.26368932929803524,
    0.2987184346654045,
    0.3296118249978903,
    0.3557803450702371,
    0.38115961317840513,
    0.40969703233385457,
    0.43167633320025933,
    0.44913100187975585,
    0.4531344913919042,
    0.46070698992237696,
    0.46424443824131467,
    0.4655190903977829,
    0.46316374564979795,
    0.4502738621003894,
    0.43197260888461475,
    0.40257793098089606,
    0.37545689444167485,
    0.3490285293157588,
    0.3337537982478553,
    0.3273109620503433,
    0.34718220434919844,
    0.3651831662689633,
    0.38229175117878433,
    0.40282327320166295,
    0.43216169368152846,
    0.46859658291706585,
    0.5033762413299596,
    0.5298943206956072,
    0.542315653362312,
    0.5407945855078665,
    0.5302862824039581,
    0.5304560394840424,
    0.5484355206764024,
    0.5799270275484215,
    0.6086340853428442,
    0.6296020869170742,
    0.6432133841432002,
    0.6532623755988948,
    0.6632778869957904,
    0.6763042892639788,
    0.6839600671476285,
    0.6961923072338613,
    0.6954552598848898,
    0.6944832861494643,
    0.7039797069039939,
    0.7123548179379262,
    0.7198546477325228,
    0.7272507246762746,
    0.7348437275048715,
    0.7327306791065649,
    0.7113448848830399,
    0.6806625217248653,
    0.644141568575781,
    0.6067997811799932,
    0.581939180973787,
    0.5807670639735292,
    0.5947532206113797,
    0.608767329007043,
    0.608866855792632,
    0.598617289091008,
    0.5758353487056852,
    0.5489507302603405,
    0.5128160436330118,
    0.47563581448136866,
    0.42925045827109304,
    0.38285238214606965,
    0.333772263404551,
    0.28980313626064247,
    0.2780322713208056,
    0.29921180111726753,
    0.3437123900760418,
    0.3796185470966636,
    0.41688803050074563,
    0.45302707989934365,
    0.4798767072900956,
    0.49644104016789,
    0.5063783629949598,
    0.5105840583353387,
    0.5088519601510013,
    0.5016774903820641,
    0.48930041032006444,
    0.47834147339077937,
    0.4565631796636874,
    0.4328629890381435,
    0.4037701456980189,
    0.3715839919175727,
    0.3365350527006006,
    0.30101613479655226,
    0.2703075623975112,
    0.23259233870576793,
    0.1955357516192064,
    0.15762429406643072,
    0.11809894394077297,
    0.07554393144579803
  ],
  "ctrl_y": [
    -0.4682479636135163,
    -0.45373463076869636,
    -0.43485224293969843,
    -0.4118927330309031,
    -0.3856281375193909,
    -0.3594283150876426,
    -0.34114020487646246,
    -0.315013168827776,
    -0.28382055348759744,
    -0.24829346216681422,
    -0.21202003514882745,
    -0.17608047381543926,
    -0.13558281695675253,
    -0.09227319154224854,
    -0.045824075114609994,
    0.000647447346771255,
    0.04816441203787858,
    0.09647604375235717,
    0.14562433398224967,
    0.19294923013397824,
    0.23920985617973925,
    0.28006574583768945,
    0.3213583180505117,
    0.3631581713823635,
    0.3843258510432185,
    0.39983444452825273,
    0.39375117858391095,
    0.3901123324787525,
    0.38700181184500937,
    0.3802345034152454,
    0.36221366143006295,
    0.33129711961280844,
    0.2959062881015102,
    0.26808162849677747,
    0.2656950067962096,
    0.2906098988039939,
    0.3289337931552442,
    0.34732959375091915,
    0.3376185437938574,
    0.30198112736612814,
    0.2658157243061632,
    0.24029118928093338,
    0.23204957719441355,
    0.23165247214255522,
    0.2325944654386116,
    0.2165531309301649,
    0.17689152999783972,
    0.11834933283843437,
    0.058600565386902975,
    0.015795421371277093,
    -0.016768165737292444,
    -0.03473254123455248,
    -0.055174531762839665,
    -0.07123910529719871,
    -0.09241378219650019,
    -0.1289794512275624,
    -0.18216179766498317,
    -0.24758425741085277,
    -0.3084135780014536,
    -0.35624366079476655,
    -0.3768389269902004,
    -0.3595039061037985,
    -0.3144133580290586,
    -0.2614562357851098,
    -0.23386777060414604,
    -0.23219218290332083,
    -0.2603778016913438,
    -0.29236656731936184,
    -0.33416293430477645,
    -0.3708022465083544,
    -0.4095181484854781,
    -0.44577176521839496,
    -0.47257331493441607,
    -0.49111187209705387,
    -0.4880428897264864,
    -0.4701179140261965,
    -0.43695253375007065,
    -0.39778809673704035,
    -0.3600701970288949,
    -0.3182192527785034,
    -0.2703990399824511,
    -0.2170911397875853,
    -0.16255899457269743,
    -0.107984506327845,
    -0.054402711780321696,
    -0.002334959765520829,
    0.04746963013810342,
    0.0958875050619246,
    0.14080895581874542,
    0.1833490288503996,
    0.221691356371463,
    0.25598209114212117,
    0.28582262953182475,
    0.31303853674771376,
    0.3447802310941329,
    0.36763972468287137,
    0.39117524839468215,
    0.4145341571920475,
    0.4376198866544254,
    0.45692836050349445
  ],
  "amplitudes": [
    0.46896469566466514,
    0.4592788357356401,
    0.44950268122270876,
    0.4395224249661713,
    0.42973959253855226,
    0.4235105480657483,
    0.43117131371277756,
    0.4341267093186809,
    0.4349690354041837,
    0.4338540045834315,
    0.43615954193714646,
    0.44593272089210617,
    0.4524678517852396,
    0.4585117214716607,
    0.4554456204083086,
    0.46070744486214243,
    0.46673623067525877,
    0.47541103325741807,
    0.485517354923719,
    0.4898734084435441,
    0.4937830395225335,
    0.49041391956640096,
    0.49420547160471706,
    0.5036911471508146,
    0.5090166575122707,
    0.5167204746374365,
    0.524952829931402,
    0.5343653964079617,
    0.5439828907150128,
    0.5539357968396156,
    0.5638816063787322,
    0.5738819904695512,
    0.5839076739292708,
    0.5938482555695042,
    0.6039040524108356,
    0.6139323228153839,
    0.6240200169748623,
    0.6340516197599959,
    0.64402469009587,
    0.6538409275706633,
    0.6641486649309255,
    0.673898095780349,
    0.6837912428636784,
    0.6931194696608001,
    0.7028781834217604,
    0.7101286856567003,
    0.7064644271565024,
    0.7061800713946192,
    0.697919798232737,
    0.6946628895207048,
    0.7041793799273212,
    0.71320104883545,
    0.7219660260825043,
    0.7307315695012171,
    0.7406318997944363,
    0.7439959320741819,
    0.7342986216641044,
    0.724292367071845,
    0.7141689544238997,
    0.7036444558841805,
    0.6932970411357369,
    0.6830325329735928,
    0.672745979649613,
    0.6625383189652416,
    0.6522369065072592,
    0.6420715447674633,
    0.6319675216596299,
    0.6219526621371341,
    0.6120826425169998,
    0.6030951285104178,
    0.5932630696958284,
    0.5876124685375933,
    0.5785580885324305,
    0.5702426928082266,
    0.5616830121237293,
    0.5572598630945724,
    0.5559367984244178,
    0.5498596286375813,
    0.5508594891287776,
    0.5536217372548113,
    0.5508151187313356,
    0.5418323258511341,
    0.53183124506364,
    0.5218780836872277,
    0.5117518660430747,
    0.5016829241594263,
    0.4915976579732981,
    0.487857539444316,
    0.47778352740899505,
    0.47009279260526915,
    0.46062716815969335,
    0.4512222224524098,
    0.4415318983365559,
    0.43428543482024107,
    0.4381091028985909,
    0.43503811693863803,
    0.4373240276018792,
    0.44349068260659297,
    0.45327533106861,
    0.4631310961387702
  ],