{
  "amplitudes": [
    4.0,
    4.0,
    4.0,
    4.0,
    4.0,
    4.0,
    4.0,
    4.0,
    4.0,
    4.0,
    4.0,
    4.0,
    4.0,
    4.0,
    4.0,
    4.0,
    4.0,
    4.0,
    4.0,
    4.0,
    4.0,
    4.0,
    4.0,
    4.0,
    4.0,
    4.0,
    4.0,
    4.0,
    4.0,
    4.0,
    4.0,
    4.0,
    4.0,
    4.0,
    4.0,
    4.0,
    4.0,
    4.0,
    4.0,
    4.0,
    4.0,
    4.0,
    4.0,
    4.0,
    4.0,
    4.0,
    4.0,
    4.0,
    4.0,
    4.0,
    4.0,
    4.0,
    4.0,
    4.0,
    4.0,
    4.0,
    4.0,
    4.0,
    4.0,
    4.0,
    4.0,
    4.0,
    4.0,
    4.0,
    4.0,
    4.0,
    4.0,
    4.0,
    4.0,
    4.0,
    4.0,
    4.0,
    4.0,
    4.0,
    4.0,
    4.0,
    4.0,
    4.0,
    4.0,
    4.0,
    4.0,
    4.0,
    4.0,
    4.0,
    4.0,
    4.0,
    4.0,
    4.0,
    4.0,
    4.0,
    4.0,
    4.0,
    4.0,
    4.0,
    4.0,
    4.0,
    4.0,
    4.0,
    4.0,
    4.0
  ],
  "phases": [
    0.5167272420212446,
    0.28451837328702856,
    0.0,
    6.262476196385546,
    0.034426097338766296,
    0.14166008358174326,
    0.27198800747081325,
    0.36688693789298776,
    0.30791195159366735,
    0.0,
    0.0,
    0.21930024636527143,
    0.3159118423241746,
    0.3869898085079461,
    0.4900935782669393,
    0.6111467623241301,
    0.7209995495166368,
    0.7972246190257956,
    0.8307669412982222,
    0.830542053143759,
    0.8178815474581841,
    0.814829506537231,
    0.8357899696580376,
    0.8825625729906639,
    0.9478912197396171,
    1.0201659267918186,
    1.0857175864786683,
    1.1327932493068225,
    1.1533028069246167,
    1.1463757983266787,
    1.123186971443063,
    1.1037031209603223,
    1.1014116706785237,
    1.1174256957426825,
    1.1436205089897369,
    1.1617384125239714,
    1.1566512887736686,
    1.1234202733173413,
    1.0715335628387694,
    1.0202063280771867,
    0.9859226470048588,
    0.9697789856002048,
    0.9577078493659003,
    0.9311345468084576,
    0.8771308615009258,
    0.8007499248624937,
    0.7184283411684891,
    0.616373664638145,
    0.3957202057764184,
    0.0,
    0.2641763372106105,
    0.2628935675187936,
    0.0,
    0.0,
    0.0,
    0.06295853115040033,
    0.04086395595358564,
    0.0,
    0.0,
    6.198712582935682,
    6.115562268581177,
    6.0269224577474425,
    5.961221439344348,
    6.019855496892716,
    0.0,
    0.0,
    0.0,
    6.0892170849554486,
    6.0689808844410775,
    0.0,
    0.0,
    5.934702982927353,
    5.842568430638894,
    5.896753216280128,
    5.963586293499596,
    6.012089411069691,
    6.09925319591708,
    0.0,
    0.0,
    0.0,
    6.255626914524888,
    0.0,
    0.0,
    0.0723766624973563,
    0.14522564140309718,
    0.22971011143282252,
    0.3337912781317368,
    0.4410454199860463,
    0.5207504256730164,
    0.5471492042676918,
    0.5245970154920219,
    0.49379194787379105,
    0.5050187294618819,
    0.583092873361828,
    0.7161663193504912,
    0.864110498300354,
    0.9593777860561636,
    0.9260827450069283,
    0.7514730270449784,
    0.5228600220499635
  ],
  "theta": 0.30184655839551394,
  "fidelity": 0.9978882424172124,
  "objective": 0.0025194181275921754,
  "iterations": 99,
  "success": true,
  "message": "CONVERGENCE: RELATIVE REDUCTION OF F <= FACTR*EPSMCH",
  "evo_time": 8.3,
  "num_tslots": 100,
  "phase_smoothness_cost": 0.0067315232328824925,
  "phase_curvature_cost": 0.017017265623788122,
  "amplitude_smoothness_cost": 0.0,
  "amplitude_curvature_cost": 0.0
}