{
  "ctrl_x": [
    0.8636255955717497,
    0.8678607431183915,
    0.8793657157629898,
    0.918257571035129,
    0.9403710772758328,
    0.9606666329689398,
    0.9723559102601445,
    0.9829648448859396,
    0.9888102460937495,
    0.98957474850628,
    0.9907871390419901,
    0.982878065152474,
    0.9675579907879588,
    0.9322667887838058,
    0.9125286476532084,
    0.8768221869846865,
    0.8751385117220682,
    0.8550574254317409,
    0.8570810124131905,
    0.8470673100802388,
    0.8506872921947233,
    0.8441416208992586,
    0.8053274584100738,
    0.7940747775184083,
    0.7924412619060659,
    0.8304587248357339,
    0.8300189870700306,
    0.8292320562396662,
    0.8246131171530386,
    0.8403386327070022,
    0.8503137467271953,
    0.8373817052363888,
    0.8478561173029653,
    0.8569045180966448,
    0.8747942827142849,
    0.8595049358386964,
    0.8506785125840245,
    0.844945372165794,
    0.8397217663986825,
    0.8107607222471115,
    0.8101324633693792,
    0.84714008274006,
    0.8934867235418767,
    0.9250527428147335,
    0.942852592153288,
    0.9646090854435685,
    0.9841126423267157,
    0.9943732178556348,
    1.0,
    0.9988266004500951,
    0.9998420818009889,
    0.9998935098510443,
    0.9999867160026868,
    0.9936131986629979,
    0.983656612231446,
    0.9597340763294254,
    0.9256150907087232,
    0.8917618164870122,
    0.8511139070896012,
    0.8156974883914635,
    0.8025618632776361,
    0.7984337587018688,
    0.8180846734771656,
    0.8370062996654439,
    0.8505363829819695,
    0.847560215592552,
    0.8563442291772275,
    0.860645492267828,
    0.867424834644681,
    0.863762378836483,
    0.8497479262099119,
    0.8324767682907798,
    0.8351577050213794,
    0.8222633729726737,
    0.82531099248318,
    0.8064913371466015,
    0.8020362318156559,
    0.7898469026035273,
    0.8040572701158669,
    0.8002184452602563,
    0.8204274085293054,
    0.823442637125089,
    0.8475846493590927,
    0.8731612706677285,
    0.8942641942738755,
    0.9258702416939211,
    0.9439321819724251,
    0.96637154896092,
    0.985158463611999,
    0.990495134480844,
    0.9924746111533269,
    0.9844348300362356,
    0.9846691949210301,
    0.9808447709123543,
    0.9801445246367833,
    0.9693601428551801,
    0.9565130370761452,
    0.9290730733922025,
    0.9045850252797194,
    0.872038618154628
  ],
  "ctrl_y": [
    -0.5454751677931514,
    -0.5388794267744366,
    -0.5296563210083095,
    -0.4445906475995152,
    -0.3859619572158913,
    -0.3014231947100538,
    -0.2216713816353636,
    -0.1396947248446789,
    -0.041287980594043976,
    0.044514918951149965,
    0.13908117597192735,
    0.23345943495374852,
    0.32099025801578057,
    0.40895965128085476,
    0.4721332300827267,
    0.5236969644325409,
    0.5204178034272147,
    0.5431669931156665,
    0.5213280885441072,
    0.5341325679117314,
    0.5374175329762053,
    0.5614234275638398,
    0.6117725975981014,
    0.6261920070361491,
    0.6339207947615503,
    0.5918048368828773,
    0.5909411664102417,
    0.5846296534767318,
    0.5895547840177656,
    0.5755353866614924,
    0.5696872477919136,
    0.5939364615178769,
    0.5883571732749809,
    0.5821602154104978,
    0.569224591036573,
    0.6031617259396518,
    0.6204872394490781,
    0.6332345331720558,
    0.6394201787170672,
    0.6711659292646721,
    0.6676136105553752,
    0.6340545773691069,
    0.5671669186598308,
    0.5080580433586239,
    0.4520059056814198,
    0.3776825200292856,
    0.28973050385038934,
    0.20881948192504715,
    0.11136733704978292,
    0.01489477973831419,
    -0.06214890356655272,
    -0.13633553068102214,
    -0.18195644761485305,
    -0.25498028082521534,
    -0.3219204577342682,
    -0.4132236768446458,
    -0.5060266867170167,
    -0.5813361324999703,
    -0.6350070604386693,
    -0.6710017349022621,
    -0.6884036253264298,
    -0.6904001603487108,
    -0.6663589349453315,
    -0.6468807290211555,
    -0.6314496282667452,
    -0.6373599762447989,
    -0.6308832060677724,
    -0.6340194833344895,
    -0.6255280489198572,
    -0.6264791140724895,
    -0.639554781027905,
    -0.6647783225048499,
    -0.6561876484061119,
    -0.6669764739811364,
    -0.6518930048122622,
    -0.6721672775855875,
    -0.6686548783852352,
    -0.672455743627992,
    -0.657999746803013,
    -0.6492549574423204,
    -0.6221739118494533,
    -0.6196361919904606,
    -0.5961619317849373,
    -0.5630087030360903,
    -0.5330953096395755,
    -0.4730966742659861,
    -0.411525018071762,
    -0.32752307888884885,
    -0.2275117909596228,
    -0.1497270540529532,
    -0.06194211663012961,
    0.017126907168977242,
    0.09004726377844696,
    0.18529005229741732,
    0.23201202036973098,
    0.2953884262847468,
    0.3623443793350434,
    0.43119455641942467,
    0.4978515859841682,
    0.5419015414845895
  ],
  "amplitudes": [
    1.0214657742703013,
    1.0215543578521664,
    1.026557295256048,
    1.0202243923256742,
    1.0164961364387137,
    1.0068447358004584,
    0.9973034731985871,
    0.9928416300856193,
    0.9896718648731586,
    0.9905754695582234,
    1.0005012385803158,
    1.0102240339285116,
    1.0194131700535702,
    1.0180222796407883,
    1.0274328784578302,
    1.0213107549342983,
    1.0181856927020354,
    1.0129923904927773,
    1.0031803615224293,
    1.001409320862629,
    1.0062238686553908,
    1.0137905805204337,
    1.0113446625365448,
    1.0112720613004544,
    1.0147998460792127,
    1.0197522535467927,
    1.0188930174729125,
    1.0146022052113766,
    1.0136871491437016,
    1.0185332586221558,
    1.0235121045546878,
    1.0266297485388678,
    1.0320000770310946,
    1.0359516733618612,
    1.0436865775271587,
    1.050025143684465,
    1.0529284620007695,
    1.0558970858687051,
    1.0554576305632972,
    1.0525191938128107,
    1.04977261404731,
    1.0581453240777245,
    1.0582990308829,
    1.0553888157501266,
    1.0456004730780561,
    1.0359125318558269,
    1.0258759465201779,
    1.0160628289727043,
    1.0061822318852387,
    0.9989376518232491,
    1.0017717677967672,
    1.0091453849512053,
    1.0164062086638663,
    1.0258080386539286,
    1.0349942569379242,
    1.044913060676774,
    1.0549058269900302,
    1.0645143664104486,
    1.0618987002762015,
    1.056222382270887,
    1.057357600696303,
    1.0555324952100336,
    1.055128789844973,
    1.0578441393979456,
    1.0593114611927232,
    1.060465019872916,
    1.0636442349505268,
    1.0689674310327069,
    1.0694443341024513,
    1.067033986085875,
    1.0635327244771067,
    1.065339282959294,
    1.0621066905811867,
    1.0587609132267342,
    1.0517141836243968,
    1.0498748144180494,
    1.0442037461786038,
    1.0373306400037847,
    1.038976304070025,
    1.0304763752256387,
    1.0296608709920771,
    1.0305371352163686,
    1.0362474543943279,
    1.0389366700085538,
    1.0411047297558582,
    1.0397385092685065,
    1.0297382214243518,
    1.0203652962767593,
    1.01108793556842,
    1.0017478735418415,
    0.9944056916553565,
    0.9845838032070438,
    0.9887779999273926,
    0.9981928010692567,
    1.0072302948042768,
    1.0133673612955938,
    1.0228443866651118,
    1.024258522633899,
    1.0325358442336334,
    1.026697926469323
  ],