{
  "ctrl_x": [
    1.374384115265919,
    1.2393150301377625,
    1.1020215182593296,
    0.8920912503363917,
    0.6130251102805084,
    0.2924559605697604,
    0.020198368098374584,
    -0.148903204976604
  ],
  "ctrl_y": [
    -0.12704672314267662,
    0.18535132981198013,
    0.546332945007699,
    0.8879996839357047,
    1.131314357457827,
    1.1652953499531402,
    1.0584761076361644,
    0.9440519300450217
  ],
  "amplitudes": [
    1.3802436618787912,
    1.253098902476749,
    1.2300126477022029,
    1.2587176957509807,
    1.2867291716692544,
    1.2014340354323216,
    1.0586688077536064,
    0.9557228735747801
  ],
  "phases": [
    6.191008239992151,
    0.14845910786813105,
    0.4602460405523029,
    0.7830996520593753,
    1.074216515789333,
    1.3249034887426316,
    1.5517161446361754,
    1.727235293363982
  ],
  "target_theta": 0.0,
  "optimized_theta": 1.569222700368655,
  "fid_err": 0.400022662134518,
  "probe_fidelity": 0.599977337865482,
  "objective": 0.40016971661938894,
  "num_iter": 8,
  "num_fid_func_calls": 20,
  "wall_time": 3.7666590930002712,
  "termination_reason": "STOP: TOTAL NO. OF ITERATIONS REACHED LIMIT",
  "evo_time": 8.5,
  "num_tslots": 8,
  "control_smoothness_cost": 0.11343176059082438,
  "control_curvature_cost": 0.016811362140076735,
  "success": false,
  "gate_time_ns": 90.18780108540736,
  "gate_time_us": 0.09018780108540736,
  "slot_duration_ns": 11.27347513567592,
  "slot_midpoints_ns": [
    5.63673756783796,
    16.910212703513878,
    28.1836878391898,
    39.45716297486572,
    50.73063811054164,
    62.00411324621756,
    73.27758838189348,
    84.5510635175694
  ],
  "omega_max_hz": 15000000.0,
  "omega_max_mhz": 15.0,
  "effective_rabi_hz_reference": 15000000.0,
  "effective_rabi_sequence_hz": [
    644571.3714968865,
    585194.9916518523,
    574413.7511261759,
    587818.958265109,
    600900.2684344429,
    561067.5892744341,
    494396.47811593494,
    446320.90724654926
  ],
  "effective_rabi_sequence_mhz": [
    0.6445713714968865,
    0.5851949916518523,
    0.5744137511261759,
    0.587818958265109,
    0.6009002684344429,
    0.5610675892744341,
    0.49439647811593496,
    0.44632090724654927
  ],
  "effective_rabi_fraction": [
    0.0429714247664591,
    0.03901299944345682,
    0.03829425007507839,
    0.03918793055100726,
    0.040060017895629525,
    0.03740450595162894,
    0.032959765207728996,
    0.02975472714976995
  ],
  "dimensionless_gate_time": 8.5,
  "physical_time_from_dimensionless_ns": 90.18780108540736
}