{
  "ctrl_x": [
    0.04104807608080509,
    0.128611682800733,
    0.22331903783169496,
    0.324795962092149,
    0.43264166345098415,
    0.5464305206190421,
    0.6657134572292505,
    0.7900197141463753,
    0.9188587073495027,
    1.051721964054643,
    1.188085129436359,
    1.3274100360290721,
    1.469146827640328,
    1.6127361293946587,
    1.7576112553428676,
    1.903200444925075,
    2.0489291194604995,
    2.194222149758923,
    2.3385061259045514,
    2.4812116202540744,
    2.6217754347185123,
    2.7596428234589894,
    2.8942696822253553,
    3.0251246956965043,
    3.1516914343484816,
    3.273470392574638,
    3.3899809600143684,
    3.500763318310868,
    3.605380255811663,
    3.7034188930510354,
    3.794492312203765,
    3.8782410840803823,
    3.9543346866369906,
    4.022472809401825,
    4.082386538670624,
    4.1338394187930705,
    4.176628385362554,
    4.2105845666255535,
    4.235573949948757,
    4.251497910712839,
    4.258293601546197,
    4.255934200362164,
    4.244429016220739,
    4.223823452597387,
    4.194198828203118,
    4.155672056063789,
    4.1083951821242,
    4.052554785198579,
    3.9883712406349785,
    3.9160978505997237,
    3.8360198444142766,
    3.748453252889277,
    3.6537436610988303,
    3.5522648445164076,
    3.4444172938956785,
    3.3306266347171474,
    3.2113419474387883,
    3.087033995179648,
    2.958193365830823,
    2.8253285359265035,
    2.688963863915391,
    2.5496375207530497,
    2.4078993659813683,
    2.264308777678031,
    2.1194324448397954,
    1.973842130912283,
    1.8281124172927854,
    1.6828184357111202,
    1.538533598438511,
    1.395827335281617,
    1.255262846293611,
    1.1173948790707142,
    0.9827675394067652,
    0.8519121439459165,
    0.7253451233081261,
    0.603565983963185,
    0.48705533689628083,
    0.3762730008458385,
    0.27165618759847604,
    0.1736177765036649,
    0.08254468501717846,
    -0.0012036582956049795,
    -0.07729673227021339,
    -0.14543422756955968,
    -0.2053472318777902,
    -0.2567992911849167,
    -0.2995873429729878,
    -0.3335425176217409,
    -0.3585308048703554,
    -0.3744535827054397,
    -0.38124800658792335,
    -0.3788872574824974,
    -0.36738064771123824,
    -0.34677358421290644,
    -0.3171473893537294,
    -0.27861897999597207,
    -0.23134040609149284,
    -0.17549825062076602,
    -0.11131257468344535,
    -0.03903958977597946
  ],
  "ctrl_y": [
    0.061740485048522156,
    0.18877882722651565,
    0.3200541209994158,
    0.45504656111328123,
    0.5932231972935731,
    0.7340387061773536,
    0.8769373501453063,
    1.0213551705735868,
    1.1667222135295667,
    1.3124647791284303,
    1.4580076856724824,
    1.6027765396383835,
    1.7462000025530107,
    1.8877120458118894,
    2.0267541845413803,
    2.16277768168819,
    2.295245713638242,
    2.4236354888173164,
    2.547440310913181,
    2.66617157857574,
    2.7793607137039387,
    2.8865610107089905,
    2.987349399455742,
    3.0813281149250225,
    3.1681262670069783,
    3.2474013042309986,
    3.318840365654735,
    3.3821615155778066,
    3.4371148562067737,
    3.4834835138806377,
    3.521084494964749,
    3.5497694080350453,
    3.5694250495032156,
    3.5799738503708363,
    3.5813741823503222,
    3.5736205221438198,
    3.556743473232403,
    3.5308096450893025,
    3.4959213902938795,
    3.452216400584245,
    3.399867163442092,
    3.33908028135519,
    3.270095656443234,
    3.1931855436657286,
    3.1086534763478664,
    3.016833068265121,
    2.918086697014209,
    2.812804073866086,
    2.701400705745789,
    2.5843162554080528,
    2.4620128062812103,
    2.334973038826397,
    2.2036983256096465,
    2.0687067526045104,
    1.9305310745340447,
    1.7897166123219261,
    1.646819100949817,
    1.502402496215296,
    1.3570367490452717,
    1.2112955561494128,
    1.0657540958902278,
    0.9209867583055836,
    0.777564878242352,
    0.6360544805471446,
    0.4970140462135701,
    0.3609923083012675,
    0.22852608632613966,
    0.10013816766782171,
    -0.023664755643932507,
    -0.1423940866214817,
    -0.25558125159831807,
    -0.3627795494843749,
    -0.4635659147000006,
    -0.5575425868303093,
    -0.6443386804112633,
    -0.7236116486515206,
    -0.7950486353139226,
    -0.8583677094210556,
    -0.9133189779120648,
    -0.9596855718598823,
    -0.9972845023561636,
    -1.0259673826869389,
    -1.0456210139480815,
    -1.0561678317902579,
    -1.0575662125296996,
    -1.0498106374170981,
    -1.032931714416373,
    -1.0069960574070995,
    -0.9721060232879531,
    -0.9283993080179859,
    -0.8760484031908401,
    -0.8152599152858144,
    -0.7462737502830146,
    -0.669362166860203,
    -0.5848287019080077,
    -0.4930069726042476,
    -0.39425935977449783,
    -0.28897557773579463,
    -0.17757092324577037,
    -0.06048840433844555
  ],
  "amplitudes": [
    0.07414062343926135,
    0.22842594108781736,
    0.3902640555147024,
    0.5590704694154287,
    0.7342292358390834,
    0.9150951513534101,
    1.100996604543353,
    1.2912387591755914,
    1.4851067462022154,
    1.6818688671021873,
    1.880779808023214,
    2.0810838617811376,
    2.282018152881737,
    2.4828158592529923,
    2.6827094232256923,
    2.8809337434192313,
    3.076729338526205,
    3.2693454735080265,
    3.4580432383876514,
    3.642098569628354,
    3.8208052040079603,
    3.9934775549155166,
    4.15945350110774,
    4.31809707815147,
    4.468801063041983,
    4.61098944281853,
    4.744119758391349,
    4.867685315248561,
    4.98121725321772,
    5.084286468019436,
    5.176505377960563,
    5.257529529776362,
    5.327059038340152,
    5.3848398557167885,
    5.430664865845117,
    5.4643748019928955,
    5.485858985044869,
    5.495055881659526,
    5.491953482377541,
    5.4765895008899905,
    5.449051396896625,
    5.409476226322414,
    5.3580503241408115,
    5.295008826714787,
    5.2206350424550925,
    5.135259681781184,
    5.0392599599338626,
    4.933058589252063,
    4.8171226812411625,
    4.69196258333739,
    4.558130680995534,
    4.41622020297249,
    4.266864076967375,
    4.110733894800133,
    3.948539062011316,
    3.781026227402865,
    3.6089791152946717,
    3.4332189193275706,
    3.2546054642467577,
    3.074039404475472,
    2.8924658086742507,
    2.7108795798054155,
    2.5303332777658993,
    2.3519480315036465,
    2.1769283062088145,
    2.0065812229802757,
    1.8423406803280475,
    1.6857952248695838,
    1.5387155858649901,
    1.4030716395908465,
    1.2810177943548249,
    1.1748107580787392,
    1.0866118873743633,
    1.0181394978744127,
    0.9702050726423814,
    0.9422874906638735,
    0.9323761224493473,
    0.9372174218089856,
    0.9528633898281943,
    0.9752638254103891,
    1.0006947604861165,
    1.0259680887487586,
    1.0484741721327555,
    1.066133951929723,
    1.0773178637358078,
    1.0807628094948352,
    1.075500117488028,
    1.060797657753302,
    1.036115079782986,
    1.0010698081199005,
    0.9554113497653699,
    0.8990018261129626,
    0.8318010884064796,
    0.7538551778237329,
    0.6652872140281153,
    0.5662900414543781,
    0.45712014422947245,
    0.33809247329493375,
    0.2095755760221426,
    0.07199261510243977
  ],