{
  "ctrl_x": [
    25.316677462074747,
    -1.8169044966214691,
    -11.967230137747439,
    -9.673257220070626,
    -10.89532602602975,
    -3.690695280087639,
    1.1876459393969192,
    10.819009416125413,
    7.390354388305394,
    -6.042068061721443,
    -20.987657028596985,
    -29.909030258156292,
    -37.18516307686188,
    -33.602730949121266,
    -37.37641551567523,
    -37.28803450755408,
    -24.555080971628808,
    -14.336879372628253,
    -0.6940678449876462,
    -3.724941878721924,
    -1.741205347371746,
    -7.602423917886521,
    -14.47285976895785,
    0.223676426212325
  ],
  "ctrl_y": [
    -7.269363545217974,
    -9.517441552877223,
    -11.987414509784221,
    -9.905741276205031,
    -11.065788131108043,
    -15.085458467288815,
    -19.106963794678094,
    -29.03188401392159,
    -30.396086588574228,
    -32.306737984801096,
    -34.081731089267585,
    -35.566788544720445,
    -38.34904465235233,
    -35.72049051403767,
    -31.18534153413907,
    -12.955184139874692,
    -8.085246893931613,
    -14.474270754022545,
    -9.7461777522197,
    -15.922106112746324,
    -20.437622344606456,
    -15.916103562080831,
    -7.926687574839872,
    15.69877289601778
  ],
  "amplitudes": [
    26.33966218597474,
    9.68931554147543,
    16.938497684245668,
    13.845418573548455,
    15.529320531692713,
    15.530366667234775,
    19.143838913042117,
    30.982273224281112,
    31.281614694335182,
    32.86688159349871,
    40.025568597974534,
    46.470921428008786,
    53.41709069952168,
    49.041787995570544,
    48.677735808080755,
    39.474476735412274,
    25.85194806700412,
    20.372791266933596,
    9.770860297400022,
    16.352022965535802,
    20.51166017567747,
    17.638571428155263,
    16.501395268311086,
    15.70036628822352
  ],
  "phases": [
    6.003570484920651,
    4.52375601072473,
    3.9278334246550606,
    3.9388644136217774,
    3.9347526582405887,
    4.472449546847573,
    4.774466868000483,
    5.069106189751929,
    4.950896162061978,
    4.5275029168182135,
    4.16043006386866,
    4.013186600473485,
    3.942398266290903,
    3.9575303835633555,
    3.836935823396103,
    3.4759809497777634,
    3.459681591368143,
    3.931759468684945,
    4.641294639439075,
    4.4825743758193966,
    4.627398133702217,
    4.266775738553514,
    3.642663120810485,
    1.5565492710761721
  ],
  "target_theta": 0.0,
  "optimized_theta": 0.2671778191774153,
  "fid_err": 0.0016394682407516736,
  "probe_fidelity": 0.9983605317592483,
  "phase_gate_fidelity": 0.9983605317592483,
  "fidelity_metric": "paper_eq7_special_state_phase_gate_fidelity",
  "objective": 0.0016394682407516736,
  "num_iter": 30,
  "num_fid_func_calls": 35,
  "wall_time": 0.5056960040001286,
  "termination_reason": "STOP: TOTAL NO. OF ITERATIONS REACHED LIMIT",
  "evo_time": 15.07964473723101,
  "num_tslots": 24,
  "control_smoothness_cost": 159.43219007001275,
  "control_curvature_cost": 150.96109571114607,
  "success": false,
  "gate_time_ns": 240.0,
  "gate_time_us": 0.24,
  "slot_duration_ns": 10.0,
  "slot_midpoints_ns": [
    5.0,
    15.0,
    25.0,
    35.0,
    45.0,
    55.0,
    65.0,
    75.0,
    85.0,
    95.0,
    105.0,
    115.0,
    125.0,
    135.0,
    145.0,
    155.0,
    165.0,
    175.0,
    185.0,
    195.0,
    205.0,
    215.0,
    225.0,
    235.0
  ],
  "omega_max_hz": 10000000.0,
  "omega_max_mhz": 10.0,
  "effective_rabi_hz_reference": 10000000.0,
  "effective_rabi_sequence_hz": [
    6695585.545035554,
    2463039.9821656034,
    4305794.032151383,
    3519528.22369074,
    3947578.877135007,
    3947844.8065142124,
    4866395.4077173555,
    7875744.923687673,
    7951838.018799233,
    8354815.477664081,
    10000000.0,
    10000000.0,
    10000000.0,
    10000000.0,
    10000000.0,
    10000000.0,
    6571607.812062644,
    5178797.121837847,
    2483768.793537105,
    4156711.191931303,
    5214097.827347102,
    4483753.931829821,
    4194681.877516762,
    3991058.99039087
  ],
  "effective_rabi_sequence_mhz": [
    6.695585545035554,
    2.4630399821656033,
    4.3057940321513835,
    3.51952822369074,
    3.9475788771350073,
    3.947844806514212,
    4.866395407717356,
    7.875744923687673,
    7.951838018799234,
    8.354815477664081,
    10.0,
    10.0,
    10.0,
    10.0,
    10.0,
    10.0,
    6.571607812062644,
    5.178797121837847,
    2.483768793537105,
    4.156711191931303,
    5.214097827347102,
    4.483753931829821,
    4.1946818775167625,
    3.99105899039087
  ],
  "effective_rabi_fraction": [
    0.6695585545035554,
    0.24630399821656032,
    0.4305794032151384,
    0.351952822369074,
    0.39475788771350073,
    0.39478448065142124,
    0.48663954077173555,
    0.7875744923687673,
    0.7951838018799233,
    0.8354815477664082,
    1.0,
    1.0,
    1.0,
    1.0,
    1.0,
    1.0,
    0.6571607812062644,
    0.5178797121837847,
    0.2483768793537105,
    0.4156711191931303,
    0.5214097827347102,
    0.44837539318298214,
    0.41946818775167627,
    0.399105899039087
  ],
  "dimensionless_gate_time": 15.07964473723101,
  "physical_time_from_dimensionless_ns": 240.00000000000003,
  "scan_stage": "coarse",
  "ensemble_size": 2,
  "omega_mode": "yb171_default_10mhz",
  "wall_clock_scan_s": 2.179763997000009
}