{
  "ctrl_x": [
    3.2401764071864774,
    3.786953608062314,
    15.394000450894701,
    18.56322974015077,
    28.394479733807756,
    30.111199706963227,
    19.892180820626095,
    -7.628931437944997,
    0.3530885699773414,
    -4.501242754919212,
    15.980700646041624,
    31.925520396363883
  ],
  "ctrl_y": [
    28.188390468604634,
    29.476591867285684,
    28.825260991122562,
    7.803132868513891,
    4.623115980914532,
    36.98578812156654,
    39.33884797499794,
    36.46471794134837,
    32.33591987577648,
    25.023935864534927,
    23.0638993367667,
    11.810157441811745
  ],
  "amplitudes": [
    28.374003953622907,
    29.718857409734795,
    32.67829434178715,
    20.136593081981367,
    28.76837987663898,
    47.69311135547811,
    44.08223925574203,
    37.25421116366523,
    32.33784757448902,
    25.42554920726532,
    28.059334378329478,
    34.03995698262599
  ],
  "phases": [
    1.456351416414869,
    1.4430229897118307,
    1.0802847221154914,
    0.39792910018437805,
    0.16140114441604886,
    0.8874993695881074,
    1.1026289735559727,
    1.7770356516066146,
    1.5598773692067214,
    1.7487705965369755,
    0.9648594359517257,
    0.3543169603881731
  ],
  "target_theta": 0.0,
  "optimized_theta": 0.0,
  "fid_err": 0.1229697110785114,
  "probe_fidelity": 0.8770302889214886,
  "phase_gate_fidelity": 0.8770302889214886,
  "fidelity_metric": "paper_eq7_special_state_phase_gate_fidelity",
  "objective": 0.1229697110785114,
  "num_iter": 30,
  "num_fid_func_calls": 48,
  "wall_time": 0.3655880469996191,
  "termination_reason": "STOP: TOTAL NO. OF ITERATIONS REACHED LIMIT",
  "evo_time": 7.539822368615505,
  "num_tslots": 12,
  "control_smoothness_cost": 325.79983762489235,
  "control_curvature_cost": 588.8313720680462,
  "success": false,
  "gate_time_ns": 120.0,
  "gate_time_us": 0.12,
  "slot_duration_ns": 10.0,
  "slot_midpoints_ns": [
    5.0,
    15.0,
    25.0,
    35.0,
    45.0,
    55.0,
    65.0,
    75.0,
    85.0,
    95.0,
    105.0,
    115.0
  ],
  "omega_max_hz": 10000000.0,
  "omega_max_mhz": 10.0,
  "effective_rabi_hz_reference": 10000000.0,
  "effective_rabi_sequence_hz": [
    7212718.575708213,
    7554582.541060381,
    8306876.287418497,
    5118755.153882317,
    7312969.585414121,
    10000000.0,
    10000000.0,
    9470081.886318173,
    8220334.157990988,
    6463216.519056352,
    7132729.050978506,
    8653013.175235916
  ],
  "effective_rabi_sequence_mhz": [
    7.212718575708213,
    7.55458254106038,
    8.306876287418497,
    5.118755153882317,
    7.312969585414121,
    10.0,
    10.0,
    9.470081886318173,
    8.220334157990989,
    6.463216519056352,
    7.132729050978506,
    8.653013175235916
  ],
  "effective_rabi_fraction": [
    0.7212718575708214,
    0.7554582541060381,
    0.8306876287418496,
    0.5118755153882317,
    0.7312969585414121,
    1.0,
    1.0,
    0.9470081886318172,
    0.8220334157990988,
    0.6463216519056352,
    0.7132729050978506,
    0.8653013175235915
  ],
  "dimensionless_gate_time": 7.539822368615505,
  "physical_time_from_dimensionless_ns": 120.00000000000001,
  "scan_stage": "coarse",
  "ensemble_size": 2,
  "omega_mode": "yb171_default_10mhz",
  "wall_clock_scan_s": 1.4130375300001106
}