{
  "ctrl_x": [
    0.2095240841615939,
    0.2643817450375512,
    0.3161859689916619,
    0.36113786956546,
    0.4077724303630226,
    0.4471115928993092,
    0.48037585816507256,
    0.5087235402500506,
    0.5307714929544602,
    0.5466319728182414,
    0.5607169171574408,
    0.5678204900392169,
    0.5688615277712192,
    0.561098351023767,
    0.5493040790083359,
    0.5392332689512835,
    0.5340973642555962,
    0.5246840227699691,
    0.509013054595315,
    0.48697898605281437,
    0.45905373702573526,
    0.4250859547782996,
    0.3855330754994063,
    0.34051444114598317,
    0.29022271560951396,
    0.28991249096449123,
    0.34561420409429666,
    0.37944144015573916,
    0.3990782025465089,
    0.43275315973960604,
    0.47160173410221196,
    0.5118184635339442,
    0.5517511295981079,
    0.5905405064651058,
    0.6174177810464051,
    0.6240536585624351,
    0.6218495833541712,
    0.630473356350198,
    0.6535438987120171,
    0.6858221173708409,
    0.7120726063371573,
    0.7290262114320627,
    0.7437369615776509,
    0.7574773948703636,
    0.7707221597654318,
    0.7782052028767406,
    0.7927063468875216,
    0.8038976529128147,
    0.8019600278280353,
    0.8000466445928788,
    0.7972896181707904,
    0.7998426400537113,
    0.8019283701592305,
    0.8016914395492365,
    0.8041431977749051,
    0.80303827157174,
    0.7876166320109979,
    0.7651767416516535,
    0.7381607710065761,
    0.7113732935648719,
    0.6843339917865654,
    0.6711403481733419,
    0.6733543676625898,
    0.6769298107196254,
    0.668636138651671,
    0.643345401581736,
    0.6121409453767185,
    0.5830995728289835,
    0.5474495420710379,
    0.5008169369365572,
    0.45107266702457827,
    0.3959463872188519,
    0.3473395972033819,
    0.2947434256739816,
    0.25260838171966904,
    0.30138292799960564,
    0.351821622934598,
    0.3974003855641052,
    0.4373048244458073,
    0.47107102876699286,
    0.49985124823848837,
    0.5204386915428408,
    0.5356976099918027,
    0.5452435055664703,
    0.5503499412846635,
    0.5528847688955068,
    0.5648318192049802,
    0.5731751283130975,
    0.5679692954277809,
    0.5626268975766908,
    0.5532551541371705,
    0.5378526779199874,
    0.5171888024709845,
    0.49050676951623723,
    0.455585396561697,
    0.4171758182618825,
    0.3735847504969769,
    0.32449661266916824,
    0.2725580418233371,
    0.21612871085105068
  ],
  "ctrl_y": [
    -0.6319613021598148,
    -0.6012609862821948,
    -0.5659951883448908,
    -0.5276054121498147,
    -0.4837118813499305,
    -0.434310726321848,
    -0.3818095142789988,
    -0.32726405535793723,
    -0.2742164468329486,
    -0.21630986221653214,
    -0.15975561946328426,
    -0.10188570616782343,
    -0.046208523025501436,
    0.009539326821636307,
    0.06047955752202418,
    0.11236163429612796,
    0.16598482504481568,
    0.22109943343863248,
    0.2769390485829656,
    0.3322943826660778,
    0.38577166072201685,
    0.4369602186365783,
    0.48515129869412177,
    0.529731055425867,
    0.5700765330381785,
    0.5796175337172009,
    0.5557273379615015,
    0.5343326001391241,
    0.520698797293199,
    0.48900649515202993,
    0.4471160243719758,
    0.4133235093555103,
    0.3737422125593442,
    0.3297653430181935,
    0.2997939101032774,
    0.30910162818079445,
    0.3351617586015366,
    0.34049369608978375,
    0.31797566129335436,
    0.26922282804795383,
    0.2239918498098849,
    0.20179615109853632,
    0.18649758496756585,
    0.1743946229226875,
    0.16215323301858203,
    0.14742067866014769,
    0.11292851983319716,
    0.05187079462876911,
    0.00873127474819168,
    -0.0048525703092994164,
    -0.008111668118727058,
    -0.0175728622549744,
    -0.04881002760908616,
    -0.07343926433631885,
    -0.08401388089141613,
    -0.10289949671224731,
    -0.13733834201198933,
    -0.1934063557390895,
    -0.2485188197347553,
    -0.29154072613843707,
    -0.3275810595408272,
    -0.33166455718093235,
    -0.30315290677374845,
    -0.268403187704206,
    -0.26113289552387203,
    -0.29454434385260186,
    -0.3341500696205927,
    -0.3640361636145648,
    -0.3988365742405402,
    -0.441876747336216,
    -0.4859502317650466,
    -0.5227180989010758,
    -0.561051745113138,
    -0.5964273599222102,
    -0.6160147427743861,
    -0.5839721857924561,
    -0.5435695211673034,
    -0.4982076005851171,
    -0.44977812324946953,
    -0.3982880587405699,
    -0.3435059480330893,
    -0.29056431746947553,
    -0.23699643830046624,
    -0.18445137155128413,
    -0.12970807642803586,
    -0.07307424869332667,
    -0.019119714815395542,
    0.036543677106694775,
    0.09380472638612868,
    0.14920059682266038,
    0.20716077425131085,
    0.26469944326971023,
    0.322343785002396,
    0.3781798024814592,
    0.42974509741561884,
    0.4795523244993398,
    0.526362089688406,
    0.5694598993641719,
    0.60693695137958,
    0.6395732909737369
  ],
  "amplitudes": [
    0.6657893279944366,
    0.6568199758945661,
    0.6483240857910222,
    0.6393653351285594,
    0.6326575211939358,
    0.6233254234372032,
    0.6136281205272416,
    0.6048978445439097,
    0.5974219927712688,
    0.5878745361038338,
    0.5830311476556308,
    0.57688890267511,
    0.5707351972486049,
    0.561179435009695,
    0.5526235138801605,
    0.5508154456853802,
    0.5592950533036503,
    0.5693665631357023,
    0.5794734906606956,
    0.5895490561509338,
    0.5996249725399333,
    0.6096165201343422,
    0.6196834150827533,
    0.6297341309724003,
    0.6397003034051103,
    0.6480784966419166,
    0.6544326185555783,
    0.6553526791574888,
    0.6560416520696962,
    0.6529951374746104,
    0.6498622429857075,
    0.6578711598787426,
    0.6664176996910737,
    0.6763750965492229,
    0.6863534839186572,
    0.6964099261994895,
    0.7064207731562195,
    0.7165421202862855,
    0.7267930576984409,
    0.736771951024984,
    0.74647153025219,
    0.756439623204106,
    0.7667633384659771,
    0.7772936949724596,
    0.7875952758440533,
    0.7920455758862917,
    0.800709811971526,
    0.8055693736073587,
    0.8020075569423718,
    0.8000613607486182,
    0.7973308813802418,
    0.8000356581652615,
    0.8034124281223434,
    0.8050481288673286,
    0.8085200150336954,
    0.8096040835078351,
    0.7995009563514917,
    0.7892410686253704,
    0.7788728571566599,
    0.7687964345616208,
    0.758697807354434,
    0.7486192259328226,
    0.7384495848300405,
    0.7281993132451356,
    0.7178193888686054,
    0.7075660225250537,
    0.69740433468265,
    0.6874063138003267,
    0.6773268148137346,
    0.6678867150639767,
    0.6630340705342136,
    0.6557497636068318,
    0.6598665444466064,
    0.6652813560004606,
    0.6657966339885049,
    0.6571568937999771,
    0.6474923001135889,
    0.6372894787514376,
    0.6273243735400318,
    0.6168802897474717,
    0.6065044160595093,
    0.5960570897500728,
    0.5857808814890055,
    0.5755977665258643,
    0.5654283712042524,
    0.5576929383619019,
    0.5651553304013238,
    0.5743388965177391,
    0.5756634843735585,
    0.58207374444224,
    0.5907680187414912,
    0.5994591715980299,
    0.609417568774516,
    0.6193681085963101,
    0.6262897910017682,
    0.6356147380884047,
    0.6454631013970001,
    0.6554255324730773,
    0.6653272496392363,
    0.6751041506176017
  ],