{
  "blockade_shift_dimensionless": 34.78260869565217,
  "blockade_shift_hz": 160000000.0,
  "derived_one_photon_rabi_hz": 267880570.4040515,
  "derived_one_photon_rabi_over_omega_ref": 58.23490660957641,
  "doppler_detuning_01_dimensionless": 0.002173913043478261,
  "doppler_detuning_01_hz": 10000.0,
  "doppler_detuning_11_dimensionless": 0.003260869565217391,
  "doppler_detuning_11_hz": 15000.0,
  "effective_rabi_hz": 4600000.0,
  "extra_rydberg_leakage_rate_dimensionless": 6e-05,
  "intermediate_detuning_dimensionless": 1695.6521739130435,
  "intermediate_detuning_hz": 7800000000.0,
  "leakage_reference_t_omega": 8.0,
  "omega_ref_rad_s": 28902652.4130261,
  "residual_common_detuning_dimensionless": 0.002173913043478261,
  "residual_common_detuning_hz": 10000.0,
  "residual_differential_detuning_dimensionless": 0.0010869565217391304,
  "residual_differential_detuning_hz": 5000.0,
  "rydberg_decay_rate_dimensionless": 0.0006178375120026993,
  "rydberg_dephasing_rate_dimensionless": 0.010176147256515045,
  "rydberg_lifetime_s": 5.6e-05,
  "rydberg_t2_star_s": 3.4e-06,
  "unwanted_mf_error_per_gate": 0.00048,
  "uv_pulse_area_fractional_error": 0.004
}